x,y,label
1.121607855973283,4.722691737800391,0
2.1378391150778757,1.2184818103833392,1
1.0305016775404157,4.436144209309151,0
1.2059609240286309,4.511068416718471,0
1.4895726289974571,4.602180506259821,0
2.2962501009248366,0.9081386599840324,1
-1.7410279978188703,2.3125399312545882,2
-1.5775426468723566,3.5353432856567584,2
-1.4353721270368809,3.435328600581266,2
-1.4096124276189401,2.917394259500144,2
-1.959324360423069,3.0716533970132276,2
1.4253135023367,4.3200106223468895,0
-1.6115016438771388,3.081095783446367,2
3.0900070897768286,0.3429979961998969,1
0.47116631449796886,4.166200387469696,0
-1.9327927516595693,3.0427749485432773,2
2.170693349907317,0.5715597707232789,1
1.7408824516692492,1.2731556206014414,1
2.3289623684690555,0.9437162377754761,1
2.142059786874758,0.7923200270521682,1
-1.2982598717347755,2.7861711421360527,2
-1.8776272318310254,3.5357594228984253,2
1.4757280624384623,0.8649195547295346,1
1.1124529676494972,4.713651700065561,0
-1.7045900467039616,2.929369456335959,2
-2.102150805279854,3.4689438379297552,2
-1.2541363415059583,3.09627300002567,2
2.0037779448549418,0.768912932133601,1
-1.8108186117170693,3.15704339587889,2
0.9745754970792284,4.915471208122584,0
-1.4481782919660722,3.016207239627931,2
1.5234846733778464,1.2558558599415024,1
2.7754803123677316,1.536225717606636,1
-1.4827283903558461,2.7148947311215665,2
2.0852117985153846,0.6285576107468522,1
-2.077912807297856,2.9881757041411348,2
-1.1107649363838616,3.252211741654376,2
-1.8574581914771449,3.7047780191531716,2
-1.7100038289103505,2.4849971834599307,2
-1.4137521330623601,3.390946599100521,2
1.6071274545630778,0.3454857860623055,1
-2.0006344193814587,2.5433999785284134,2
-1.2092989499466569,2.944847968670739,2
1.1904445960024002,3.834263473494325,0
-1.8646143347051578,3.0439789461912743,2
-1.380687365417526,2.5490429488945394,2
2.3951095511073763,-0.05592840742975147,1
0.8754047924788327,4.744156255396283,0
0.5096002809347495,4.432511731270494,0
1.584195440603703,4.157545274815297,0
2.383329299486145,0.6996169606629541,1
1.0029621670730098,4.2122657157150725,0
0.6152755736376315,3.8201853464532283,0
1.0451396100770696,4.643155632676806,0
0.8741270015847431,4.0372650533143215,0
0.7174742334543562,3.3992749403263693,0
0.6497939140192417,4.7389491120076945,0
1.8068760237042718,0.8444627289574821,1
1.315330616135396,4.048162344003104,0
1.2915580460196554,3.7767183543984046,0
-1.3414776853237553,2.741391761516001,2
0.6652442294644223,4.2562538825231,0
2.047298311000994,1.4800310498945726,1
1.4045994962256882,4.005857414279132,0
0.8428186241135918,3.866655200872884,0
0.49495551078546085,4.479134608711371,0
1.3072086548529822,4.23330273729943,0
1.8864320322388275,0.7985959787883395,1
1.59834389997885,4.341603628163544,0
0.6381479637810707,5.059791915378147,0
1.5327787774004844,0.814283215780416,1
-2.2628510301454696,2.352273623013018,2
1.5401897407712597,0.631151010184148,1
0.7459959461586168,4.642896250945458,0
1.7334583025556614,0.9520063800267647,1
2.4223924127740872,0.6476132666277196,1
-1.342174127744003,2.4048310196236575,2
0.15331117338937694,4.519797808184886,0
-1.2963219714141263,2.932060766153379,2
1.9867916084171227,0.7723631825440253,1
1.9117689879647508,0.9890536072334042,1
1.5392528331285482,4.107234765087263,0
2.320474348512817,1.1701701555293513,1
-1.4720684085075977,2.6154828417461555,2
1.0142969498396937,4.319232512027086,0
0.809958791506258,4.749321139570359,0
-1.6788720772832726,2.7789592819462015,2
2.07709495590037,0.9119569361498292,1
2.407673381326885,0.7432213235826803,1
-2.1770641990380346,2.3735831591652605,2
-1.2473012234867675,2.3105484039628754,2
2.1758085708571726,1.2384520641300558,1
2.0352651506286104,0.8756561907291514,1
-1.5674908894635753,3.2383847707050557,2
-2.1484767610632294,2.5502564289972653,2
2.8975728275973194,1.0079845048101088,1
1.704067384298427,1.383912984813532,1
0.9769963362182733,4.663167530046229,0
-1.4199157789186057,2.9948584452210842,2
2.034815700750606,0.8578035273254251,1
1.3162470879831427,4.711864278290783,0
-2.0346516503475023,3.0600936630706803,2
2.178341644038069,1.168654197380929,1
2.2451067497966672,1.1328580355184772,1
-1.5927097784109054,2.943088830171526,2
-1.7789959549600374,2.9433910158737704,2
-1.8784609766875988,3.080294570556417,2
2.54418878863171,0.7971213959055867,1
-1.3639663645900455,3.3998479760562925,2
0.8594432424227476,4.296742141091252,0
1.616321067145785,0.3760618046896623,1
1.7748245858011718,1.297565935353902,1
2.4930737695464655,0.5948350071422372,1
2.228124067287333,0.973444902231763,1
2.124915985135448,0.6521788425474253,1
-1.6697703418030319,2.8174369445103755,2
-0.9473566806884015,3.4062756690970013,2
-1.139413211860502,3.111839170481052,2
-2.082730040704958,3.2020915959568432,2
1.0572113257855782,3.808994638660535,0
-1.2910270277411442,3.015956188458582,2
-1.327332571586355,2.8772825813576333,2
-1.7303378771028561,2.7045024919252856,2
0.5285727214936569,3.9388095164015082,0
1.1770847479784625,3.961881203101162,0
1.3811434290624813,4.12452383344285,0
0.6797236192347602,4.422608876632588,0
2.0187998655640516,0.4678317838273073,1
1.9756278791394428,0.7604642468650504,1
1.4729245428814202,0.9642295791794031,1
1.3974188168642674,4.042735512404953,0
1.0432778837548642,4.611966247160379,0
-1.6643682340104589,3.132355848124031,2
1.0644363370429557,4.657305196413192,0
-1.2563736806787538,3.447868812800722,2
-1.419848957435772,2.913377623829885,2
1.8946744849780193,0.6078374092939527,1
1.6551252063228317,0.6373826498189139,1
0.8797853914503001,4.055382539401979,0
0.8105937546206274,4.232537592432673,0
1.8952021024797325,1.2207778826459985,1
-1.5867947961528297,3.1713796157892977,2
-1.7146839785552697,2.854557892762287,2
-1.8159022593589602,2.9856982470306397,2
0.8516870559801129,5.1928683947141,0
0.34726246315802867,4.022998717342606,0
1.8760042547572695,0.9952027909957322,1
-1.3918343373888031,3.669242622086484,2
-1.171905902237716,2.716083590112308,2
1.7955536678586546,0.8820335803284715,1
0.9375634025636225,4.152436134945934,0
1.333698738655002,4.551830673037039,0
-1.3667239822038002,2.7101008172311585,2
0.9202911528315301,4.012602204822397,0
0.903853791889105,4.611849946676664,0
2.1051734760529865,1.2083945892813148,1
-1.4669994197481746,2.5091864534113126,2
2.7309418977097875,0.805738007907155,1
0.9575804431258867,4.381445178001457,0
-0.7698876631085438,3.748114741444907,2
1.4258699418398315,0.6533080724397402,1
1.9562293144839324,1.1387341714402333,1
0.5506432752854438,4.3530224936061765,0
1.7641630387108111,0.403863643800694,1
2.6299371829910756,0.9551727340014127,1
-1.9760793575847253,2.762991142438217,2
0.852441765269369,4.340163214473328,0
0.8863656844803242,4.4065023166258275,0
0.7085963885035742,4.501187855770314,0
2.0126956255285817,1.1901953364215498,1
2.2095093931100585,1.743774408596896,1
1.3118807346229846,4.968409685455164,0
-1.8693459600272209,3.2539770404656663,2
1.3116258376577719,1.482993250513585,1
-1.8012078972098369,3.1928778274235428,2
0.9547008378130185,4.266230480746479,0
-0.9905052206680406,2.940682293537574,2
2.174520275243599,1.3635060080466088,1
2.397536270307741,1.2289526555579087,1
1.861809607937548,0.747818522375088,1
1.389752588997395,4.082621012146581,0
-1.6902595353815737,2.464320983186304,2
2.267683203823453,1.1952291155075885,1
0.44330124687003003,4.498724769651,0
0.9218424378243862,4.32001382328894,0
-1.3599419389838459,3.1892755105476245,2
0.9510447121000661,4.043938925458642,0
-1.7567141479847834,2.753817282245087,2
-2.0758081003789877,2.8625399024917297,2
-1.062927901718239,3.5876368303933033,2
0.4309705936823064,4.126325158030522,0
-1.1261416635943484,2.922964587141346,2
-1.1627750945559554,3.7019273671868054,2
-0.6354473459840927,2.9083372520683204,2
1.0542871154149906,3.548712596725329,0
-1.4442187108791604,2.7160974100658866,2
-1.683215892166945,2.8594288830265397,2
0.8639612694875121,4.162586552190515,0
0.2765264213481289,4.241357440950273,0
-1.5737814722280148,3.065231986537994,2
-1.6340143793399002,3.473201625172207,2
-1.707350431098271,3.053205681601092,2
1.1078446775651132,3.9840292489564026,0
1.2846659625313663,4.665333545530371,0
0.8259932514670278,4.887478540185204,0
-1.8403655845883833,3.0935101328908585,2
1.232313132198249,4.415664751545315,0
0.854675770790262,3.9863424450143023,0
1.440267864310025,4.184093530258972,0
0.5953770537277953,3.419289586279711,0
2.0556370566730906,0.5414611851669535,1
0.9182713879097159,4.626611607918027,0
0.8603559059856546,4.103685665730936,0
-1.588492796581154,3.1774144948075467,2
2.094614260615412,1.4642624148264451,1
1.038175097234674,4.06784456499882,0
-1.5033152327741819,2.8560228554957514,2
-1.4290097298711602,3.032519089632979,2
0.6541274073047509,4.24768715029837,0
0.21898713219517107,4.4117702898226785,0
1.8419583133814008,1.269508021035397,1
-1.2892018425620624,2.6399553505869138,2
1.198746924631533,1.1203167057427992,1
2.2742331691573168,0.25776528326559556,1
1.2523105579774898,4.351815998438116,0
2.468411153721236,0.5570293009296305,1
0.7568593681595328,4.793422236367947,0
0.5021654620371556,4.081591812878406,0
0.4938453630479688,3.6469324853354745,0
-1.236490966390771,2.7732727492239477,2
1.151146512835683,3.877247986956371,0
1.286644457029566,4.442737611282492,0
-1.4240947381172997,3.1964978429248845,2
1.8954024943534582,1.0156679014609953,1
0.9527236154234514,3.8423487730727333,0
2.6836086878679977,0.6543004251635378,1
-1.8726792875782345,3.2866772161667672,2
-1.9321530747973936,2.9885125799970527,2
1.804584484573465,1.0355219735008758,1
-1.1992929456603156,3.1362507516649334,2
2.189989292643591,0.7415808152209531,1
-1.7483276636505807,2.9601893953601337,2
0.6034682420120665,3.546505972962663,0
-1.8584093115818903,3.241948361692532,2
0.5568376421973876,4.677634556270536,0
0.43092662832070827,3.999334410884029,0
-1.1071053817369743,2.997768457598979,2
1.2190906819880414,4.247936624097196,0
2.3816109427318586,0.4871236096338352,1
2.351027098545306,1.3051323192301925,1
2.52098812863769,1.3176720458453959,1
-1.5261128923185547,2.6181010699137826,2
-1.5678886647617922,2.827794634695772,2
-0.9307342367423259,2.88143432786409,2
-1.6007336616801733,2.938691591820113,2
-1.3766085524765512,3.041431829867863,2
-1.3624131534741966,3.4742788976751457,2
-1.087238948642362,3.182146159330664,2
-1.5409142920790493,2.8289212071342766,2
1.2371966885151229,4.462697538298824,0
-1.8766380029865877,3.0218582399132146,2
-1.7734241920355835,3.9121474166768935,2
2.494180349266254,0.8530348257460859,1
1.1425295293679227,4.445856709519476,0
0.9608211769497629,4.870248090929581,0
2.09207400479056,1.107193870586282,1
0.8761843755266845,4.82770617518068,0
0.6549684091098291,4.392161146925296,0
1.8593093944523897,1.2473492699688582,1
-0.8236380934459019,3.2087814180019336,2
1.166800927820775,4.049505074819174,0
-1.2914869067039214,2.7685669662845163,2
0.9985198467168246,4.186298488097185,0
-1.6257116763967419,3.0795714341744644,2
-1.4589128340312043,2.9110372406064156,2
1.8198738615288028,0.7002926102779892,1
-1.7608141002226256,2.872423985408746,2
0.07314433932580544,4.202988173439264,0
1.3340437026515335,4.157687017728694,0
0.9939759803435615,3.949475482137903,0
-1.3025963232595028,2.581127213364004,2
2.303042945417651,1.168939502034815,1
-1.5830738557685238,3.1067499240662646,2
1.8051995114755106,0.819219805395891,1
1.201965057173083,4.445422475240299,0
-1.9190885150958905,2.7258932156214892,2
0.5551348691649035,4.71609825974857,0
-1.2302751600081827,3.168942935332808,2
2.2279593252678316,1.644231177152792,1
0.3909144728966869,4.521513646229726,0
-1.9915015396306486,2.9540605144830274,2
1.7818674875624014,1.0897084752804294,1
-1.848723475253665,3.148608320203664,2
-1.4422748381080308,2.7702770407693054,2
-1.3698829535249262,2.9805521381364706,2
1.8098603206450967,3.880642289499101,0
-1.4511030390070623,2.4800635765231185,2
1.4896658882130671,4.10984222381815,0
2.5175048697308022,0.8932396036662507,1
1.7023483057851923,0.7349889207012551,1
0.6916791205548886,4.091913224575996,0
2.368720172760662,1.0191353500925984,1
-1.5232233106670978,2.5958084208502825,2
0.9168546756806252,4.256840853479443,0
1.8838062861469302,1.1630239230152986,1
-1.8297939598374642,2.6575039838105177,2
-1.7188005609533967,2.8162287793156637,2
2.0794116908982816,0.5901735394988346,1
-1.277213221756386,2.8543537966754218,2
-1.9156454264712452,2.55461556738968,2
-1.11500628255111,2.861456725569283,2
-1.6000350331564344,2.9629258927504765,2
0.08272364300456758,4.532553835852516,0
1.8716805747248213,0.9927631452954666,1
2.2437595624753337,0.4628968069946117,1
0.9160049399846971,4.72707204663575,0
-1.3251125422440293,3.2810649492775044,2
0.9186093800270313,4.434156862894269,0
0.4343052107915337,4.762786821670873,0
1.0946489943362854,4.531910769043606,0
2.1569111966999635,0.8462381482542416,1
2.1676980263033414,0.6877707501202648,1
1.594568041174783,4.106103202282378,0
-1.5814920193709956,3.3701242354528973,2
0.9501362861585927,4.394338081528801,0
2.0877348789924466,0.8342687178248337,1
1.853847190660309,1.3168786876901524,1
0.33778024896825465,4.41004869401009,0
1.1632404883425151,4.415047111481753,0
-1.392760532605468,3.049507271577951,2
-1.35372096495369,2.75784093178059,2
0.9260172494457829,4.170078420315756,0
-2.1773280736266054,3.370184288329425,2
0.3092338223665205,4.104957325347872,0
0.6765640890981571,4.744743693479346,0
2.553109606764547,1.1444800378242297,1
-1.4371201463156547,3.247494223023357,2
2.2260827309086215,1.0927642520422045,1
2.7091761854989773,0.9164337807107658,1
0.8112054394547681,4.501106363960682,0
-1.57810889772122,3.04942795147138,2
1.2192319306836998,4.228814917780308,0
1.0197206320377656,4.05392102869947,0
1.3080164425777823,4.33831355459917,0
-1.3539278269567845,2.6911494788572536,2
2.3242572952272744,1.220728669677625,1
-0.9995254682095729,3.0154385425969936,2
-1.5618872691774481,3.071928199650067,2
-1.3337378691016664,2.877871717445557,2
2.2160642933134818,1.0591834262869737,1
0.41562574532041396,4.290519856033942,0
-1.1847364300734844,3.0044509959554135,2
-1.6341161790712113,2.6901545746804754,2
0.7084410628218198,4.27661341786977,0
0.5639552654205828,4.184409604110787,0
2.153760558969399,1.3309539424688674,1
2.29286225535018,1.0413963362166865,1
-1.329396400889564,2.5730809329259343,2
2.5822656456482656,0.6152554463283073,1
-1.4208675677468847,3.1666010819482397,2
2.6096797419277546,0.37009688496418847,1
-1.0529830190910534,3.092893087403733,2
1.291934039350418,4.8762057790469475,0
2.137971669461504,0.824633964542335,1
1.6638190094791894,1.4618177825433978,1
1.732456712730845,0.7122469721351656,1
-1.5924613056943913,2.824565920777975,2
-1.6579442230381805,1.94631824491898,2
2.384597799553525,1.4921154519382231,1
1.5234067463304322,3.979484433215612,0
-1.263021346024848,2.333586723974543,2
1.6697620459847158,1.1243313864998805,1
-2.1699552744305546,2.9525243959316416,2
-1.4990903833474893,2.762267084369729,2
0.756817720095754,4.252667637583071,0
-1.4417844666085156,3.158455191697533,2
2.415643065297856,0.8462542221540044,1
1.4991977541516572,4.23198193513036,0
1.9450694264933255,1.0839803132705421,1
0.8082582986600917,4.943858727734269,0
-1.418803017429612,3.0516174713909336,2
-1.5624266957473463,2.9989887628494856,2
-1.8842284361051713,2.992317222872309,2
1.9179167829501962,0.948446486721322,1
2.4580111230057016,0.4632686196267256,1
-1.7214852633860507,2.161698908058,2
-1.8219927975001884,2.5713327041998424,2
0.8721726370725235,4.380904957072682,0
1.9196399374600912,0.7055570129231336,1
-1.3414345023403693,3.7045621249298395,2
0.4405543930069792,4.418455440180564,0
2.2793254313299633,0.16444772050275358,1
-1.3370323376667164,2.9193465163451764,2
2.087961938781227,0.12124614004720291,1
2.0378200397837607,0.7652322457412697,1
1.9679484961984586,1.0709701277956767,1
1.9921847597791227,1.2425346488518338,1
-0.5956396553726744,3.305384265349148,2
0.40570065710837944,4.465761116882411,0
2.1316383353008614,1.0245547087777294,1
1.6212406441935026,0.732029077396955,1
-1.2412597405006112,2.6179578495037146,2
2.2683031819068757,1.1253278950208054,1
1.0523134181891607,3.727829524121893,0
-1.1969622050910995,3.495128255215717,2
-1.5942208202316326,2.7149195703719733,2
1.0299210427428434,4.54673237529665,0
-1.9281003949591253,2.9192074128779097,2
-1.6651691323159141,2.9796373576806743,2
1.8188176654423487,0.6678377442176258,1
2.6859625423399347,0.5493298609052201,1
2.0676745046549194,0.5200392977676005,1
1.1792883974604105,1.0936876858664484,1
0.411572024521914,4.466412167051512,0
1.283124269278567,3.7770489242464014,0
1.5841385439120477,4.481816048340405,0
1.9756367062176257,1.0130616168292599,1
-1.8066393334913085,2.5474269382257426,2
-1.1227256660681588,2.599796006237118,2
0.9103128998009712,3.89224508167001,0
-1.80100694993588,2.521267671388893,2
2.177208381167952,0.3311886031758764,1
-0.007463740643723793,4.2510585541410775,0
1.112897808774513,4.859773069332526,0
1.2170285654576591,4.321237370758328,0
1.3200845228765994,4.666893006304209,0
0.7707435811379127,4.0787893728114915,0
0.7186782712769342,3.9449707806764,0
-1.7803825092432892,3.6372252354204697,2
1.8293816521657826,1.3874508169031685e-06,1
1.029209532576728,5.334531837464425,0
2.546232086569077,1.1539790913398045,1
0.1606065383678943,4.105056176760557,0
0.8467126209666992,3.968047940024184,0
-1.219790548734795,2.694265183769051,2
1.2187299529607567,4.0310904312541105,0
-1.479658830104121,2.6558738394456465,2
-1.6585854868774055,2.1233300309428165,2
-1.4804303934875724,3.412723484470205,2
0.7618577950591816,4.418053816597303,0
0.7024416401307636,4.5225788572001955,0
1.4499818969453258,1.7136106240714626,1
1.3175886308346132,3.8541117005624685,0
1.9406682729138378,1.1536581785665372,1
1.4390466795944619,3.8772874989000154,0
0.6238088666016819,4.492436838943626,0
-1.2313951245793784,2.707399964949228,2
2.118972529754371,0.4572948125793983,1
1.4579410269487445,4.154995804591235,0
1.0484155083265057,4.084502861716637,0
1.4242042857663026,3.9936990587340566,0
-1.534116870422362,2.264227258350605,2
2.4887106439084885,-0.023055702731667904,1
1.0410378076189688,4.32913956485618,0
0.8104434167952675,3.8280252837945152,0
-1.273897666028978,2.5964132302029266,2
-1.3322683521299339,2.9051100911311947,2
-1.5874591918562715,3.6330376358619216,2
2.3618133687864846,0.9370321842054613,1
-1.4658837015469142,2.6688054654005344,2
-1.2811069074915669,2.010073676352463,2
0.6444540329832696,4.806081389404869,0
-1.5032011882026746,2.593516070632667,2
1.0664286683169084,3.787012362662327,0
1.0491663208733961,4.64561099021769,0
2.270166013345929,1.3835437463548892,1
-1.4455498127630386,3.1249074159723156,2
0.19240865801488727,4.444311996729991,0
1.8658152061950029,1.2180326667748174,1
0.8126474677662463,4.001914672544733,0
-1.710992686451616,3.162173393946411,2
1.8816517073748298,1.1216988259331768,1
0.9220624950481652,4.213574563569651,0
2.1377023387530922,0.5266761605552044,1
-2.4126829809952652,3.2236505784478253,2
1.4732224688152475,3.966000014625844,0
-1.9205868642553423,3.184079979995166,2
-1.6921184147075838,3.036381995828558,2
0.7174230298095354,4.843842435840747,0
-1.333335058286685,2.841629888751024,2
2.465458320354566,0.932671881065743,1
-1.549175153277964,3.145298859643206,2
0.6963003104472625,4.226760804511265,0
0.6547884017819584,4.942847340756083,0
1.9996571884975536,0.7177200185500321,1
-1.9340762395329096,3.3707050112990125,2
1.0766866493476663,3.4915793309216303,0
-1.8591206867664154,3.1924757603513747,2
1.2467132715323286,3.722227925558293,0
2.1519334106447854,0.8801631693983873,1
1.514248131827711,0.7455505856511891,1
1.566530352589847,1.035505525303149,1
1.9724433941853168,1.1804187971042734,1
-0.9408755324069306,3.1144657571154992,2
1.4107248056570918,4.249223032430394,0
-1.2909401790596944,2.7987991181094483,2
-2.410884984596759,2.7632926561782107,2
2.1074093180558022,0.38687951516867647,1
-1.6504450416232879,2.77769845597042,2
-1.612042075460122,2.259939750940184,2
1.1301407599631992,4.124093665601701,0
-0.8158233593620868,2.871183816317354,2
-1.0305399528582786,3.4645992595426116,2
-1.8479541323740651,2.9655060224651284,2
0.6498107597684628,3.8617134052625937,0
0.6054361276006499,4.191100391239381,0
1.103838515780672,4.818750012098208,0
-1.87398762149887,2.476031781991504,2
0.3616627409251013,3.7916234218162694,0
0.5211486872700763,4.022439686037358,0
0.6973987213392898,4.845610707930948,0
2.404513185995371,0.9886919132672385,1
2.229251243271064,1.3406459345614925,1
2.416283653332873,1.1673919419688983,1
0.8256084093864675,4.706070111626883,0
0.8382921286483345,4.080036990059996,0
1.9629609998125261,1.7137621382596155,1
0.7188605900177024,4.1942490428818315,0
-1.8313826899206715,2.9095763653538675,2
2.0174217194384823,0.5846807610958957,1
1.9401870282507105,1.0357841871322282,1
-2.105299989767934,2.5727808621703563,2
2.4087329077046276,0.7337920081987304,1
0.8987190391750948,4.452275743783694,0
2.082577262195943,0.6923842084037999,1
1.0375436891396002,3.5623296053242863,0
1.8608912859302327,1.5471035001779354,1
2.128929997918774,0.8648466190552384,1
-1.6043318112445488,3.1067606301389223,2
-1.726025568524224,2.978016410092981,2
-0.9497811032754172,2.728597986450918,2
0.8309390900089151,4.068004867490191,0
-1.5142298040852977,3.251586577970409,2
0.7155119526638039,4.6580785059712575,0
1.904232615937657,0.4517591566075951,1
-1.677902852491327,3.1018848553292893,2
0.9896146629797222,4.483238460663729,0
2.114563847984786,0.5778500988323033,1
0.9637512533954177,5.137048200375302,0
0.9998923685807775,4.309505656887902,0
1.4506750244545414,4.164435482385864,0
-1.225588240156911,3.5296311335917703,2
0.7933675890103138,4.196291225392851,0
-2.1513204244218738,2.8572582366609027,2
-1.5867811417513444,3.448200489433401,2
-1.83847090485044,2.627386693349657,2
0.7481203035707884,3.6826266421323623,0
2.094649882093035,0.8223091675193439,1
2.4825963989203537,0.9339544381065458,1
1.686159287852062,1.5249892694206997,1
-1.4069675021268961,3.3736881725119328,2
0.7479673185692384,4.121371068143001,0
-1.7741486128210358,2.8118612263246163,2
-1.8972656749938346,2.6660732297681595,2
2.124354431879991,1.3785105321887001,1
1.0622367044524867,3.615875976686583,0
1.9846052158444496,0.9303224473843694,1
0.6371739287331137,4.412166235582027,0
2.4151782237433888,0.5538797149572433,1
0.8077826601298235,4.7927601829082,0
2.019803830202457,1.2629035951104775,1
2.0468297285234094,0.4645609790694349,1
-1.7246928254938552,3.0773938531391245,2
-0.9703068534767971,2.950529344373926,2
0.7234635380972605,4.052019305915305,0
0.8740488643298229,5.002956529082731,0
-1.5243617750705933,3.170013990037182,2
2.40187385398423,1.2563627825306298,1
1.087276297748936,4.485801542548193,0
0.9242728500864688,4.706690339012235,0
1.41114294803296,3.8788112789726212,0
2.2232993603088227,0.42735630529361923,1
-1.7015688645680123,3.3026232811042444,2
3.058228097650468,0.6612334270341457,1
0.5626991183269701,4.186505372325264,0
1.228264384096603,3.9177701529140108,0
-1.929902900650772,2.941165427934896,2
-1.6224166765290031,3.2716790647976985,2
-1.7889554532851668,2.7962668505113486,2
1.7535205202762123,1.0764209904630648,1
1.891323296130254,0.5402305726963841,1
1.680240535964679,0.8558513625508238,1
-1.4057521050526438,2.8503606329625875,2
2.5456422930113862,0.7325171991231608,1
0.39813411615821037,4.474089749538011,0
0.7148219192355603,4.22428833981967,0
1.9492958671121619,0.41272970745147514,1
1.9391088122031124,1.1215004900242187,1
2.1018242308755157,0.4011142827826021,1
1.536656434457419,1.330947215429215,1
2.473382188686138,0.9381054517873563,1
0.5214816663626113,4.52266172773233,0
2.278978280772193,0.8111435397729233,1
-1.6491637774229368,2.9939683690862733,2
-1.359356452780538,2.827057977853806,2
-1.6125868124097245,2.770568253728812,2
2.343934154989366,0.014603509902134326,1
0.8040190412202096,4.779453453348985,0
1.817922092723823,1.0145985195480651,1
1.880589808786955,1.1871323530006648,1
1.2716661982217583,4.4238291157018175,0
2.040240557646157,0.6702898054044708,1
0.6197019385095406,4.350919035619001,0
2.5985856710901962,0.08548806166608802,1
1.4858028616893901,4.323209606353721,0
2.4992413193903396,0.8388681126590464,1
-1.9529743031377886,3.1780406496722735,2
2.1456844788679525,0.9023595366433378,1
0.6778650320367686,4.311823241911173,0
1.950223880885476,1.1638982711634487,1
-2.1263357879407074,3.049125286943103,2
1.5064574940496605,0.6761797403375293,1
2.0766520574914815,0.8356804771970275,1
1.9066196835746463,1.052876834699654,1
1.675608876385468,1.5284720869377868,1
2.0540146817382348,0.9487043482243666,1
0.5914340210071759,4.334237812453071,0
0.8983580902145829,3.9842096011337613,0
2.011249912839451,0.7128460386822673,1
1.3757241680970056,0.48090526435939984,1
-1.2807323654594496,3.2041478037868276,2
2.0614083581692344,1.1130089883983398,1
-1.155465947247096,2.897629146792216,2
1.0641194191494083,4.672952601261489,0
0.6507153026629826,4.241281145217825,0
2.3304032442070763,0.8048117051119752,1
-1.4321504851633002,2.672298526694826,2
-0.9291364548894081,2.8147748836976416,2
2.2197702422424976,0.4678106607993877,1
1.8761358285666065,0.5679154666014731,1
-1.615250159913492,3.927198154996891,2
0.7538694250297515,4.602277746344419,0
-1.5163221751916194,2.8486103988027955,2
1.706061852107315,1.2268146818889683,1
-1.6319523588235376,3.516306371640198,2
1.0143554233664698,3.7803935211072957,0
2.6469022605677974,0.613656187552758,1
0.45996390948551713,4.6575301280441215,0
1.8749838667605583,0.5092627572385604,1
1.7172254139428236,0.9128928735411775,1
0.8871692575600326,4.21921832125734,0
0.894967176031186,4.558912781033223,0
-1.5658304732180646,2.5184152036733978,2
2.120338824414163,0.924109627400082,1
2.0139117194669014,0.3843024547310564,1
0.8128741374280282,3.807870187854199,0
-1.4813726342173814,3.0790183355939122,2
-2.1531583258422407,3.2043735097444292,2
2.0182070760652113,0.949751411735323,1
2.287734629886279,1.3017424639197135,1
1.3141081095923968,4.470625067524332,0
-1.8571949328146165,2.636397226061053,2
2.4361778631484468,-0.14581654366542462,1
-1.4742769337965895,2.8437000363843055,2
2.6642966816525675,0.4865173219816821,1
-1.2640513863722733,3.1067817433900755,2
-1.573240029753569,2.9205954727020096,2
-1.6735265892764215,2.81394548341872,2
1.6190253401128518,1.0693677987806578,1
1.5682687636264445,1.3132573934268938,1
-1.7901497215351485,2.4555689625644987,2
-1.6243500577443664,3.0724251555413766,2
1.060124044496232,4.174356919242059,0
-1.6424878430264584,3.049747710063687,2
2.25908475682652,1.1932381547923132,1
1.63186170221738,0.7833587097650239,1
0.83269353607338,4.787550988385989,0
1.988657308355924,0.9773135520019375,1
1.3449739905671518,4.10659464535703,0
2.1541489859699996,0.5159935351574347,1
0.37075436271350926,4.089574539684998,0
2.0341396883024054,0.9017167186788869,1
0.43283188917578774,5.042341060925006,0
-1.2959159979429704,2.3175696272731887,2
-1.2008558943160048,3.0544252901453715,2
1.3542069456233734,3.539783752304414,0
0.8558013187829117,4.215338592233827,0
1.8683491275837205,0.14011355836656048,1
-1.9867381972075127,2.6972755678853564,2
1.2016365042717103,3.799440092971237,0
-0.7657464733241842,2.798483625114225,2
-1.461908203672574,2.172766405269247,2
-1.410906368885286,3.2339356111525484,2
0.9741954865048639,4.781908351389556,0
1.5934890768502479,3.8309207461078807,0
-1.3940129269680632,3.0257670502394354,2
2.178767812162638,0.8034182122625494,1
2.354775645555213,0.9081514714919166,1
-1.0871383753871637,2.7328146670905533,2
1.967137456108636,0.6329267696041317,1
0.7585952231628641,4.361106983655005,0
2.5869966284390067,0.4261718805302233,1
2.793675458614731,1.0766195325806613,1
-1.0412451587000406,3.165709012178659,2
1.0405838019475862,4.035578949266911,0
-1.7432367693477857,3.1701003356773008,2
1.802283150742264,0.8407764305426493,1
-1.8918283702007328,2.9684782890482144,2
1.2426332823479427,4.34637358322088,0
1.7268010816994195,0.8259072876776927,1
1.9578456157751796,1.1093979014919206,1
-1.2753896472500221,2.702384812939985,2
-1.7694060188036913,2.566006983015395,2
-1.8694074968226575,3.0563281947433274,2
0.5211161287364661,4.277068648020865,0
-0.7388193739042378,3.3691536704015443,2
0.6120603480166944,4.193326234263339,0
0.9011967912754885,4.885850962662607,0
0.7056526999682915,3.7823107745708677,0
1.0304041703227114,4.6683362635348935,0
0.4212216772334866,4.664749013973209,0
-0.8312093978137199,3.388417245145101,2
0.7675601650888172,4.285388773754049,0
1.5923922576082956,0.7099772852956545,1
1.0715088036882958,4.141490770951499,0
2.088995680837719,0.5706425543858582,1
1.276056906873038,4.873139599154383,0
1.0096642350858984,5.1218807089657865,0
-1.327993111472243,3.170977568830879,2
0.7974735241560564,3.79501687074118,0
-2.242829112002808,3.2816440881196254,2
0.7169006418550498,4.324790500883383,0
2.5208670851949186,0.949017647613386,1
-1.4113879519055428,2.9177142685311726,2
0.7643738667408406,4.943592696980396,0
-1.6963538320606648,3.429715499277873,2
1.1270399757774696,4.251325270341791,0
0.8709957217798856,4.072574319556443,0
1.2622371462140654,4.329601175742446,0
-1.8570685178895436,2.5863874655719394,2
-1.354180703628944,3.2213811355491258,2
2.0490463159636567,1.4358240068556807,1
-1.5955259748462927,2.600731280376936,2
1.8800803452352683,0.923641584286773,1
3.112151880016179,1.1085232358605217,1
0.9313853876367993,4.208667279176646,0
3.0122438993710206,1.2464504713538607,1
1.0486117576442961,4.489652204890711,0
1.9205380401106489,0.42338462947191824,1
2.083971683257423,1.3131900988731955,1
0.9581082729985231,4.131924769370295,0
0.4184262505646543,4.660217911065473,0
1.1331384280946544,4.897450877938246,0
-2.2221289667522406,2.886448218327105,2
1.8862948590691886,0.7054815604713873,1
0.4782918605272751,4.976600991853929,0
-1.043321980465078,3.045489831096589,2
-1.099760102503999,2.9805611572245447,2
2.1213813461443842,0.6651092046329964,1
1.3102364318610626,4.4942379907736925,0
3.107385565035245,0.922563608691467,1
-1.928899995367995,2.7716871902693665,2
-1.0440566630064863,2.837389022332327,2
2.0223574746598514,0.3601953203835545,1
2.5852448534695367,0.2419691455658135,1
-1.1514295501716423,2.5290862132764675,2
-1.5166725851727019,2.679931259736983,2
-1.5483244181551301,2.8602333731008907,2
-1.0070466371720008,3.1482649274710925,2
2.2459603772522225,0.7730839299535682,1
-1.497327318335595,3.2790085100367286,2
-1.7373533395897123,2.516340756821315,2
1.0227981220323359,3.5442962778805835,0
-1.4988498003749564,3.032880767170468,2
1.0637250017218771,3.882299301958795,0
1.466740769498681,4.160153699668135,0
1.0834654494533094,4.6534897750174675,0
-1.436046429177235,2.754115241764727,2
1.4436307754260016,4.159141145580777,0
-1.409012422927726,2.9858536145970347,2
-1.3628608278781411,3.3949422383244063,2
1.56083924453245,0.7421792766500028,1
-1.960224464310597,3.51958953680772,2
2.4535338192515206,0.7242036603371564,1
1.8063554897516143,1.2840083339888797,1
2.0269731399127298,1.084178394724431,1
1.9029208018771961,0.6398724500422708,1
-1.210816578416578,2.917548784688961,2
1.4561162307483875,4.1253421926999225,0
2.4851130338016736,0.8914142876725166,1
0.9524892864098206,5.129867332427085,0
0.7646107998962289,3.810675490759438,0
-0.9680155026291987,3.37088280382009,2
1.528872896592266,4.025362134929738,0
2.292147917660747,0.6094213581957844,1
2.6967649766255732,0.41313570929485405,1
-1.5595944942040936,2.744306692777773,2
2.153951638157125,1.1934360792887928,1
2.0297487577708693,0.820644273991224,1
1.0624480449932463,3.9824928203467747,0
-1.4134715252121173,2.8854148106574136,2
1.217706436133671,4.759433507796139,0
-1.5901642118804804,2.2494310092407614,2
-1.3667619254610042,3.128055804691431,2
1.8312111494327363,0.5820020782321387,1
1.4507625816148888,1.052874666238066,1
-1.385396371091808,3.544725299394549,2
-1.732587403499224,2.646197150588078,2
-1.291197425091696,3.5651200993653793,2
-1.3185879730121823,2.8880374637832094,2
1.1911635365107942,4.102028198913446,0
-1.1413669121456425,2.6016430456925743,2
0.6313413203570424,3.7886450748361344,0
1.733440719321371,1.1517971836889855,1
2.846930833423974,0.8567870561954407,1
2.0361070297963693,0.4826346802478567,1
-1.1873309113105692,2.7665852978686756,2
-2.0202858668235235,2.6881691294148498,2
-1.5483540555652806,2.8644025262595143,2
0.6880054317860568,4.025640186289364,0
2.11524669513154,1.594874492771528,1
2.7381414472769654,0.9544389106506831,1
-1.342042400529326,2.3910144559950064,2
-1.2817966874816205,3.1446248742420595,2
1.6816283924445108,3.959529150476157,0
1.1099171143753384,4.4753759074203145,0
-1.5577359239892379,2.748456807879349,2
1.999375702416144,1.215849841640117,1
-1.3555508448311706,3.1253625791625224,2
1.064564851760739,5.103747740983213,0
1.0861790706837062,4.434293930546743,0
1.9784010053857441,0.9698534174642117,1
0.6412647441501015,4.658677581387646,0
-1.5813454693869171,2.9898049716120143,2
2.0843324893104085,0.6620227924452924,1
-1.5229159674706167,2.537172306867202,2
2.4440742709676124,0.6114686428989056,1
-1.8401688584035374,2.659775790487788,2
1.7017771660121803,1.0436321127849921,1
3.088046011653499,0.2238898112358051,1
-1.8893867480438065,3.161416849367642,2
2.1620675194452343,0.8430822034322287,1
1.984220888253311,1.36638580180041,1
2.1214789649111676,0.7638929379887389,1
2.1312689147146773,0.8645814553616241,1
1.1377841856508941,4.287518922836878,0
1.517318462731283,0.5892601976587106,1
-1.571284430861954,2.858722930261411,2
1.6911577604524624,3.981975913008692,0
1.4347680402856562,4.36606190099533,0
-1.2864945272873587,3.163324796365794,2
1.131622210007394,4.420573342029384,0
-1.8474798291760908,2.5516523561757003,2
-1.3887117962552378,2.7807945784120394,2
1.215494315187945,4.3048759738783415,0
1.0946805172754759,4.810164553320503,0
2.001449717420421,0.7901584719273115,1
1.395635561381173,4.185959798987379,0
1.1594169097326088,4.243746111520603,0
0.8638294505761918,4.132789150184271,0
-1.1095625823450128,3.4223831805014138,2
2.5045420247472765,0.9340624625067284,1
0.9589324428831842,4.386876924781229,0
-1.224775763907515,3.0925233015792823,2
-1.8819079491933086,2.8224805560955866,2
1.0421098105528819,4.21545503840893,0
-1.3839861655153998,2.8470754265797455,2
2.423811382952287,1.3441561083966105,1
1.0517136473725348,4.502589903177637,0
1.7393231267405382,0.4072606465564628,1
0.8191268932570815,4.708130562098749,0
1.4678610087753943,4.355041597115777,0
1.326434935428339,4.098476666886873,0
0.9590066539948446,4.387449087884757,0
0.6261947069601475,3.763117443576226,0
-1.7811857719154787,2.880408142275826,2
1.4746359051425775,1.2889159085652537,1
1.4656971953754276,5.035150987047311,0
-1.150162761288811,3.1869095888466377,2
-1.6727869534136006,2.7433739873859997,2
0.6452060492864318,4.669400135747015,0
-1.8385944461217552,3.448144619136248,2
2.069866947776047,0.9252056090726634,1
2.3586480704727446,0.7427752623923921,1
2.514175482057019,1.2394747437832705,1
2.2435600533221063,0.5872304869134164,1
1.8294135197011183,1.062004467864125,1
0.15249593865485034,3.951986776613555,0
1.7444808104119296,1.206854916412525,1
1.012032492976885,4.480535480071394,0
-1.115207218830281,3.010227990720358,2
-1.4302025140290173,3.201667282684924,2
0.5093206726897846,4.484195601487122,0
1.8698167565918105,0.7971255288112443,1
1.350697415697133,4.862178786450056,0
-1.263017594817165,3.343569981504993,2
2.4063197965017413,1.244098564464176,1
-1.9143847277587929,3.0060254413231955,2
1.5276909338034157,4.842854908166503,0
2.275222430728454,0.856316465988641,1
1.3861826940273176,1.2248455543148693,1
2.8790885341132846,1.36636959252873,1
2.3032801741236306,1.3217454554586952,1
-1.25409416747666,2.9053663540621075,2
1.517702366501586,0.15113481085056013,1
-1.5701805102634139,3.2927693344085065,2
2.1323369621219634,0.3315024137728948,1
0.8389339291941222,3.237637258268416,0
1.30159686756433,4.507565934437664,0
1.9992636719059302,0.8619650977316957,1
-1.80247092120724,3.08852475276182,2
-1.252905428498541,3.2079951914607845,2
1.2664831276071187,0.6492599139398283,1
0.37704037683305236,4.900742533318773,0
1.7623685296298348,1.1195280091293707,1
1.80860178287158,1.0840358058345216,1
0.9168942089016276,4.142797993696629,0
0.8964101454528943,3.9921677911240794,0
1.7182109965456256,0.7424896462180189,1
1.841215856102014,1.1224266782902776,1
1.8373943393273537,0.9803956290235392,1
-1.0636316063496765,2.82587096093528,2
1.1964199341563826,4.413699172724891,0
1.3921226540190919,4.475818279627773,0
-1.2600992259804895,2.570941148523534,2
-1.8742827042919752,3.2868314287635756,2
1.0890418575878402,3.8226092914703873,0
1.679920977952571,1.1911136970327845,1
0.6621767522755271,4.771469609232807,0
-1.876045308049547,3.37342931423302,2
-1.6860107796093415,2.94948099661489,2
1.9162605727790267,0.8284119700354565,1
-1.8001854611751507,2.7509689388997374,2
-2.0785833727241885,2.820154677730624,2
1.9031536009627978,1.109639982650972,1
1.50095549178846,3.8449617550737556,0
1.9149697628127624,0.7227033744718465,1
0.2659850055192625,4.653078898919474,0
-1.2456747730826967,3.0700407556946745,2
1.5467642770918217,0.565910572388318,1
1.6154780118970673,0.7441825358932368,1
1.4971386378336105,1.0766825210494448,1
2.4091055448480962,0.922877299512722,1
-1.3189508923347353,3.210311225254941,2
-1.9665720633839199,2.8248406390263634,2
2.4015854337494362,0.9306357568432702,1
1.8396246067715754,1.221024569079744,1
1.912031697222089,1.0682753569618908,1
1.7152652837882767,1.4349085160307724,1
2.08333254496389,1.5998011483271128,1
1.2183086414210604,4.546949527727992,0
2.4125614586812696,1.2220350140900849,1
0.868002513330017,3.7582641572704825,0
1.0634973703816588,4.578242804767494,0
2.1814558084103477,0.02558398518411098,1
0.7002358394682169,4.686910758597622,0
2.4028636380413086,1.0631853358056653,1
1.8877379748616072,0.8159529041762847,1
2.36862453672059,0.6307829665584068,1
0.9718554787295342,4.416637030453272,0
-1.8176771410261927,3.5051832767391704,2
1.4765940749550537,0.33651848778953986,1
1.3724718753335605,4.107443976352275,0
1.6241642927918107,0.5629794591591349,1
1.8503994896594596,0.9040922640315021,1
1.2340140698401902,4.168686150675131,0
0.39840932398914974,4.230768345225361,0
-1.8021868169191924,2.8829941761856253,2
-1.3711172206222018,3.360507958834784,2
-1.1236950027487966,3.164313224440628,2
2.5981663133600534,0.6866562097283597,1
1.9598923111921005,1.30528478413044,1
-1.314591178550955,3.2164325430896463,2
2.367824703773328,1.085894991593608,1
-0.7750336471485648,3.3625956955864034,2
0.6142850839219325,4.542345408846959,0
1.8985245525126988,1.0311874743081781,1
1.1558326283303928,4.3747207035120885,0
1.110783270370431,4.65718647663249,0
2.383588309371787,0.6262318088301335,1
0.8965560210416432,4.769886872288091,0
2.4271098327124365,1.2371470090680412,1
1.3368735482042873,4.846539537869264,0
1.5502962399221927,0.713878183837215,1
-1.8714011506866894,2.5689089617367693,2
0.9664062986279659,4.453703482134036,0
-1.7544273897659262,3.1923836025977326,2
-1.0982018548985901,2.676663041485265,2
-1.444661877203285,3.149598118749306,2
1.5467571954897639,0.5302318289186759,1
-1.9626080603077634,3.1135261770853986,2
2.246759200736503,0.35656988618111485,1
-1.2961165485981037,3.0015361148657895,2
2.411191264606203,0.6536283578175373,1
2.535884257963998,1.081372657968643,1
2.57139674640921,0.9046166333639684,1
-1.7002313515516123,2.5981699396996984,2
-1.63406547167596,2.8197967008611813,2
0.22017527084380062,4.234711567335565,0
0.745250366499566,4.365323961102,0
1.504825875461083,3.7370241592416544,0
2.7583298385676915,1.1212894130957183,1
2.1277782701577763,1.1950366380572095,1
0.9714928582668064,4.269366405877558,0
0.9657234212793258,4.281132392833002,0
2.1365721605977197,0.8434428657936915,1
1.0409626481781142,4.55740566601434,0
0.9810820491139318,3.658141920178574,0
-2.067706940158514,2.914330684528945,2
1.0742436882116284,4.2694346910733545,0
-2.0840118469181736,2.6937134850002153,2
1.2813855521107353,4.434862427983191,0
2.5220551639114337,1.1879173372595708,1
-1.9213653619152211,2.7081197107189503,2
1.3536391348464782,3.4080726942279562,0
0.4726980062087712,4.383534094569575,0
2.0014537631638465,4.381787740534611,0
0.7957552876966216,4.746162898275508,0
2.6239689071992127,1.250647313384008,1
2.6675606166280597,1.5010210454963884,1
1.3241358610932372,4.533482058783301,0
-2.2623846419812534,3.0255334243747973,2
0.6571511088642119,4.696454899545108,0
2.1021349501120477,0.613578809485348,1
2.6527256906894165,1.02350604711392,1
-1.84207648504711,2.3751599583497254,2
-1.2294182095689947,3.164883826618462,2
0.9763894138232838,4.282015647217424,0
0.2244286111656809,3.9421796560964113,0
0.9143961288822218,3.5340484115836883,0
-0.9444824971362853,3.549539277708959,2
1.5199190060971621,4.341339294929272,0
2.1182190948646156,1.161865544362929,1
-0.6644203666251954,3.4151238888993145,2
1.1235914780079748,4.390098092639857,0
1.926202039812147,0.36429918454799315,1
0.7336119654278113,4.212607791017307,0
1.2672429488411638,4.474577766380442,0
1.9334507038921263,1.07060925670963,1
1.0295320200023883,4.172843115355883,0
-1.7434836261297437,2.563096141286125,2
2.271215194408479,0.34659196140888593,1
0.9623261205632601,4.055292366511551,0
1.5184675259199665,4.0494830979316925,0
0.8315034352805835,4.042178143444125,0
2.351947705520992,0.9811636026728583,1
0.9617651400526471,4.7853668801887075,0
2.3539471733391424,1.1321164156871215,1
-2.0989851494641805,3.0212590678538596,2
1.7653571918339654,1.213256525176154,1
0.2952739994391095,3.984313104501038,0
1.2500682919057196,3.5743873067123797,0
1.278326082149377,4.097393098953626,0
1.7574520032535983,1.0510921041640402,1
0.5169321309427084,4.676982672567929,0
1.965531097371074,0.44238613816816974,1
-1.8275211237151718,3.7020880387832706,2
1.8444221475348566,0.9841937232658214,1
0.41140583190121205,4.229328229373501,0
0.757189988307535,4.469102087613398,0
1.04113326273593,4.534248651608502,0
1.1440031322964246,0.9785981211030466,1
0.9724500602846766,4.048004960337537,0
1.091782368625104,5.08286784355678,0
-1.3101202601346187,2.742567109002233,2
1.1007663090498896,4.1367371328072595,0
1.7559775698730056,0.912944083728455,1
2.1254999064812052,1.449409374443456,1
0.7214242888328326,4.563661790964886,0
2.0495261873814643,1.7915126156876493,1
1.8354416832136815,0.9210309667901113,1
0.7905469104345431,4.362662359560247,0
2.0395088802905446,1.482224091497368,1
-1.2247132758849493,3.1100473639574577,2
0.6404165331888625,4.535972388623536,0
-1.5650530607967454,2.897841522904652,2
-1.7995293742437113,2.9143110387859013,2
2.1792534223712132,1.0721783149450277,1
2.234856066913411,1.011766992957174,1
2.8841923928371416,1.0720487510306602,1
0.9869052245592039,4.571538019532968,0
0.6182708142650202,3.9010451259585635,0
0.8191170130329614,3.815932002978145,0
0.7572301100467086,4.116333028981755,0
-1.6511923209660866,2.4736863030718963,2
2.5631371025092298,0.9678812771975013,1
-1.4882795583048192,2.798559134941301,2
-1.9235328716620066,3.459748676721968,2
1.6683570768438472,0.5478661903198508,1
-1.1007448554454178,2.964022102442607,2
2.7887277671889397,0.7998938963366722,1
2.059824237758175,0.6037168597974836,1
-1.8694741321594683,2.6211818400550007,2
0.8582128254578946,4.343697347589834,0
2.3973078134892143,0.5564243443294811,1
2.3025199809608816,0.8454900324984532,1
-1.8034983055286937,3.0195381793710947,2
2.0292471388026136,0.5819674729830169,1
0.8188043412667064,3.84856683886546,0
1.7715551399612572,0.7885467363988892,1
1.7893602851879375,0.4877819926428568,1
1.0065741916043918,4.8005265935172226,0
0.6704993571554124,3.93357346249302,0
-1.5238106255753712,3.29938207873916,2
-1.6989281819401925,2.6900078046714966,2
0.3747426217322618,3.9338524586675647,0
2.167868782692551,1.033376011257476,1
2.090761303318189,0.6915905040309663,1
2.2132380153919584,0.3521312989883736,1
2.7364393861919916,0.15355166101014406,1
-1.3148970102056667,2.5273915156054603,2
1.9229352775610185,1.3610014336310665,1
0.967236661989696,3.756944270593844,0
0.9095413557930053,4.165589997536682,0
-1.4941211917222,2.450392607160942,2
1.3445831514076863,0.6750074217868363,1
-0.9021545943873185,2.7718575696306957,2
-1.3307288491208877,3.04762410081757,2
-1.3784557371921031,2.366215174320839,2
2.736995348163535,1.0229942063114037,1
0.632884512877093,4.36160140124908,0
-1.32332609584026,3.1391565224013895,2
-1.687386800614709,2.397137130237387,2
1.5168571066224472,4.158970454646635,0
0.8994307186305704,3.924374510213213,0
-1.7121736584389147,2.5946914046487755,2
2.419372957243458,0.6012691362382405,1
-1.3732387221092666,2.8963212424958424,2
-1.6801504529998164,3.473019172555261,2
1.0207572387260588,4.019815998482437,0
1.954682293581814,0.9355705755336421,1
0.6019530897706744,5.224803333095134,0
0.49311931523895086,4.116217230865233,0
2.664921629000882,1.2936351827263892,1
1.8587596018555261,0.5887798830624392,1
-1.852468820069553,2.976773519003129,2
1.9531609067859244,0.9192253396931219,1
-1.122257713926822,2.7815627756621186,2
2.0416586449202905,1.1235391130470203,1
1.7940067782755618,0.9854981566576904,1
2.439931348268582,0.7808585746139554,1
2.404355404183478,0.7809531843712973,1
-1.4004287936118294,2.601592761493267,2
0.7224598330262617,4.5822966127305556,0
0.74364479323804,5.09830790480757,0
1.0310367684776998,4.228066935044886,0
1.0167528544627165,4.112212876443857,0
2.0375951356591457,0.5365387284346441,1
0.38193304174520604,4.439335493836662,0
1.058682662431392,4.343095018397935,0
1.1736730658223282,3.8541940231510057,0
-1.4668669218300392,3.128914335201571,2
-1.3047449345307855,2.9799830480931346,2
2.4426436393656665,0.2970948237303316,1
-1.4743539915283823,2.5970660540068673,2
0.9615100705947924,4.203376810111922,0
1.9199259871357257,1.2549891502233534,1
0.6338928628766103,3.770737279785637,0
-2.405414062686717,3.275877181357891,2
2.416565498893195,1.0479433646163403,1
1.4890445522051485,4.402958201034985,0
1.9115082939269676,1.0504157394937386,1
-1.3460292989620264,3.3899947446835803,2
1.151275922096551,3.802658105125627,0
0.382624135155455,4.559351563343755,0
-1.4670775772843085,2.8427242752017956,2
-1.057048704974745,3.3958536107887287,2
0.7613948208822763,4.550760141855315,0
-0.9892187332666361,3.022712217267463,2
-1.5951901941486368,2.209377523347829,2
1.0129875863264246,4.350656850363807,0
-0.969130995564919,2.676106829286801,2
0.46162947124816656,4.657436971042318,0
1.719944772058056,0.8598172534806854,1
1.8508777121052378,0.8618492560519807,1
0.816095870545161,4.433921205972513,0
0.16664940175252163,4.193137775935989,0
0.9242019252647073,4.337388799187809,0
1.8701460308281492,0.20501583283539526,1
1.1508245139556712,4.04551120436396,0
-2.0591258620339636,3.187245598189005,2
1.1061804719736588,3.9573494351068983,0
2.2555140904071753,0.8829415389137565,1
1.583797583244573,0.9785065302953645,1
-1.2144539728718744,3.0892568555257696,2
-1.6023219338459176,2.8483845339347154,2
-1.771755855109181,3.1836234800457626,2
2.777951064802002,1.7839087064132988,1
-1.965008087282214,2.922939024105087,2
-1.311796985450158,2.993914282920626,2
1.9368645550892247,1.4240029359096287,1
1.8752109066018219,1.7156310645654296,1
2.292785786390128,0.7560695409901239,1
2.336987065894047,0.5506519582057197,1
-1.502910963377772,3.220895364673157,2
1.1877179377014344,3.7334330664864366,0
1.0069060933690799,4.6323487339371985,0
-1.136538043985715,2.7101178092170484,2
-1.219553070220695,3.0872636129296254,2
0.8163990407119884,4.5176709085081095,0
2.7635875526714297,0.4639978038502166,1
0.4990296748873742,4.00330149664486,0
1.6067756426070712,4.192226628744047,0
0.6939738074710302,3.8928440572317133,0
2.1326863178249176,0.5980803565300615,1
1.4933093893045704,0.905662543127818,1
-1.3842180245369193,3.3061104924754607,2
-1.372075318282561,3.39884604328653,2
1.1477743048106441,3.8645236860944774,0
-1.5960885683326687,2.782281018800268,2
2.113456707904519,0.8495581133526207,1
-1.3886188000196729,3.2241176721828517,2
2.5855838345950866,0.7705945369265231,1
1.0472740116899808,4.158427016360945,0
-1.5621130611667267,2.6881488048395608,2
0.5052494350397528,4.288912989020643,0
1.8815717414027262,0.8355736618096931,1
0.8415621453330486,4.336810383709366,0
0.6111747542341206,4.0038099614134826,0
-2.2654375776803186,2.881627820028942,2
1.4993396691184742,3.5792925686936536,0
-1.5415583850957537,2.9628983196223464,2
-1.4006872242970345,2.789283861025615,2
-1.1781716044611787,3.1041009744829866,2
-1.791191959576034,3.241574842494808,2
-1.8409627403523985,3.4699511667580456,2
-1.4855279947584616,2.2301417874193072,2
1.6091162122491363,4.456610793568642,0
1.1359273425207916,3.9730827583625863,0
-2.0522866457847444,2.79653558813392,2
2.2755649978601564,0.4701389810284692,1
1.8420832671612744,0.0756907389872421,1
1.5843487546509145,1.0956906009823155,1
0.7839455873400809,3.919287572804025,0
-1.8213842079334461,2.835761331012406,2
-2.0376781044564414,3.139400141648914,2
2.1279046898982505,0.9148960097008999,1
2.033642846921675,0.5768186052660674,1
-1.6924562692716276,2.878977900993069,2
2.0656219360398684,0.9674016573674393,1
-2.103243466617036,2.6095298296096945,2
2.484048182271044,0.31474501040904324,1
1.8197250502590014,0.7824725688590985,1
2.489719771624028,1.4210311953529042,1
1.849467963775297,1.101111051802467,1
-1.7924506720403057,2.9707808016643407,2
-1.2058185672568444,2.281452850324987,2
0.9935933221240268,4.476630199146725,0
2.03322825449807,0.681704109008809,1
2.103348730931884,0.8206261598085505,1
-1.5489869816769384,2.8925041020422144,2
1.791195089009968,1.2036762509520522,1
1.6765421417471185,0.7182156304577596,1
1.9037911616448349,0.6605457224555861,1
2.014203362949356,0.5778739199901394,1
-1.2309073608093777,3.3628621403225707,2
-1.0716596250696644,3.227976371435283,2
0.7182552691966752,4.066371884192501,0
-1.5313431632716132,2.7945624973753382,2
1.2651503597771252,4.199374218299848,0
-1.0177072386807826,3.432757264225934,2
1.1363284548987789,4.640606938133411,0
0.9444086447962632,3.6636455050948094,0
2.1583276153388518,0.7143453610974299,1
-1.1756755641471022,3.071328714750824,2
2.567026617155368,0.9834967307175485,1
1.8763235316223092,0.9012107224422122,1
-1.6156783271305666,2.739706871218436,2
0.5601693383220849,4.126401603443849,0
2.8551777178432713,0.7656074525745478,1
0.7895855568839865,4.783354741841097,0
2.1122159935099374,2.1197062874721073,1
-2.223606515096593,2.862251064889675,2
2.196529018445929,0.9552631052540791,1
0.6377756036813711,3.9500961543758715,0
0.5402897320435361,3.893870710046441,0
-1.2040707598856906,3.2247836387988036,2
0.9811646657472417,4.101157504461236,0
1.914936181137651,0.6373080744899502,1
1.8683953918562675,0.8966784862324559,1
1.4652210269979187,3.8186762198826947,0
-0.9821152433611995,3.2016785725612595,2
2.289571505068303,1.399838177538413,1
2.0367889382423954,0.8129326110603153,1
2.3266195335027047,0.9903845308495091,1
0.8672266923019146,4.323445197228801,0
0.2209460811600552,4.765280183780183,0
1.9581305751486973,0.69954505274528,1
2.643573453897928,0.5920144234897255,1
2.0911741362416474,0.4205271939236047,1
0.9719808371815756,4.222019546239225,0
1.2800269189999014,4.550199754161998,0
1.8675404723582505,0.8135418383604669,1
0.44344273025008873,4.626495769136489,0
1.9998732010373597,1.1397503495827532,1
1.9872604312930793,0.4188229117010462,1
0.24701275979327142,3.9008847799790938,0
1.827740515853198,0.8431830113964986,1
2.0286085239373195,0.31929099577652453,1
-1.6935618954426597,3.546706658062698,2
-1.5137210704410056,2.388750969122243,2
-1.9024205971912984,3.7751827443937707,2
1.9021576378680192,1.4835672694453086,1
0.46282096756288904,4.2111137104750345,0
-1.2340664286029284,2.386470914468632,2
0.3206781967183929,4.853624975484917,0
-1.0564087766275903,2.817005431538351,2
1.2860857179696197,4.819605012746831,0
1.169285819926817,4.0194067112834295,0
0.45911115990204787,4.989887505469501,0
-0.5753922890696727,2.9167820667574573,2
0.998945087299365,4.634488328145963,0
-0.928794948375013,2.875438898923719,2
1.0438948221782889,4.7578570586309015,0
2.0083766121283424,1.003551628452976,1
-1.5849725308885343,2.7672261606663935,2
-1.3570548994432219,3.077823385928635,2
-1.4836239903634765,2.572964554731282,2
1.4388355918844655,0.9053931426286965,1
-1.2468105252286426,3.235664265362057,2
0.4949143960655787,4.521840896034649,0
-1.4028342624824248,3.3208609861868186,2
-1.7087969844513775,3.235832283659465,2
1.3317711682850741,4.687147031478026,0
0.9869613819107109,4.290878091652616,0
-1.1888922018981587,2.9778835339066614,2
1.6590926621723416,0.6135120613293519,1
2.005944683801082,1.3693889837405837,1
-1.4536987283290745,3.472034557985298,2
-2.0176231175127937,2.8295195609026886,2
0.8904914640945956,4.031250912018225,0
0.8407056924537117,4.197981364747022,0
-1.630595136446302,2.4984702135632912,2
-1.1106909149586432,3.0219905461526806,2
-1.4661842295987944,2.101412352441421,2
1.8835150258215823,1.3659820110846816,1
2.415578114361176,0.9511333969087277,1
1.176158516291933,4.113494417059418,0
-1.6168989624347172,3.077530065109665,2
-1.6817532203107295,2.814873660474276,2
2.053652746543812,0.7995327571053922,1
2.326097806611987,1.0423634516654365,1
0.2587617210683092,4.203954365448713,0
2.262618658381374,0.842341681848694,1
-0.9162629026885764,3.0770527124045466,2
1.7799683385880172,0.5884678948443917,1
0.39362576476037503,4.4544199371224575,0
1.5768634270560087,1.2557105838474496,1
1.9394499125742932,0.9932977831943174,1
0.8915631380919182,4.835178737072887,0
-1.0480097685684937,3.3637059068435757,2
-1.3954975659337778,2.877893468110672,2
1.0730340627907997,4.263345490244488,0
-1.5100369130230735,3.0542878068483876,2
-0.900424976652276,3.1971869949875837,2
0.6355350124857158,5.031167814431286,0
1.2972976182870446,4.283822323766624,0
1.9871488786932654,0.7102396590618385,1
-1.3890306077519268,2.840956207030601,2
-1.6580612103194936,2.5726048940048534,2
-1.854126126559924,2.855026573219987,2
-1.1015068726556922,3.0189754832856095,2
1.9504968936669875,0.6266172655817148,1
0.3866149429406157,4.128991461090677,0
2.4869907272747978,1.3757328693509323,1
0.7274386042444603,4.3221087262851245,0
-1.5601101287557404,3.1002393701650406,2
-1.305877593060556,2.636212290761499,2
-1.8767294707469158,3.052296942336621,2
-1.7810071850369875,3.223952496441096,2
2.456636509546782,0.7563617278562682,1
1.0797781821426424,4.6994683947725004,0
-1.9521245622062007,2.986957157681226,2
0.5426989738759411,4.75508854213561,0
-2.063685810841231,3.258870677071556,2
1.3143477200073905,4.801698989587552,0
-1.4662455967894317,3.0248191652818432,2
1.1186001149816687,4.473002431578396,0
2.025990131036535,1.606388847867354,1
-1.929416445343847,2.2479802442752015,2
1.7855798372799305,0.8048246746127705,1
-2.047634742620386,2.7415478379349634,2
1.3048611827843166,3.3530892192222392,0
1.0541365303665469,4.494311534848277,0
1.5394358201067628,4.3538431634514865,0
1.408653915749812,4.218455998449698,0
-1.5976595637582203,2.7120866538040036,2
0.9920781281250859,4.95455854429646,0
1.7549523508585614,1.0607865170554536,1
-2.3272600689338376,2.740079349718174,2
-1.6854947281539767,3.403174628503253,2
2.027602515921545,1.1141982771661219,1
-1.7359550663132604,2.512856283202944,2
0.404921922822701,4.280290373333307,0
1.0135983816225562,4.835438475426041,0
-2.072789130247412,2.0794756998895485,2
2.284430925683412,0.3632555504837587,1
0.34635016503313454,3.9171457759264268,0
-2.199317670783451,2.7501012605569803,2
2.024865896276725,0.7317263239346821,1
2.623999216066525,0.6093020539617962,1
1.0133122038123676,4.002608915960027,0
2.099023810019329,0.5828546591074943,1
0.7819758576234376,4.243418516460953,0
2.317192154192559,1.66208429709665,1
0.3799855166898334,4.355187830578199,0
0.7954994738645373,4.274623127612053,0
1.4708500164493383,4.831230452943875,0
0.3169941185044943,4.317462004962795,0
0.6613098116862756,4.47251554048366,0
-1.3817522136133624,2.7766757979048644,2
-0.9501503118880662,3.1216084092373397,2
2.0098202737197157,0.7332757092336544,1
1.3614733991704715,0.7096257981962921,1
-1.4843440205065588,2.5710369222434553,2
1.8679944323484037,0.6327379666104315,1
1.322154279356439,4.12392129485042,0
1.2830741093453155,4.2939035782740405,0
1.9798436967708692,0.9079268616200442,1
0.6464838244393041,4.141062665913861,0
1.1538037114348603,4.263106932312888,0
-1.7833446690355605,2.8918594432167524,2
1.564378721382497,1.1851329061200304,1
-1.708390083510478,2.82058037321455,2
2.2026854313732542,0.508902109871264,1
-0.9836150523450937,2.749800239964926,2
-1.329408272727223,2.3201422517965478,2
-1.768070536809093,2.2182274430658677,2
2.3283710390403964,0.8666413829241113,1
1.9395194056723817,1.357758144438319,1
-1.7977292229202653,2.9099990852794004,2
0.46414916888696,3.9136950064684113,0
0.9577499921202357,4.099610334960761,0
2.6393773311327857,0.7046005672155832,1
1.9673300662045583,0.9118594739090259,1
-1.6107642035926573,3.2738134816938986,2
-1.0691132044388298,4.017406017648016,2
-1.031331461386805,3.1814180919103423,2
2.381907549231009,1.332851132203758,1
1.164914704056346,4.403403429532658,0
1.4325957738840285,4.393819688866052,0
-1.0852177030980892,2.6975602638766785,2
1.708482486377865,0.9600845715818694,1
1.6232796019454918,1.2950508310471582,1
1.8029277974521745,0.9392912541510149,1
-1.5081778684360863,2.789980204752374,2
-1.1460349901170133,3.1574683091510307,2
2.13002231599374,1.2193634249200465,1
2.4285583214986595,1.1180896187330707,1
1.5914637902029125,1.5732112514350154,1
-1.6675080511172564,2.5502367220747946,2
1.886223586079165,4.88669465470054,0
0.9911081062293347,4.384563192780904,0
1.9213586736885029,1.1301346829692116,1
1.7871743427520685,0.90191981127202,1
1.4379679852520466,3.9949407409559186,0
1.5136403189586742,4.2390543314770275,0
2.0078405459391138,1.2269096876291017,1
-2.0454314356853818,2.933982414335778,2
-1.3555786839323554,2.9542257427290326,2
0.5266703469450582,4.288961491640955,0
2.1811853248301776,0.953761034670369,1
-1.80009863493315,3.224295472097943,2
2.1278437907043206,1.4712153071543537,1
2.411421045031131,0.5678519484362419,1
-0.7336496222806399,3.071655303955187,2
1.8146220430161542,1.289405805650878,1
1.9779377097074984,0.8142207424517642,1
1.1222389396937384,4.091033545512076,0
-0.9850232406010369,2.738084023973297,2
1.373484448319885,4.689818918515443,0
-1.181297363138782,2.842781768612395,2
-1.4868012529319288,2.4113077340373734,2
-1.1321439762454502,3.46540127293615,2
-1.0156127028617856,3.1289952812091486,2
-1.5843904632447565,3.4119899653550307,2
2.038397982787968,0.7451599866191342,1
0.7898808004501885,4.4881849823991375,0
0.8545008262823417,4.358509466634783,0
-1.8467029947033813,3.1005329547812774,2
0.8186714363618995,3.8070553991632554,0
-2.042914932331088,2.250792061317886,2
0.42956505890625196,4.655924800932532,0
0.23378377533799244,4.026743590112323,0
0.8229074105268571,4.301900246843943,0
0.6321787142354973,3.9893746374471846,0
1.9166679183309048,0.4221808191393244,1
0.6625406756532319,3.616831124249127,0
-1.2463954625427864,3.5639009261253576,2
1.1170896529586372,4.06410379561928,0
1.1589992172199834,4.126316342798344,0
1.7164194720112194,0.6952013103657507,1
0.6535813977882108,4.924707045644768,0
1.0441376179930826,4.217646000387781,0
0.3274027370247945,3.844556116246122,0
-1.8699955921302003,3.755795247338977,2
-1.318004280293837,2.5169024427248776,2
1.210616897724674,4.655334044739958,0
1.3064158866103364,4.408954757622297,0
2.1944259514525544,0.6650602697908873,1
-2.076404666344212,3.2367784949708165,2
-2.144592770665716,2.795959770038974,2
1.1989634235837765,4.03511009707369,0
0.8233173790535939,4.5481467360073395,0
0.8958879433947113,4.3692301225125565,0
0.747620432871734,4.331267236259352,0
-1.7717771016546113,2.844794031445746,2
1.2728630029650319,4.234235381240321,0
-2.197894890469241,2.353200705540824,2
2.2706770216251297,1.1278134557200559,1
0.16883486064046704,4.559844704206139,0
1.124934283130601,4.5775669540561115,0
0.3327345545714896,4.763366233963595,0
-1.619624738719125,2.988660873676018,2
1.1511848093108585,4.3823028985615355,0
1.0254466652827277,4.004507660438333,0
-1.7584173099855018,3.2823616672715543,2
1.3532331940781328,4.225098031003837,0
2.3475368834419688,0.35934852157928077,1
1.0131013265172415,4.271706534613256,0
-2.00022493110763,3.0367200530699523,2
1.6445272103171389,1.0882470405529692,1
2.287348495674174,0.9867000965176572,1
1.9341139621847476,1.2730497082108823,1
1.121277470419878,4.347173196853471,0
2.3696127043830475,0.7780332515724402,1
-1.216174965428707,2.1433918625139485,2
-1.3283658952481219,3.6159129202565827,2
-1.827254664255119,2.6315020413490116,2
3.078896823182769,0.9169314074401491,1
1.7262786729783055,0.9654486248800682,1
2.1564899215558873,0.977517342555849,1
1.5283582047894106,4.576479901200624,0
0.29313864302793435,4.072825222043066,0
-1.9628909174986353,2.8257825237920557,2
1.976035979727621,0.9981450555893298,1
0.9570592138824591,4.4866824881479745,0
0.5288350381146161,4.051325213990136,0
1.1473117854693766,4.266000647351613,0
1.0179449568518104,3.8791490118950436,0
0.6516930537209569,4.614705929147285,0
2.6190187696696503,0.5892106988455819,1
1.164685439693157,4.253931431320111,0
1.9632690908794048,0.6275174319775636,1
-1.2601059588031662,2.8639628896171443,2
-1.1950922201287923,2.297253975186071,2
-0.8831119147038374,2.6306473318018035,2
0.985628512482618,4.367994916201941,0
1.9891928784171486,1.0884145611572926,1
2.610831223998367,0.6404345428381687,1
1.6608393864342381,4.440319990389164,0
-2.133627634570515,2.500593359513887,2
-1.10449843841366,3.705724054693662,2
2.2772804932306197,0.33719745776746834,1
2.2011169493466465,1.4432454625432374,1
1.1116501281727644,3.873115381355682,0
1.8285606961692433,0.7003206415500512,1
1.0114675496305021,3.9695573622823566,0
2.330692681504848,1.1564383234861761,1
2.0629809032192474,0.966130376049649,1
-1.84657806951411,3.0872848069766903,2
-1.3754578853663288,2.571414539845084,2
1.8904000870515534,4.017803686927018,0
1.7693240755331432,0.7402710014846162,1
0.7039058460368524,4.9116585623902385,0
-1.2682447260367697,3.0092555954315023,2
2.4035096675388425,0.35080888419056955,1
-1.3620772967013737,2.6417851739762104,2
1.0717958541533847,3.9191571165117587,0
2.766075752431187,0.8753472307808292,1
-1.3109443405871075,3.1219876609967416,2
2.169438816560871,1.2126232912233852,1
0.6793578955646637,4.189803013361329,0
1.6091327054871405,1.1451674535903285,1
-1.234705089736272,3.0601959038823203,2
1.0265861874724054,4.3493646701738955,0
0.946479617664703,4.1062819657926335,0
2.1325975304068154,0.8756443681240249,1
1.152084962572668,4.001993877534757,0
1.7161455598132136,0.6615176692499607,1
-1.8100995110918425,2.520515613181082,2
-1.2760607416392462,2.87489248071722,2
-1.5564072625213228,3.6828792287376584,2
1.256467759747344,4.331178388754972,0
-1.2144115234099067,2.9251439411227134,2
-1.322172149830221,3.0533702622393406,2
-1.9196486729587887,2.8967531922581804,2
1.3972388297614904,4.331761520204102,0
-1.2338813699307538,2.2841471758046814,2
-0.9883273038695733,2.834809500406733,2
1.5974005748871616,4.166183709284451,0
2.1679747531761904,0.6677254854015884,1
1.974723864762907,1.2658214566090464,1
1.8316655738137135,0.7386025445885698,1
-1.4136314862712258,2.795140982654787,2
-1.301409747856941,2.742848522533606,2
0.827637922694992,4.013299718310103,0
1.0762785202999308,3.9128712329591386,0
1.0156652143637541,4.074346567128865,0
1.175855973742334,4.492974679653334,0
1.4556000445352408,0.9947931640684097,1
2.3090823098225286,1.2290152867323427,1
0.7911656298018548,4.364586475993848,0
1.4520671693478802,4.5474125431003465,0
1.9267776533348657,0.8548415636938997,1
-1.9637506235511408,2.9625493385186767,2
2.1019224244450556,0.5594621361891962,1
-1.4661653182567271,2.7055683717745436,2
0.5684079262702895,4.115681400307679,0
1.6544254742510154,0.6169901407329781,1
0.6658535643471386,4.611193642654776,0
0.7219208694525159,4.227780236944931,0
-2.0374740167466756,2.5785589849550448,2
1.7963999931360255,0.9100445550772346,1
2.1761357640216743,1.1190790064073157,1
-1.5633149336556784,3.1966932636258503,2
1.2700918138576567,4.242911851841585,0
1.9983526942399843,0.9913747820834478,1
-2.1448417296455604,2.9258551427543362,2
0.7998238504891867,4.751272543593023,0
1.5031951911340284,0.8343450328714614,1
-2.2135430560586715,3.079214632360187,2
0.19017357153114556,4.024308522723808,0
0.9397498565233526,3.957986647575583,0
2.3037921517353026,0.5423673150956579,1
2.5559848323474084,0.6886053917976056,1
-1.675508068442626,3.084472595271061,2
1.5584006603756129,4.627840496079365,0
0.1460022235169397,3.820176574125145,0
-1.3010691599062902,2.918363196021722,2
0.7104466568963226,4.216022490582338,0
0.8305285084344904,4.230068733355598,0
1.3823611034197598,4.2183029435449555,0
-1.7342050665442277,2.6599618988145126,2
1.5300648177770415,4.169233993871398,0
-1.0858727200530378,2.6230457169618613,2
-0.8204343999060318,3.1158473544277503,2
2.373989900401146,1.7598865751745922,1
-1.3633408989157938,2.990574250254954,2
1.113459264469953,4.501287822700906,0
-1.561282809481492,3.41639616513773,2
2.264174788231393,0.19717511531082155,1
2.695280439496218,1.1002793310093892,1
-1.7658846502446421,3.196793724410503,2
2.4401611995269716,1.06719723188198,1
0.5140862071566838,4.478466823933508,0
2.504175110803182,0.7122803366974237,1
0.8240081682356029,4.533976061183765,0
1.3146064590405648,4.387850204503002,0
-0.9761635836551188,2.9597668380213173,2
1.0704285041581814,4.487508579724449,0
0.9469936677692246,4.9780814498082755,0
-1.2147198182560202,3.111010342772072,2
-1.972042808480112,3.1041816076220416,2
1.5666131229105387,0.7016461904924107,1
2.3566440941766698,0.4032799688760946,1
0.6424187419325367,4.0064224197603435,0
-1.1280344073200657,3.18330955706316,2
-1.620509080274256,2.8758761883259414,2
2.200539340933439,0.4822873644181372,1
-1.4541581852058905,3.3635047642118057,2
-0.6216755372079694,2.9982761314767985,2
2.0713804687193527,0.23021211306723788,1
0.9245969834663019,4.699921512338348,0
-1.3480509827763565,3.0362411758761794,2
1.0997123741594725,4.393512635203174,0
0.7027175957793728,4.782406538212808,0
-1.2484181644300194,3.0407512838473365,2
1.8913130161936682,0.36033238874200013,1
-1.545128349481973,2.941968867431595,2
1.450616261211359,0.9337417200289586,1
2.299415148798987,0.6633067586387376,1
2.514649212672331,0.994565552139741,1
1.2611483471050584,4.0957711374322905,0
-1.710668878410428,2.6099622912317972,2
1.9619794015157932,0.6987023660466006,1
-1.5706306868857554,2.7567217559975545,2
0.9155975056144753,4.734726073306048,0
-1.1234685199901968,3.1376025376311825,2
1.914469872815645,4.233504347549907,0
0.6457138889751075,4.160269934827498,0
0.7836105289968083,3.885980969300096,0
1.4142223950264972,3.833784010742775,0
-1.566086465217825,3.4248043134495036,2
1.2453398040863113,4.156322671884752,0
1.9259803261308381,0.8851982549435283,1
-1.4648091197859405,2.3795748875371596,2
1.867342782207842,0.5515387789371562,1
1.130544830477963,0.5478071511888947,1
0.19523190499387788,4.268436446391508,0
0.4986046980176438,4.296132859372212,0
-1.8738158272988785,2.562222939700805,2
1.9224740089385532,1.5002337267894297,1
-1.6666472893147977,2.922934771310814,2
1.3060800864434334,3.6019934281201382,0
-1.6301226831183069,2.869340821654369,2
-0.8683445923414561,3.0341934261603476,2
1.185187346983279,3.9582369847382117,0
-1.1645792884596469,2.8656978578830334,2
2.024755541548926,0.9442733791495108,1
0.9943213085159562,4.60733414753134,0
2.673627328271731,1.257310596186345,1
2.4676465173281352,0.9471115703736871,1
-1.6623936273045774,3.0177241237691996,2
2.230104032161882,0.7704142338144113,1
1.6954655916283805,1.2390958224018616,1
1.1165800662329375,4.300407294661872,0
2.1926644706017555,0.36589655380121666,1
-1.4363605879367196,2.706959439972051,2
-1.7779873625607232,3.1688688360904664,2
-1.6784924312907865,2.664618254804193,2
-0.6711132363834728,3.093224138344524,2
-1.7022984860696795,2.746777796131956,2
0.846394365188759,4.730474800704846,0
-1.121171991594128,2.691377071471893,2
-1.9229335332525208,3.0069445453259736,2
2.3980969884784074,0.8251673182565082,1
1.2543246554519212,4.076421557169178,0
2.011499376015528,0.3634966782084348,1
0.562533888788582,4.053125007406606,0
2.6262140816500867,1.4683192399311524,1
0.8699609770385344,4.266894240282059,0
0.8920295751105588,4.520234925547682,0
1.6511589128850308,0.8854765641735267,1
-1.7381645711428335,3.3635425053308485,2
0.5571703850729969,4.824027066161625,0
-1.3664284851283028,2.44317638706872,2
-1.0067938667142406,2.7790430963957067,2
0.4968192528629653,4.576598513389062,0
0.9637497998884891,4.580588853203953,0
0.8018960120413567,4.15279230806175,0
2.261795438538683,1.1746230477935236,1
-2.0117682819216993,2.4811540552865607,2
0.6363834788909255,4.413973349028928,0
1.7567609479404855,4.237420876749941,0
-2.1987743052292945,2.9554791204514546,2
1.5970188052114123,0.7576155034609153,1
1.892826867770862,1.1917197737486067,1
-1.2483527334675109,3.339874747018781,2
-2.0113636678534124,2.4077167944741893,2
-2.0459769040096294,2.014442732566628,2
0.33982633123151207,4.923867161175724,0
-1.4712730374828384,2.7656116756627434,2
1.1418448371846972,4.920607419286807,0
1.0873600296616537,4.8307357598634475,0
2.291116832289246,1.4672071032467406,1
2.009395358213779,0.9910285356679202,1
-1.5334530591656517,3.0765741959512205,2
2.1940554319977825,1.326319083128317,1
-1.9532657257473351,2.513653267774595,2
-1.3156053340367106,2.9516502589630798,2
1.0259024022502041,4.945489704083878,0
-1.3363840935356934,3.131971388569949,2
2.4153917702787413,0.5708847320175217,1
0.6359742361238852,4.285960154291917,0
1.1713402979913152,4.576380374230957,0
-1.3007817577354002,2.97949035646411,2
1.835784017866534,1.2592866856262412,1
2.238243634223537,0.6151644455845806,1
-1.31322589351418,3.725930531951061,2
1.3996902461061251,3.861107316073642,0
0.9859868246154205,4.154847552978383,0
-1.61465993426223,2.797865214912018,2
1.238938966585059,4.036246617301606,0
1.2285169246107295,0.9858722580964465,1
2.0673340458502496,1.1794268760491007,1
1.1756774374744219,1.0406820054670356,1
2.2102836681655775,0.9142311971426714,1
1.9733766602869591,0.6417198553241948,1
0.29440842860172356,4.184440357805248,0
1.4042771850151885,3.573508817349074,0
-1.5660211942716382,3.1382978428891244,2
1.5654486269804226,4.738041511040753,0
-1.6569337378426234,2.4691834797826906,2
1.894796810623773,0.28080888100092083,1
1.4216442623246317,1.036802687435089,1
-1.4841996509514372,2.7135479455372087,2
-2.1334816137286197,2.781347929782673,2
0.8184631499533288,4.466574940262126,0
-1.5256767813629932,3.4991332095040972,2
0.8364629183044887,4.4333068881950215,0
1.6011776620408136,1.3035277554505615,1
1.9596855519518357,1.1824450440337797,1
-1.6171309042211972,3.2139654201554113,2
0.8824666543571559,4.129974454043059,0
-1.6427158309935257,3.636786158741067,2
1.5525509283535155,0.7259814732869779,1
0.7015954233752753,4.2442445207854815,0
-2.050085413342653,2.620683415789085,2
-1.1203170631427248,2.76882100042796,2
0.8247805345328514,4.4350263810944845,0
0.073602317730179,3.9756590423103346,0
-2.1969867048701834,2.692250493464242,2
2.134973369666556,1.0820830700046016,1
1.0067682910301587,4.733762991091714,0
-1.1313855103708692,3.064238907946107,2
-1.5620135563180595,3.1863496370320066,2
2.0398317698783988,1.7545254937337709,1
-1.500261421121747,3.0173694764951704,2
1.2450601035305082,4.179365231190297,0
1.2392492255081855,1.3664601927625806,1
-1.418404146625202,2.7322945834355368,2
1.723001705655149,0.7223419002786327,1
-1.209692957672194,3.173132518213399,2
1.6599911106475178,1.2730841910095498,1
-1.5128514313573853,2.9425085267985542,2
1.9270648824787915,0.7347655282199779,1
1.3085673609705113,4.334430261933207,0
1.2568617715618102,3.964729640582639,0
-1.5309811662603339,2.5836864704193174,2
0.7012868411480617,4.106999258669881,0
-0.9380778748065808,3.0803413413005547,2
1.4365682615488353,4.190577212079192,0
-2.011761825465256,2.9025551673735834,2
2.0516738338493186,0.6799975814537247,1
1.6824198635575953,-0.17655872974476883,1
-2.0837570944387114,2.675008670851545,2
2.15449748004433,0.4569256032106196,1
2.0298381426344854,1.196168212930674,1
2.1147171499552737,1.9273488536676822,1
1.3903619236125926,4.5554013353832925,0
2.431319970484514,0.6145520661572891,1
1.0618982411379938,0.5264843073182998,1
0.8777186777664593,4.097501981755891,0
2.043257884791974,0.9125179294853648,1
-1.146463110627858,2.56048454635899,2
-2.0555304824188356,2.64999522596471,2
-1.731687830625437,3.2676680029126435,2
1.2692286289215464,4.406367874409596,0
0.8961216832652035,4.837413578228256,0
2.011167883018845,0.7591887068662757,1
2.5399419875708773,0.9983493649085106,1
-2.150846987042919,2.8381554401126126,2
-1.378916009615455,2.4815252496786666,2
1.7012317410404738,0.36425162660973853,1
-2.0805637663220353,2.728754967131078,2
1.474036021412706,0.9611095421763505,1
-1.7905647254487902,3.395542212983886,2
2.0744068343976125,0.8222217573078029,1
0.19176293981471237,4.177776920960035,0
2.253822752472751,0.7642335103819983,1
1.087961518576694,4.411330000625346,0
1.648106983950302,0.9208118173714519,1
-1.4440979873677284,3.1222437824898606,2
0.97275031339234,4.7370897550338436,0
-1.740601248208478,2.661510324561513,2
0.8328209900925583,4.145119226199909,0
-1.9327090689692428,2.97859476111114,2
1.9109240942757637,1.4928976891849184,1
1.414470772510056,3.903144906513481,0
2.4518040031002775,1.126190486165624,1
1.496435910832023,0.5770104313414819,1
-0.11462972851319897,4.529345539142255,0
1.8123711771526783,0.39231997603368407,1
-1.4836768003642162,2.5832994250364365,2
1.6200089399811433,0.3330821681388957,1
-1.150781297584711,2.939292690968267,2
2.138791518647369,1.4319355730563261,1
1.3221228237078375,4.095747755772244,0
-1.7930931124618135,2.612871025981426,2
-1.033107918890942,3.4296006324002164,2
-1.5732838379263316,2.9281867263544568,2
1.5190422208282228,0.4512948376718229,1
-1.6749787285909907,3.0751981991053787,2
-1.8744585827689553,2.8922311781585557,2
-1.496640612029431,2.66932745628291,2
1.208449286862587,3.9405288704845494,0
-2.0256449758539126,3.1431322534625017,2
2.6553496642433863,0.89593240189499,1
-1.5312871884132746,2.7072503539204225,2
1.7037650099455277,0.8729013127348432,1
1.678211784538103,1.0239242475042871,1
-1.9787147603606796,2.6245956608000722,2
0.9052561842781616,4.26532835469013,0
1.760890333518605,1.2585031898431103,1
-1.8767356591648583,2.8984073261123893,2
2.547366695093996,1.640340111822503,1
-1.8564052832480145,3.005424981350547,2
0.9750020925137196,4.135686839130958,0
1.6467834878557888,0.6032080827765522,1
1.9641736112335377,0.6682453049365729,1
2.0649555661387424,0.5372601222793063,1
2.925023560672265,1.3525526362879008,1
0.9418116949975938,4.071569927221653,0
1.7555771611801103,1.1711518331896817,1
-1.9923546273141137,2.448433246121555,2
1.9272549399574432,0.8636175602483515,1
1.011473501601632,4.492493773388359,0
1.0382754966159546,3.9456767319382573,0
1.6277708950501226,0.8797808530088194,1
2.5136248820537435,1.3130671144455377,1
0.8795185827909521,4.212935383806476,0
2.2611846665132314,0.31163804264109496,1
0.8703089726300064,4.650175132125952,0
1.2218942587874553,4.329437228651066,0
1.1813178605827725,4.701523154587298,0
1.8140344110649484,0.12524212116262112,1
-1.1167963545960233,2.6210324272137413,2
-1.573446284147673,3.1417530621359115,2
-1.4447879687123946,2.4085038552321065,2
1.7287307486354333,1.9004848991179606,1
-1.8019929619928232,2.774359157914519,2
0.8739515419985946,4.236049338594531,0
1.9306098710712956,0.11220738897388627,1
2.1806942920675016,1.0057533728837298,1
-1.889737321525634,2.7876963498703353,2
1.6863292779114123,1.162529956229784,1
2.261402775047092,1.1455517221136988,1
1.2997088220637463,4.63056851783864,0
0.8019587208041883,4.979123546284335,0
0.7981316863093215,3.8729198194889265,0
-1.2894862056256147,3.1756068034801603,2
1.4053547025036428,0.825029023082456,1
2.211267119205532,0.8452991645362066,1
0.7010061332715661,3.892021723422011,0
0.47572275594811886,4.770269194823511,0
2.651777417342593,0.6660442250844715,1
-1.2162983420208906,4.080442669659822,2
1.681666726114299,0.7218567055263412,1
2.3790404868481905,1.414290208595869,1
-1.1437392915048297,2.771065953063651,2
1.1941517776532442,4.08287014783699,0
1.7814337425343814,0.8668646983526408,1
-2.2254324895105437,2.9180995054904253,2
1.8527214831523,0.4441849123586506,1
2.0421334326597695,0.8333591519221786,1
-2.190690115865129,3.083014482898001,2
-1.8836327210848158,2.752603742346333,2
-0.9024348397734376,3.5402273111691396,2
0.8691866772620579,4.1503212671362775,0
-1.139218945432315,3.328879912479407,2
-1.5119683554925452,2.532919079935072,2
-1.490173799981362,2.840106519484838,2
1.8606175297448444,0.720364656491119,1
1.0487961662403287,4.508036801866647,0
1.66374021983263,0.8027289352301135,1
-1.723626649654434,3.0430882826718975,2
1.962397062673966,1.0973189543584618,1
0.950678202464626,3.849704447863531,0
1.9699008183337487,0.47582334806811794,1
1.3785383201059516,4.150908887599512,0
-1.3915663205391624,3.331353552058242,2
2.164753619434354,0.7165107661898641,1
0.9566461042405605,5.064335899371025,0
-1.2464256263101643,3.5057788787464874,2
2.169918195161257,1.2974990369639703,1
0.6416893283740231,4.1826937059536045,0
1.9380378285319917,1.0483612243949176,1
-1.6801250205704723,2.77799563586643,2
1.0598086283726373,4.263109473610177,0
-0.8272108431460546,3.2740811501240157,2
0.9360987148767157,4.411850262091205,0
-1.806325680282845,3.0533248645913234,2
2.208947437498678,1.1312241238666136,1
2.353842733934367,0.7824062038117373,1
-1.92933741767175,2.244715906039379,2
1.1153610332007324,1.311965721582266,1
0.6929822781881754,4.387938295533544,0
2.4968739754231914,0.8152114675297142,1
1.3697476856028612,5.106995735637777,0
1.0793798726650743,3.5387994931869486,0
2.1818237099763036,1.1768042104875223,1
-2.073175113215781,1.624882409035553,2
0.6221491491095741,4.3335261754115875,0
1.9248921039991387,0.7703344031736791,1
1.370774158611536,3.8400977479624867,0
-1.1092734181667891,2.824381698068267,2
1.136094939957658,4.832139262721322,0
1.3771118391032238,4.425060382150757,0
0.3544282219212579,3.976613268267519,0
1.9701435155541251,0.8496223173533538,1
0.9751040724696983,4.269857782268291,0
-1.4470959146169844,2.2898221070385,2
1.821408584087722,1.0160825003604825,1
-1.7558240182457274,2.8088286472715605,2
1.1205653736278696,4.491876188855276,0
1.9990022935001566,1.1036650956902694,1
0.8426627980122969,4.25030926525766,0
-1.5675050790916154,3.172089737443613,2
-1.5040364957094132,3.4408620852226734,2
1.8276646068826736,5.014309549633832,0
2.1376884873948336,0.8923167057912502,1
2.29900950250218,0.3189893697726497,1
0.5918687775828337,4.504202001012667,0
2.5196592750643965,0.8371787864148621,1
2.269935066951244,1.190142476039052,1
1.824016658989024,0.44765323199001117,1
-1.5558857624607139,3.1134537997553573,2
-1.3271222965606175,2.6816325933227767,2
-1.4930436817704604,3.807277956534338,2
-0.9660029542636471,2.8743112822815395,2
1.2961297089457224,4.213524126585115,0
0.826224355591455,4.080543132682635,0
2.195657326638072,1.1735370286110265,1
-1.6487003310849087,3.1919790061327893,2
2.116737165924117,0.42505258147810765,1
-1.1246067292836215,3.0541490457986065,2
2.7707204017723774,0.18950258471189763,1
-1.1391379171689762,3.1131021396990923,2
1.3546014129957056,4.615068895302729,0
2.558586375062704,0.82445520717063,1
-1.3190728052639,3.0362219169206988,2
-1.2580661115321936,2.549039166291366,2
1.379586126220587,4.681653834661278,0
-1.8905145688080847,3.325330102073591,2
2.0687051066058677,0.39619307091413325,1
0.9991270404149168,4.033057846482141,0
1.2006020349339492,4.628129256381979,0
-1.3898900072722058,3.771914443911986,2
-1.3194109864248869,2.8558674053051822,2
-1.514171224900676,2.777316346009433,2
-1.601288448465327,3.244848115943642,2
1.2733407802771057,0.893167512425421,1
1.0784695048885138,4.344003336457927,0
1.9564942269283014,0.8471585232690817,1
1.1396328061929473,4.360174540232977,0
2.032031515392098,0.4396094076149936,1
1.594832271215997,1.2359266777193525,1
2.127890876743517,0.7781486394365384,1
-1.0200691851546844,3.105257533797266,2
2.2388725132419736,0.9413634706312085,1
1.5433420294316853,1.0487229201527812,1
-1.3640741140938923,3.2700723710506883,2
0.7745266357535541,3.9162363797385575,0
-1.2598915682385328,3.169406082551611,2
1.8864021787068457,0.8185262933036149,1
2.255194791626532,0.6883451917869015,1
-1.6278102751575594,3.3056546094537618,2
-2.3731718487990188,2.795021442881137,2
2.4020622021480054,1.499463294278018,1
1.8450062228227193,1.379609163232578,1
0.5810618736901113,4.2053211390704694,0
0.7223109960842405,3.8196099430601205,0
-1.0481291761231197,3.029347576693049,2
-1.6986775679948922,2.8958225860446367,2
-1.9145480812386708,3.6254032535149427,2
-1.7034907999435962,2.9006237648549082,2
-1.2584518191777123,2.858546383125709,2
-1.1600207087466785,3.036182103456014,2
-1.2192693548662532,2.9004225386858336,2
2.025051507708992,1.0145352296110721,1
-1.8078172791806417,2.8356862575242068,2
1.116259133554241,3.8858265988874834,0
1.1879087891325255,4.887696198320404,0
-1.3336799244900237,2.8534043435380445,2
0.7273200640828417,4.698572146175073,0
0.6901474943808158,3.8133157748846314,0
2.14168222656281,0.8355441748316332,1
2.0497836680253982,0.9263002030184124,1
0.7900722452525885,3.969096879597091,0
-1.7985042594784897,2.0405008666777564,2
-1.4207272785605707,2.7266446929681534,2
1.4270996169642736,1.2416823897262708,1
1.0506755447996328,4.845248351395186,0
-2.2287008414471527,3.0065635635576484,2
2.2625256923650374,0.46500661027598544,1
0.8566827443879369,4.312289147396613,0
0.7672094544086181,4.220514722040788,0
1.1131932328071377,4.769577005066972,0
1.132794309155686,4.088144934285173,0
-2.081581449962344,2.6519466228505237,2
2.634256552802535,0.28053340022153395,1
2.0096042377468746,1.470407434901504,1
-1.6859166320538548,2.526846495498233,2
-1.978309463197104,2.8185432416064664,2
2.518048888146447,1.2098057625841123,1
0.5099959994384196,3.614768686023283,0
0.9824005431938715,4.417056345061582,0
1.750064479869803,1.1453834463885686,1
1.051604242220359,3.9515593948608974,0
-1.5483028095718059,2.743880796918803,2
2.16890449770938,1.3903267421831005,1
0.589838330283736,3.625326693352938,0
2.286587831123082,0.8571672436365413,1
1.8788745030180354,0.5723886770315185,1
-1.0014674346324925,3.0933147771594434,2
-1.607792889811178,2.4797455267327013,2
1.255539697344856,3.993379466093387,0
0.39904413750049883,4.793284059692327,0
2.4351496479964068,0.8151288385205783,1
-1.8258434532966392,2.962085107451763,2
2.14734287542876,0.7948242071239136,1
-2.403285575806691,2.960050657729443,2
-1.6858443507097571,3.329978152074699,2
1.8436692365690168,0.3444075857160326,1
0.8818116817970076,4.747283156665415,0
1.0913336551948913,4.632992869611355,0
1.0088334293998906,4.290640685109741,0
-1.3282528405720107,3.1997581054522195,2
2.192640057765197,1.0788718914881015,1
-1.9799535310294827,2.3536180987670727,2
-1.6603282522031073,3.20116266202679,2
1.0108036873820236,4.372800696767468,0
1.7880351439165016,0.7739514525722421,1
-0.7767654740256053,2.7425457291628077,2
1.5644460971905199,1.3910969669795892,1
2.076299572845917,0.8024695001754911,1
1.7405096673276332,0.6543656190715981,1
-1.4743886052391468,2.8389746828661195,2
1.194478841845029,4.615522415949378,0
2.627067547672035,1.0291748263664091,1
-1.254917519694449,2.7873791079971153,2
1.6949446202260727,0.7910182034428174,1
0.30646014374496766,4.536033879255373,0
-1.4289630459722387,3.102338553393836,2
1.1812438609982707,4.541118326201341,0
2.1876926454826924,0.9033729087582716,1
0.8115671789567763,4.3692270403230395,0
-1.9202465784556413,2.966089000007474,2
-1.3339311599257997,3.091735387294755,2
-1.2293674562589987,3.063995382421803,2
1.8275341166040253,1.5605561315370111,1
-1.7471333601890078,2.359465637072325,2
-1.3044992770893749,2.694869273509264,2
-1.7009380932221951,3.3730216360235987,2
-1.76556267453844,2.376831274212582,2
1.5082682798145155,4.905643585044058,0
0.4546771927789407,4.827436200381461,0
1.6430423527425013,4.298615300567445,0
-1.3683545184490422,3.3606280392017593,2
-1.6037937763531542,2.8224347094288285,2
1.3113294200126748,4.390543671132324,0
0.7057999195041244,4.612507137225443,0
2.6725421242826655,0.06293670676791507,1
-1.734449614132722,3.6626388320854706,2
0.7064955732991973,4.135491458142935,0
-2.56242917831909,3.1365950386930277,2
-1.2546188540816168,2.3061912570744143,2
1.0267073483396263,4.385497655330202,0
1.0602900038003467,4.338843120280108,0
1.3430653937237405,4.291947889148057,0
1.9359751634987612,0.7443400345683542,1
2.418257021295521,1.1767047261330976,1
1.2582176008391142,4.788201659750696,0
1.7460977454006692,1.5522554061325848,1
-1.2246896293195184,2.841370860167947,2
1.1350937479689844,3.6633781835968042,0
-1.5130568912593236,3.0271983961861824,2
0.8864425311283268,4.290320497064756,0
1.1225002826686237,3.8697116097056705,0
2.3706904298966998,0.6831371317309822,1
1.9425163322043135,1.6787658305439077,1
1.60519156144772,4.232268699532323,0
2.1980370904826594,0.9590581765595827,1
2.1801916202188005,0.8191333807133172,1
-1.3219450726850175,3.1997785560525287,2
2.0618526969981503,0.4730388887091079,1
-1.1326725710198695,2.8733691271612423,2
0.7419200938216508,4.3196671518412515,0
-1.641547799850036,2.886400967982113,2
-1.826578685706503,2.6257004265734527,2
1.6713967493877337,1.0924287994382214,1
1.2133818378177392,4.321924463767237,0
-2.3719507803822695,3.568353055088879,2
0.7912353479190741,4.265985984575055,0
0.9210866228891595,5.093640551502763,0
1.1056501011599897,4.16631234955677,0
-1.6884849948264073,3.8923857822415417,2
1.3096333977997527,4.363360617721687,0
2.0105567166478635,1.3113787208161052,1
-1.4931939204872677,2.2036575880589035,2
1.770512289805174,0.5043612836568994,1
1.9102496127381539,1.3262396863307397,1
1.3527312276711294,4.437978307709905,0
1.6589219289645851,1.3765055894320588,1
2.0890071553549068,0.8230388032137609,1
1.4469362174837532,4.012764987708007,0
1.205307775858305,4.1463154050742785,0
0.6103364835721821,3.924087706636884,0
-0.9786877138592742,2.557233364513353,2
-1.2895383166706633,3.045871804850838,2
-2.334374526709686,2.985589930435422,2
-1.8991615922359864,3.3247355342439775,2
0.6957207552115341,4.6707785524468415,0
1.4896607376657172,4.993389139911276,0
-1.7375753140550867,2.832518498533948,2
0.9568966867386587,4.211409255440949,0
2.5394679692074056,1.011794905702481,1
1.2915234453277082,4.61576476467192,0
1.0264824533714783,4.614224225603853,0
1.756000751070705,0.9479306046122874,1
0.5448836452962952,4.895931200583283,0
2.195046732019704,0.48029328407595623,1
1.4460938704867787,4.373035985796894,0
0.9658204359737669,4.262427552920083,0
1.0997558908195275,4.250316279207497,0
1.4966439444764656,4.318760229407639,0
1.8304547996450002,1.303833512784734,1
1.231451775308633,4.348931346213484,0
1.9076612799389825,0.6779975981675506,1
-1.7864178263198562,2.5637118321947945,2
0.8253863604177301,4.504250305848416,0
0.9306919702831409,4.2374910523642635,0
0.8221704690359544,4.3230501345348635,0
2.3212130763656984,0.376465032135311,1
-1.3755059304333912,2.9473501898723278,2
-1.7031320963431142,3.710300344490082,2
1.0546153257060138,4.419155371193098,0
2.281381440886475,0.9594752766998491,1
-1.7456898756574877,2.9472670124295415,2
3.0191597743644323,0.5007959155705131,1
-1.7608116640341889,2.6023829392293534,2
2.261366854402794,1.303187554677597,1
1.3258184959211488,1.2667527446253521,1
-1.6761799065041911,2.9799823183006815,2
0.36830273449008843,3.88712782114585,0
-1.6081756628188415,3.118954212991076,2
-2.317509526763631,3.0091346165276476,2
1.8651475329094236,0.306866755471201,1
-1.726380829185442,2.991705212005112,2
0.550563657775598,4.26536375750485,0
0.7711414188008119,4.231743456715815,0
1.1856446311446642,4.356168432359807,0
1.4701803009078591,4.5788186668393,0
-1.0952363988351626,2.5063305830475087,2
-0.6624103054337629,3.123338121008132,2
0.24247496012101832,4.871392119835749,0
1.4778567904203221,4.169488371936516,0
-1.731293234240824,3.2166827765086334,2
0.9216775490607388,3.929414219789017,0
2.399970564052615,0.8628583428089213,1
0.704238332559204,3.838854894209745,0
1.4719350687605481,4.185674928103983,0
1.665038202870086,0.8524273955440839,1
-2.4155543131894155,3.358445997997892,2
-1.4622999287354044,2.9280662145022043,2
2.2249491843143994,1.1837190943272196,1
1.9650856825394383,1.1713102113856122,1
0.6435887976409095,4.141388579282594,0
2.162274252458167,1.0789367261757248,1
2.4706112881288975,0.5961962015816005,1
-0.07184442253317158,4.61211547382673,0
1.725368492397729,0.047054820584585544,1
-1.8946918433722182,3.522931048197325,2
-1.4593410798368645,3.080028833002351,2
2.1820211445446014,0.27191471937913236,1
1.5947661323743019,4.243090025599793,0
1.7149564708991982,1.2586127081693272,1
1.7561357602478813,0.5501666107486896,1
2.34968727578547,1.0205126496331143,1
-1.882044979823171,2.94842438241868,2
0.6095467951426635,3.566618303249605,0
0.9457052130763298,4.109899668171687,0
2.690099704059686,0.8614534653586905,1
-1.7612236031807196,3.220690487343276,2
2.397601173820292,0.6206387568717481,1
-1.7800147354140856,3.504411746789965,2
-1.5795715830208255,2.6744529046735916,2
0.5461567596192838,4.614725265798731,0
-1.7442501258136875,2.7395833004364643,2
-1.416348024808924,3.33092294745489,2
-1.62055126993443,2.9104012435614717,2
1.512742803571955,4.8180628969134895,0
-0.3507435415955511,3.270393153273856,2
2.1329923465294,0.8067125275592045,1
-1.9139635374316104,2.963734777541157,2
1.0950481661849119,4.194570109082152,0
2.3241064982218163,0.9332358401516632,1
2.41174338177573,1.0245580163770032,1
-2.1564049323086136,2.2606248407818326,2
-1.3603195635409815,2.602525452125205,2
-1.180273090933289,2.8223232685916284,2
1.5644957503465382,0.3883136285572404,1
-1.3849919685542218,2.679560140325767,2
-1.4700839682950837,2.558680428980998,2
1.1178822516536995,4.881376850759684,0
2.3913839915931057,1.4819844201220822,1
-1.1944095089026523,2.9688819245321842,2
-1.3999597878073025,2.542329423028789,2
1.1518999923791686,4.284152511779074,0
1.1359236410859643,4.178634666259381,0
-1.2102056023259051,2.8021302918208475,2
1.1614003449922987,4.389939053488085,0
1.046025147460258,4.286076088111807,0
0.4646636376550023,4.064583409072352,0
-1.4898117580562769,3.1962107513897586,2
0.20103505506178898,4.183986507588848,0
1.0136222510796802,3.9846288729579857,0
2.3834571947473453,0.6758238376090617,1
2.200649302205015,0.7238190811908886,1
2.0319528139207894,0.2982530207634111,1
2.10848000447884,1.0247500760415031,1
0.5455789625706098,4.126370012255499,0
2.4907684246761024,0.8585605947229666,1
-1.3150045169290385,2.792423723033794,2
0.6057699143846164,4.125635283941428,0
2.2896677345495755,0.7634336821149073,1
1.65938643284023,4.737766519887966,0
1.9186048841928198,0.9263369375447907,1
0.467317230503981,4.388632552747388,0
0.8813475095849377,3.842776151366362,0
1.253252389555096,0.6091055472748848,1
0.5364320336876524,4.632652365175997,0
0.6489755552433547,4.437425730815175,0
1.827938288936971,1.4596843997858175,1
-1.4813499337734237,3.7088293927388696,2
-1.6727624423020377,2.737515107948944,2
-1.7617188681176272,3.034664955486053,2
-1.0134089235594532,2.00564735256447,2
0.7031721246099727,4.812699839542098,0
2.07637142135583,0.6863055858796021,1
-1.111662357419762,3.6522224317198297,2
1.1281991336730541,4.276624539634358,0
-1.5268689891262301,3.1522730933509555,2
1.5123836370955703,4.189514573137865,0
0.12312255282672047,4.694010923269988,0
-1.41052586823102,3.382376748207471,2
-1.0380699303317646,3.10405439457721,2
1.0986218900911,4.222231567372403,0
-1.5319540575351003,2.5919539695506093,2
-2.048808918207682,2.7211816698515774,2
2.0320229894065776,0.676206532299288,1
0.5934068086894533,4.375816208755318,0
2.2631266692720784,0.5690614208766966,1
1.1319435553890327,4.661624640303114,0
2.3320557079299427,0.8241218258568642,1
1.5399307209508803,4.501261051586576,0
1.0639288199614625,4.527406732554633,0
-1.2777074073454169,3.3743401222764238,2
-1.9260670092688141,2.9642613294711224,2
-1.0251926621487883,2.960700586481511,2
1.9293848340835351,1.2216475732353202,1
-1.7048010762264676,2.3418382643501836,2
0.8593480466193153,4.621467846179758,0
-1.508179494241666,3.1528310528010146,2
-1.6749429231604251,3.5972408799180493,2
0.7042402637921981,4.198786075520162,0
0.6540508479905909,4.6264645089269925,0
1.834636301027048,-0.021411853129414737,1
2.484248877755098,1.4579530727007644,1
0.9183593360640038,4.721421725037264,0
-1.9142044170953543,3.2293551798835725,2
-1.355092405115161,2.6390102447611437,2
3.179414136466645,0.8395282222914457,1
0.8680610985129771,4.174841922962732,0
0.7933532828070278,4.668829485574622,0
1.7750252946550094,0.7445088405603149,1
-1.5993816989275822,3.3144367661999308,2
-1.6167272885160822,2.949092463365846,2
1.9154425098279397,0.7924629834712607,1
-1.9421490667119863,2.921219021710006,2
1.8143545064395252,1.118664728943864,1
1.6196335997093338,3.9593583864880117,0
-1.623273328316481,3.0375286391209078,2
1.4648918470419636,4.715335631200554,0
-1.3607972992858242,2.4366323022395826,2
0.5746560502026092,4.150550311787838,0
-1.3630462108548662,3.362286237759574,2
1.821540000452307,0.9145698046695183,1
1.2184210479990973,4.14122381068654,0
-2.048249371840706,3.1397869600998964,2
1.5928648525568696,0.6358878553033724,1
0.2747945781218748,4.435694109746202,0
0.6210810108394407,4.0929711786943885,0
1.711212004910291,0.461557700886244,1
1.087296394302033,4.668506564701693,0
-1.244038779013665,2.9684427504870987,2
0.9522143066178135,4.222825572397633,0
1.7469119561886073,0.6608224160873392,1
-1.8216235367437845,2.878441718167396,2
0.6529008730129944,4.798040421852911,0
1.0797927595239056,4.598693406208334,0
1.2440434443719646,0.6926148815335352,1
-1.5144274214891356,2.7324258384822184,2
0.9401434804187498,4.44749680312682,0
-1.461758528743381,2.872979950696986,2
1.859237037903572,0.4256251272692651,1
-1.225366076795638,2.679775669486434,2
2.6477148815444105,0.991727604841701,1
2.3754077487202254,1.1193122135545341,1
1.7842715766861295,1.3229013180555445,1
-1.6666551255664366,2.2677158942082065,2
0.8591525164625523,3.9959423433894057,0
2.0283270745158193,0.5156266344140892,1
0.7058605826646223,4.204518419158611,0
1.737023688124567,0.3954678143640654,1
2.0944024427671546,0.7994993454175839,1
0.6187241301429035,4.1392788166191385,0
1.0310473668343765,4.3850506901184865,0
2.471532414187437,0.42831463257833663,1
-1.3908431371137535,3.0183059990247805,2
-1.1957791238984279,3.5153157817344773,2
2.1806356983355335,0.6555809888349053,1
0.906830464659479,4.336754632556941,0
1.0776293415662972,4.1808947927322455,0
0.8794086933991947,4.107492843129136,0
-1.8686130681665534,2.7629800487318463,2
1.0061084796461304,4.33858502279638,0
-1.5374233432005011,2.567544220713842,2
-1.1618605249792187,3.0111566569703077,2
1.9471932962349516,0.623271094213985,1
1.4996089121698275,4.199627958364941,0
1.7336896557368333,0.9376293200849167,1
2.338572257019,0.8978231351518946,1
2.2384803626323584,0.45470222098603663,1
-1.5933407453767099,2.368679107178817,2
0.7091795501757323,4.835256351471292,0
-1.818247071397151,2.9954767469766885,2
1.9772125553221962,0.6328953297743243,1
1.9271996059001866,0.583493145358311,1
2.3747416570009836,1.0522889406050624,1
-1.318851227879618,3.1485959996027155,2
2.3982536630891125,1.1295121082944366,1
-1.5080807662396332,3.0607978717913062,2
1.8705707437049377,0.9303655679834677,1
-1.1776349134676694,3.0583594474642775,2
-1.3225626004549766,2.51625467563089,2
1.8201802206649151,0.6537740898613069,1
0.9510445210837615,4.613227456598942,0
1.484080553680593,0.2036984857474733,1
-0.7705796913940475,3.2213711967323713,2
0.7296080994226344,4.5611650408114786,0
-1.3327495446478248,2.656211488019104,2
0.8606868159039046,4.011604820211312,0
1.6034487085704177,0.9658651132345161,1
1.2739558177796984,4.010093860738644,0
1.3562810691639835,4.236215508185413,0
1.8894536396984667,1.2379361632482084,1
-1.9227285595737305,2.8617555912056347,2
1.1977084671397782,4.532639442541201,0
-1.2470213907125849,2.652478819158402,2
0.732555749695116,4.202148342167036,0
2.164924176422469,1.0461884117084372,1
1.6699622174913058,1.0152493328059164,1
2.5464190609654023,1.0120819976100521,1
0.523770160143288,4.397255131720604,0
-1.03609167932317,2.597732265164755,2
0.8786265166904345,4.489229151664625,0
2.0845436233193553,0.6960209387573864,1
1.2609783643364325,4.46943903566857,0
1.75116598891336,0.7112446652317537,1
1.0221391357726066,3.9961037231551986,0
0.5189875455235848,3.9631057388035282,0
1.935381793538798,0.7117927223879872,1
-1.1664880187066669,2.9126230472469357,2
1.8133012567387454,0.40706594207874114,1
-1.4755063806128113,3.3832929056092653,2
-1.8331433388223013,2.834030518698704,2
-1.9468480774913761,3.2831803578736234,2
1.8933727474644364,0.6164340661966325,1
-1.9027041391306896,2.8156800313849253,2
1.680209917058593,4.28817892818884,0
1.3088010246804513,4.250812304544196,0
1.4507048520177066,0.8777642234050275,1
1.7226504144170027,0.6777851458706412,1
2.549263266984725,0.44098283804903254,1
-0.932182534507158,3.5194096018594587,2
1.0749999683768516,4.1854451373817865,0
1.2569881871056756,3.6575011338657544,0
1.760297718970781,0.515454211259077,1
-1.5255483309058233,1.8083897523104713,2
1.8681095227818116,4.151213884415159,0
0.27211196681084693,4.510183589399543,0
0.8035590711724515,4.57877578096739,0
2.9902797840018507,0.45610955158714017,1
2.0579976797639485,0.5210574308957993,1
-1.7984689571114678,3.1804589143308513,2
1.7667338219397613,0.5307358328246281,1
1.5859888641984892,1.2676241846310665,1
2.0703443125351564,1.3922374679692282,1
2.475056466615719,0.5767369828098872,1
-1.5901194135965253,2.364236398340459,2
0.14691466171718404,4.606205632622567,0
1.0894448645645856,3.824500434031885,0
-1.2310338579814089,3.276528127638081,2
-1.6670120466086744,3.23550161861512,2
0.9191308464548825,4.273527978499524,0
0.7996765378751166,4.401814802373909,0
1.257123697111033,4.404939389786768,0
-1.4252497364633856,3.381825909810394,2
0.898403124961473,4.003165359715705,0
-1.4873701378480626,3.165947709674161,2
-1.3358261691811246,2.9111269481243696,2
-1.349037963155857,2.4486616347689756,2
1.2518893493035756,4.276760802872451,0
-2.1005727382510626,2.474239818774745,2
0.39778880375799985,4.676861713999301,0
1.5274991957393371,0.7918861319087291,1
0.6655450668759556,3.610508563570016,0
1.9974208685832482,0.902637214376014,1
-1.454907743175562,3.037902977632439,2
1.3162287450266081,0.7236946312786895,1
2.0908892390801057,1.3329830378982617,1
-0.9531836751563812,3.4627745940455363,2
1.2506094994261259,4.598875109962974,0
-1.777407967821425,2.3271615596060453,2
0.5114684589921568,4.384800693376014,0
2.049885566205249,0.7778221222313729,1
-2.1153214094183044,2.6395999253336986,2
-1.8261807932238117,2.8007450019215647,2
1.979792430872345,1.071759669762683,1
1.4198641577330249,4.478611709162421,0
1.0113801303185892,3.975210317538855,0
-1.642655766844387,3.3589660840965405,2
2.2739637632915812,1.2035444308271772,1
-1.2880538628283755,2.6107053870482853,2
2.5462808718404997,0.7785532785843411,1
-1.2640604362209533,3.280916687564599,2
0.8515839958766237,4.549314822577362,0
1.074413891714269,4.181668525344226,0
1.6995361162719584,1.1833177637902255,1
2.160445883337749,1.2259608378816618,1
1.1538449890483378,4.238071871697184,0
0.47955515078371963,4.409995503856511,0
1.9972513545339399,0.7939748240002462,1
1.6051037080156356,1.1023820430284728,1
1.1193308351627005,4.867811799359655,0
1.2548269085201316,4.184723151652805,0
2.3509653518123463,0.6882145094034621,1
0.8533296222588138,4.954509354448388,0
-1.4747940153795853,3.022389851903176,2
2.5785799040878175,0.868131690117128,1
0.8729181902090671,4.689659579463191,0
1.9400890837947415,0.9315221728504908,1
-1.9840265409096456,2.720039275562445,2
1.0405100744523141,4.950867148991176,0
0.8439077621339487,4.6022985114924975,0
2.2319633449432184,0.908479230203245,1
0.4048269103936827,4.560590548197642,0
-2.085692456085454,3.03892272750518,2
-1.831823974484457,3.1122172209590033,2
0.9922027703296943,4.525016238630082,0
2.3032602403040294,0.6025290753764965,1
1.541565770934211,1.0705991151251286,1
-1.5918068697603502,3.2607624330849716,2
-0.9137462717396452,2.706870129722948,2
-1.7120103931949575,2.670928673969981,2
1.750377649248167,0.969102580813693,1
-1.8470094650368636,3.188690318529402,2
2.4484170594388903,1.6786830522784235,1
-1.4020783218913895,2.8496893585927605,2
1.1231035164956447,4.627339235133868,0
1.6783793186084424,4.41020366073027,0
2.0224898113408023,0.7038658049026268,1
-1.3961315609172034,3.2520179912452827,2
0.5729245734106698,4.614668523965462,0
-1.5215173916731584,3.843452187358791,2
-1.558056167075197,2.880650385182319,2
2.244722145034014,0.48778642138158207,1
2.0989348666731575,0.6777673281888993,1
-1.6615601095538202,2.5127168856425492,2
1.7931977526205647,1.294223652128358,1
1.838782755276873,4.371628435373335,0
1.4974591421241987,0.6202839918689185,1
1.1330244609854334,4.039274561294296,0
0.6496928342335597,4.220215616552559,0
-2.3535516916417882,2.8859964410462244,2
-1.5118429443390442,2.877621039601288,2
-1.651133680096966,2.901575268112422,2
1.3250478964199126,4.111939213722181,0
1.8617087791919693,0.679516227783061,1
1.616164720423804,1.503745624540572,1
-0.5537827428695251,2.936778241157879,2
1.6405038323998296,0.8040710120985187,1
1.6603303712515023,0.6272522629017595,1
1.3896520067902567,1.6183890402623868,1
1.937664959263052,0.988059854171004,1
-1.5476005365149486,3.33456096689896,2
-1.2085137351635962,2.8374538005358914,2
2.632504369083177,0.47772376031195507,1
2.3413157436900893,0.8155340861995638,1
0.9634610260258086,4.274309173663802,0
2.096597216775487,0.6919489602528692,1
1.237603079642801,4.629000961006959,0
1.7060080476689288,1.0235281022184808,1
1.098129310881128,4.535927658836101,0
1.3399538326789324,4.47147065588277,0
-1.4765498190858375,2.0996901125828527,2
0.7297506798688527,4.67993367773795,0
1.378380417854973,4.40122961210245,0
2.495948949613684,0.7904147916301978,1
2.0103412634790434,0.6547136774447719,1
1.1392262953597208,3.998531888228602,0
2.0803814235050213,0.8646354837880557,1
-1.29693575809011,2.6204838287797534,2
1.0223209673143192,3.8118413108612286,0
0.791777001596565,4.004006618223566,0
1.0224391930720893,3.610589370574261,0
-1.8919022456837675,2.5028632870609453,2
2.52948948311626,0.9705518799733359,1
2.429543478895814,0.72693553253951,1
2.3967900403193454,0.7515876134889747,1
1.8989422987048123,0.6468530315230259,1
1.8390112774649303,2.0227416856694305,1
1.1522490192549126,3.876504225951778,0
1.240167091988963,4.676647749682688,0
-1.0367360450236889,2.7809559888884725,2
-1.582758093801106,3.0317519081838635,2
2.0920133185627456,0.8682034262096749,1
-1.0790924985647439,2.4032730203784083,2
0.788031758028575,4.225262365223358,0
1.794514081928503,1.0231538775214537,1
2.0286331692101434,0.6244547604968981,1
2.293972322263771,0.8578047065293355,1
2.54133943153657,0.6849596840943629,1
1.1060588289948807,4.353508959263922,0
-1.7586050711287564,2.991377549369146,2
-1.632638550328338,2.2793029980074038,2
2.1483924911891283,0.9404061179552899,1
-1.7344078520112065,2.4712475381088277,2
1.8943040886552402,0.9315680153352608,1
0.9848497098180348,5.000179904578687,0
1.0475637856045856,4.306283244681649,0
-1.5655612936493495,2.882170277194839,2
1.3843235591041883,4.5784947045638775,0
-1.7587411006738347,2.516381620059909,2
-2.07679475735659,2.6763324219205185,2
-1.376363944780714,2.9381989515164473,2
1.5626956933221714,4.202218681585368,0
1.3740775787469852,4.551769306738192,0
-1.2637919709341476,2.9420228572907314,2
0.5066169369420521,4.380297243025165,0
-1.5118511836182071,2.8367369490137184,2
-1.323583201045264,2.848162770948833,2
-1.418600083463856,3.3409236700140044,2
-2.140627561007576,3.2753625060259592,2
-1.7870250090293671,2.779640166606621,2
-0.8674695978112293,2.705872646575603,2
1.3505448423901492,4.179317379237022,0
-1.0354297246279422,3.6444201768255526,2
1.9285301139019064,1.1337204343363532,1
-1.2753566804729992,3.0995940400318305,2
-1.3400572800847714,3.574953053075604,2
1.6002311942889278,4.299066164172765,0
-0.9983630643476531,2.6351674201033086,2
-0.9831016248347745,2.8050136640292664,2
1.3559102910675302,1.0493742267959496,1
1.869594550338609,1.3529145791898596,1
2.5119920798446866,0.4881424441251962,1
-1.172254984937817,3.175312315860738,2
1.933348818185262,0.5993807952024166,1
1.9825221806697502,1.1134274067353842,1
-0.8137641355370181,3.0024022657722593,2
-1.1417107503183073,2.270443071007773,2
1.340300264315291,4.361412660782629,0
-1.3569912313631471,2.5417696011741864,2
1.530201841262329,1.0429265693786585,1
2.4922651113458683,0.9760627971191018,1
-1.80221315294764,2.5921398960804547,2
1.8365676216811706,1.0153423082680533,1
1.487788181310574,1.0495790849354307,1
-1.8056047115383584,2.9849724623824674,2
2.4300285799147145,1.293622462747252,1
2.29943327362509,1.0350530218697096,1
1.0051839398011655,4.0162502464915555,0
-2.296419691482742,3.11890509962402,2
2.222124378664644,0.6961301426375522,1
2.58489995415247,1.21863767735721,1
1.9923177951005262,0.7998820763100472,1
-1.5999771604944601,3.26667576956623,2
-1.8453571252100145,2.7216661480268747,2
2.180425985782952,0.8138250612012538,1
-1.557702827647793,3.131978266370515,2
1.3516926950871007,3.905288572837973,0
2.1925804158336946,-0.009849234914939387,1
1.814836143324783,1.0152319371644325,1
-1.0397017746396406,3.5552655970146168,2
0.5116087728812542,3.5875767667014693,0
-0.702182351340717,3.193723549413881,2
-1.7612007581182871,2.7333004567771617,2
0.6061937169438633,4.254744993444069,0
-1.9225847130403755,3.1309845080439724,2
1.3720638694099514,0.6443855098787631,1
-1.957973476705911,3.161476613450036,2
1.2949870383387758,3.5759671806536715,0
1.1446603727825875,5.269561617355944,0
-1.7219543516756317,3.034614286182189,2
1.5822197280185715,4.429544016366782,0
1.9759164490268801,1.346264724151932,1
-1.0636012881752628,3.354218190704575,2
-2.1300949082659577,3.4278431948743733,2
-2.0063091005945113,2.6019565943023424,2
1.1294636012203836,4.4095445271176565,0
1.3304149300944612,4.073504461781981,0
0.6236258720224536,4.502191607802765,0
2.1696909737156465,0.5514965579859232,1
1.4559101283270344,3.6309521879591165,0
0.7156058908295411,4.014533838917735,0
2.02440843667387,0.256842188318517,1
1.4382619949030286,4.412675623505066,0
1.6783586737443548,0.5540368844481535,1
-1.734873202231944,3.273637760935646,2
2.0929013251672366,1.0415152440635884,1
1.0860970342271876,3.839279913271505,0
1.1043171543173953,4.758026170889145,0
-1.3796322053057875,3.098108879795012,2
1.9565561323374088,1.2038705143996202,1
2.073514137617707,1.2268914581521217,1
0.6502915727842876,4.852293585513363,0
0.6916688798309362,3.699588416632303,0
0.9419136546244193,3.9934723364287508,0
-1.5602067880476027,3.198846291993291,2
2.091151982855155,1.4584953700702443,1
-0.8256386263727059,3.2296806232003425,2
-1.413504166547236,2.376492957981766,2
2.696283945582403,1.1830629721363533,1
-1.6386107728923502,2.8845761751003973,2
2.2024957284840547,0.6972978573708664,1
1.5239556861133767,0.22724270587506468,1
-0.9820697496023364,2.7268891666324926,2
1.1114283105309242,4.339090799588449,0
1.186049358929299,4.214076414657015,0
0.978348663581771,3.93667219743644,0
-1.779105069683177,2.7420416006721204,2
-1.2272730227375503,2.3000406938194624,2
1.0558411610967133,4.868774668996469,0
1.1927378977115,4.36789375450288,0
0.6251270636301339,4.36490767968314,0
2.4310227759584966,0.37781852029859464,1
2.158857289256436,0.598483196908616,1
-1.1104313440277442,2.808010529847592,2
-2.3602990049758,3.027196360317,2
2.1847254751991274,0.982709571095026,1
-1.8177109696566465,2.4902206692508546,2
0.9908572087587305,4.57451841757838,0
1.9630444154567992,0.6459173178680879,1
1.0994181408701709,1.0065402353650559,1
-1.2533725614398028,2.7345714716833935,2
1.3900058110147158,3.754058219659525,0
-1.3561470538947884,3.212811756805529,2
-2.120129867442193,2.0680312012019155,2
-1.015522092318644,3.0207095190167004,2
-1.595193592829787,2.991717058040407,2
1.9967408785470833,0.9407299470940632,1
0.4336198077672767,4.449848914809532,0
0.9925049731280121,4.659923855576301,0
1.1745609390828693,4.354993883548755,0
-1.85039796490556,2.6881566508730614,2
2.194275123572546,0.7118018544195444,1
0.85639781195884,3.9539868216518577,0
2.3501224684559974,0.2067527601111918,1
1.952822122731931,1.1232005394173838,1
-1.524476828415555,2.793131952612192,2
-1.2592492786817633,3.4122658411583755,2
0.8876440000770812,4.688182897652436,0
0.5558781223439466,4.095042080980868,0
-1.518940964640583,2.4542072886491417,2
0.9216617166974445,4.670969943220394,0
-1.9136457054778515,2.755489976007844,2
0.4044414723680161,4.617445845260634,0
-1.3804614200691523,3.080721725339457,2
0.7114973434382332,4.409317247537258,0
2.321228281297936,1.3543350519411423,1
0.7004462664661228,3.799566007329784,0
2.0774489545658272,0.6833758492966497,1
-2.0381224102164297,2.204628874575043,2
1.346555225065155,4.51561480286454,0
-1.3772381084002363,2.629496143218497,2
1.0731542873687092,3.984478460536038,0
1.8467104964973786,0.759935174333012,1
-1.733716014484247,3.075053509853833,2
2.5127086009814317,0.4682818901931726,1
1.991339272779007,0.3590820755068749,1
-1.7907907639953045,3.0366235269901414,2
0.9148918542623813,4.731341426894984,0
2.258019915884678,0.36211579050693987,1
1.807400298601581,0.7607634076961417,1
0.8260417136962257,3.512002055113058,0
-0.8790018948717774,3.6399444796985434,2
1.5036503336788003,4.166210588920685,0
0.14718887012489035,4.766555282818671,0
-1.7910819948949606,2.937926344852033,2
-2.203793614543946,3.1841105085010204,2
-1.2625873696936958,3.0133233992280357,2
-2.67043944196023,3.1268076188112235,2
-1.4192887035950879,3.3926961508209366,2
1.1969020414779699,4.454666229082432,0
1.2013391694152475,4.509666052639668,0
1.9170159707423533,1.1461410487421735,1
-1.411287234637526,2.8742082134653586,2
-2.217315109368469,2.868270908188459,2
0.2646195918655557,4.346852448849998,0
-1.1872842934368422,2.5181951605364277,2
1.8093471219367836,0.711307326587858,1
-1.4464180133649158,2.969952939056963,2
2.024212201900645,0.6296506258261163,1
2.409274377355043,0.65491195405467,1
-0.9696651637264359,2.7376355148215836,2
1.8396275020296429,0.5912453925855166,1
1.6324424547077034,0.661329441220335,1
1.8415767794110525,1.0787090374567712,1
0.5150690084472271,4.493140204434322,0
2.552745424683971,0.40955210225294114,1
2.4646801296730136,0.9576547883392769,1
-1.3155409958366473,3.3704877207991895,2
1.2210532478022311,3.9323595268423217,0
1.518121246925089,0.9976308450559521,1
0.8538782199911089,4.0690218467557875,0
0.8402450378310723,4.0774101219914,0
1.2835435378101556,4.690108228321181,0
0.8416188303137512,4.500138338422563,0
0.6474715670309154,3.9355438689850364,0
1.278217680470864,4.077149018458353,0
0.9389416427654163,4.131162291959716,0
0.857731313640606,5.015954217855794,0
0.5189856804391343,4.884133065314756,0
1.6774019959666875,0.7968643745636984,1
2.2916705697606234,1.2500156455553075,1
1.8896511365477044,0.36799325358435997,1
2.009560087369033,0.8483145647617869,1
-2.1434260956321154,2.722305739815877,2
2.1680944958753896,1.1322910845944332,1
-1.4229288600713197,2.477207728121792,2
1.138089538683774,4.349236363833867,0
2.268641081783022,0.9682478471632433,1
2.344343828129326,0.672520205954206,1
1.2014137830482066,4.035734409501359,0
1.9027962912533998,0.8610702682453443,1
-1.655325035330199,2.771554589908758,2
-1.5734632171006508,3.035339962430984,2
2.382741012368265,1.130146398645877,1
1.2674273033173824,4.306188746937214,0
2.5574600865584065,1.0680290504213328,1
-1.155907285756149,3.146073906294686,2
2.1723506037364744,0.8010865086046576,1
1.7866046422899993,0.18435612840108773,1
-1.368565208396503,2.865842153703748,2
1.1757155897765268,4.563330195284281,0
2.0620657503254693,0.8111160230493667,1
0.4442790176914413,4.22800082230095,0
2.6727381433564883,0.7739311169135503,1
1.0195094248439887,4.327213642406916,0
0.6068341275217312,4.512251511101482,0
-1.9366458104642148,3.3676237379012264,2
-0.7539277500563735,2.8713949099578517,2
-1.46044906471074,2.7851263103793413,2
-1.7302654955405694,2.8484493527830175,2
-1.869583193463817,2.8662771177914146,2
-1.1800651722772955,3.2963416649808552,2
1.3158827740753367,3.962347544170176,0
-1.388404649989218,3.079294321822836,2
1.0488148399872617,4.4114937285861915,0
-1.3362674522015334,2.9052481533644228,2
1.4773187936537469,4.815562287221537,0
2.1497111415621495,0.7311937553825887,1
2.259185959684072,0.6596869563272734,1
1.2611023570200355,1.080254578736108,1
-1.7779645250180132,2.680828274412335,2
0.9167208458312667,4.38382475736599,0
0.8564704826302915,4.162284280228067,0
2.2513766286630963,1.1155724749748352,1
-1.091206981121725,3.226549061958938,2
0.5248641065565514,4.510377980208853,0
-1.6633294591689507,3.0360099373594718,2
1.7797647121942135,0.4086368138008684,1
-1.4237025583403091,3.2279003745190216,2
2.441571716155941,1.2159252209256852,1
2.09991835813871,0.8488292389872648,1
0.7244085425533675,4.019239781454463,0
2.420041789770638,1.3315133309131184,1
1.970106762909726,0.5621320178216229,1
0.3434197042721071,4.447754312462553,0
-1.5507928397982536,3.1088871689572772,2
1.6150550947349418,1.7511042959229317,1
-1.3820002827651847,2.8141332983180263,2
-0.004500900890604398,3.8878387798943335,0
1.9562551800685217,0.8532590671654894,1
0.656677540397408,4.241327442234348,0
1.5886149653137784,0.6124917544297688,1
0.575876833686936,4.051936477877107,0
-0.6324567146650868,2.993642458982935,2
-1.6155186421869985,2.9117959389135573,2
0.860416367355884,4.461388418174961,0
2.721503160886327,0.448124448254352,1
-0.748232399870768,3.4224291602446795,2
1.4769649639994822,3.8405943233200315,0
-1.5899511807476436,1.975165080967355,2
1.5042528415459755,0.3252624567143535,1
-1.9514511679876148,2.593155096486081,2
-1.239890514542499,3.0495608849005174,2
2.0110335862091238,0.6070076850799417,1
-1.2892397897659675,3.5964138251574975,2
2.6857510232788666,1.0702462049506583,1
0.7159848174011895,4.248133039404364,0
-0.9992348046054448,3.5844218907287457,2
0.9753750952247446,4.4884754944670755,0
1.7264116880755045,0.7855524738147472,1
2.682648680737354,0.5946106530233484,1
2.3789908237186337,0.8193401490199429,1
2.460884074259083,0.7131241945335557,1
-0.8937593321429245,2.3649299618252133,2
1.7902866712107333,0.731409975846483,1
1.3135137002853154,4.047494637602564,0
1.8726726904552957,0.5829426693166044,1
1.8039641688551147,0.8698641574820499,1
-1.7208949478335005,3.056514957615563,2
2.551795393670761,0.5554939375120618,1
1.3716732541954428,4.425938574179951,0
1.0456845493208646,4.720279644876929,0
-1.1388182985528377,2.975958125865681,2
-1.4799924037989547,2.193878100840212,2
2.1420916896633173,1.1630068307665224,1
1.3515416285855109,5.086549498280906,0
2.651588941455383,1.4263833170719649,1
-2.052026214312263,2.3310930629386264,2
-1.9064519792328234,2.723574089662162,2
-1.496116380485174,2.563568667750981,2
1.5319866118573735,4.078647166822331,0
1.1661838527710737,4.554365940151337,0
-1.66853482074637,2.9317012486010254,2
-1.5959328261187486,2.8572870469834757,2
0.33037755206846575,3.3941645379198166,0
-2.020776404861446,2.9357880788019415,2
1.8604989626710944,4.923259813317246,0
0.952973081902652,4.3151028207172795,0
-2.0824334299825797,3.1905247662951473,2
1.848756338681187,1.2864142118682118,1
1.749592975383139,1.3029116775411858,1
2.23549504015164,1.1017442019398178,1
-1.0962551577633122,3.2747439754729157,2
1.409819516141215,0.667904214769168,1
-1.6463678969996172,2.6653077051227028,2
1.0426659927744937,4.899686880733017,0
1.8745616873746103,0.5162107326575691,1
0.5136312462009163,4.360962214198834,0
2.0161984484767,1.0926566227877277,1
1.8843186842653483,4.162376024600562,0
0.4156274614061072,3.9932739978026257,0
2.5586912911603874,0.407597527403892,1
2.265435805577017,1.1296298623596839,1
-1.4668939508615364,3.258644396184793,2
0.8154008237521915,4.305041449532494,0
1.875636408128521,0.8599022463100393,1
1.5135599290806356,0.6407254683235404,1
2.024213976773447,1.427133199742042,1
1.9711816555931938,0.6974498923949052,1
1.6672050604311597,4.471020324364154,0
1.3375329300072094,1.2710477597226242,1
2.0696356168486734,0.9754766727456432,1
-1.556957024484636,2.947171130713629,2
0.4965040846564239,4.606765850433939,0
0.8192016239595703,3.693321612654506,0
2.490252308231709,0.190685338915478,1
0.5116367468722991,4.078327262257379,0
2.289503010582075,1.0705015338686361,1
-2.084170147891466,2.605895463540289,2
-1.074374545526763,3.1819147191512727,2
0.7832182378879329,4.115095525246993,0
2.000036020429946,1.0815738185560586,1
2.558559465354774,0.9118498717195375,1
1.8245909883082556,1.3168921058969094,1
1.5648515300739996,0.07852842518191083,1
1.4507315235317213,4.522651139967299,0
2.1674628340482722,1.0479772341115674,1
0.7368662643384692,4.884630106114845,0
-1.6218997263366632,3.8278617432923516,2
-1.874278465163313,3.3185468157185576,2
2.3597321944595135,1.0206996039523424,1
0.7640303586742704,3.985751536933771,0
-1.4476378843551354,2.877720140222015,2
2.217386934296529,0.41670225101711517,1
2.031256609520741,0.8184373570588841,1
-1.803881592953461,3.1375186090384797,2
1.1409216792427637,4.412793802492344,0
0.6431941530796254,4.336512569751008,0
-1.8575303463803687,2.416747282016666,2
-1.752121801672428,3.431942659292036,2
0.7721461253608999,4.529187922061609,0
1.8865052331925865,4.24127011790323,0
0.40307287804507985,5.225898307741832,0
2.1979307186803188,0.3072702597729622,1
0.9312721198742107,4.602560269428171,0
0.004194377646893455,4.706894218621669,0
-1.3040045321109803,2.8703243094940945,2
0.7993946675039516,4.0182602877505005,0
2.6074132933023764,0.9899523738013608,1
1.7469122249406936,1.4275373669964817,1
1.9150511101461996,0.7590213841582816,1
-1.0836244534087838,2.9166466703559473,2
1.2192667380197124,4.313979817146653,0
0.7564394326719425,4.135427835987114,0
2.1841024398294135,0.7767202876703614,1
0.6825747875517203,4.650329811806108,0
0.38714769609130895,4.424203475746613,0
1.6446336550608671,0.9966613969446707,1
1.0472784441014127,4.7401306267614425,0
-1.2620011452308488,3.4223770885962694,2
0.5473676469559363,4.5993143691889316,0
-1.5187635642147577,2.3356893664373226,2
1.7745541003385314,0.4159163181915622,1
1.7968887761723253,0.9142288376561947,1
1.1744797315584716,3.7220103471213357,0
0.6060259648034588,4.139559530741928,0
-1.1769993910917973,3.191599111757169,2
-1.3706095118559418,1.9365334981700342,2
2.0801675638693258,0.2509429396163575,1
1.787087662501104,0.8479857259373941,1
1.9760843645788164,1.1778570849368817,1
2.074071456455773,1.2098653165096267,1
0.9223447390978027,4.721551415710609,0
2.130478969195312,1.1659980406138477,1
0.504496180626303,4.037236641558595,0
2.072549939309679,1.3658067773481704,1
-1.6101160711066111,3.358112613912597,2
2.9125747301597604,0.9036428776817744,1
2.40771193125058,1.071573707284647,1
2.247916786817254,0.7518300197432872,1
1.028585194041937,4.579807594021399,0
0.6157927293883533,4.181307149842203,0
0.29831258593926135,4.251467923196356,0
-1.466187211815747,2.7356630577012715,2
0.6791750841512275,4.56619972903015,0
-1.1388191523885267,2.7174237694835006,2
1.822212495228226,0.8794247680076999,1
2.1900468125378563,1.904986937259244,1
1.8234995318203926,1.2417518088012065,1
-1.6233883415109434,3.7491567557636856,2
-1.6223358462830053,2.4720708235319027,2
1.929083838334755,0.9226113030654605,1
0.880054322798669,4.2557837472607964,0
1.9943957605366898,0.6086281006393338,1
2.4993052249123267,0.9321126725927307,1
1.4206877411565013,4.0553383636972535,0
1.4857371792160068,1.164605386854614,1
-1.1793984311083645,3.2124643456029327,2
-1.0305538915144719,3.152584949652007,2
-1.254718166645473,2.938026547375632,2
-1.65434783926134,3.3493526602769466,2
1.7790300036240616,0.8319064061382535,1
0.045262407346256195,3.9709678356562716,0
-1.9556282528999946,3.2920784842210398,2
-1.3271401479720542,2.46781615855788,2
0.5904895117290134,4.295195029173557,0
1.7677417020127677,0.9197434233098086,1
1.554174295903648,1.3692224593802054,1
1.3205427470727078,4.273822093467716,0
2.330888083526166,1.2668712370768604,1
-1.595874024757495,2.501922864807929,2
1.37451560631454,4.750229575242075,0
1.4975446652725632,4.48624363934489,0
1.159411687087322,4.115633148453068,0
1.2708410209722678,4.216476824392058,0
2.25642197364949,0.46829888394130353,1
0.9059524419261707,4.346673288627046,0
-1.2571708770795746,2.9220637114343875,2
0.9123204582733849,4.103614861224222,0
2.1005909077952754,0.93010276573056,1
2.057927409989904,1.3511893591593527,1
-1.2471463705336836,2.4738546108715482,2
2.6446586539217023,0.8620414559381694,1
2.4231622308108833,0.769427603255188,1
-1.353939202858335,2.878843524795319,2
-1.3310430370275401,3.3521504373596303,2
2.491144368332521,1.1019176503991068,1
0.6621797541308544,4.763151955947738,0
0.6278940731196987,4.758616671556099,0
1.518080474180472,0.8192503713967675,1
2.0747534012666464,0.7189368346359005,1
-1.6229803561571985,3.886067399479027,2
2.0028373663255823,0.29679882021811366,1
-1.6531696663060154,2.590536405986823,2
1.388636356115054,3.8767463225223464,0
-1.4250783003223941,3.3977699699584134,2
0.9367916578831093,3.827599131810231,0
1.9422905818658616,0.653642127505643,1
0.8825583494105781,4.3783990197666265,0
-2.1516966765614627,2.7678740247738416,2
0.7717387321875324,4.431744338527013,0
1.7892913562835093,0.28845293522006,1
-1.910077968841649,3.1678163376330035,2
-1.2232767516895775,2.993495213567936,2
0.7389610549989374,4.758033354176274,0
1.171317758286596,4.845877642326389,0
-1.4076650303333371,2.966382786647575,2
2.365786356573879,0.9243623777382897,1
-1.1513750699195129,2.915987194568084,2
2.1115914652957892,1.197925052281691,1
-1.3323410708076313,2.7136368660663037,2
-2.245499439957601,2.7843492108372336,2
2.3642064060807035,1.1920128976997928,1
2.2206705705154737,0.6129848332976313,1
1.704366968643228,0.9071505305222924,1
-2.122672485614661,3.0008921308782988,2
-1.1688131780267321,2.5567883697924896,2
-1.8800473882770494,3.0706786600850173,2
1.9868117293263647,0.7615721758949447,1
1.8339062164090254,1.4182502434145596,1
0.48172904767378155,4.481387934479129,0
1.3551354724395837,3.6206185375432547,0
-1.616003248811506,2.9659985090910337,2
1.45385622538236,4.062480112855912,0
1.3835966525113594,1.2394915376097129,1
0.6046141729463056,4.3078243940775,0
0.6593325502196719,4.396551538232152,0
0.6071501161517403,4.590874070512029,0
-1.3519520543191166,2.7745706414357567,2
-1.270519707813177,3.1546139691673103,2
-2.169307348492457,2.562528554314155,2
1.5282509529110286,4.019306592154779,0
1.289938328549151,3.792366891397768,0
1.7447112717157678,0.24379989537812363,1
-2.3198936145375266,3.2192545702577346,2
2.3403161491744298,1.0090156346497863,1
-1.361293461651087,3.0866319011558425,2
1.6210283091927886,0.9645338379312395,1
1.123319646320588,4.498907706015104,0
2.358035675935503,0.44036080680377376,1
1.220175059481634,4.281194120813253,0
0.7520160750799254,3.9067782696456104,0
1.8990207235769372,0.7088741259742378,1
-2.193663643607219,2.984138121180842,2
1.1787526027516024,4.426166387396001,0
-1.4095422869034395,3.2541159778010136,2
-1.3523884113741507,2.1586708796886063,2
1.3624963969014265,4.102447729266249,0
0.7821135965055191,4.260527060948957,0
-1.2973293328356146,2.8466092631214797,2
-1.5312524919196562,2.9185546907836066,2
1.0744938558212807,4.406575569370616,0
0.9745113881418189,4.643843021467968,0
1.9580390880512757,0.9653835878398502,1
0.9707813394856009,4.360112186352768,0
-0.9840746428855945,3.224770293328085,2
1.0626381869394848,4.837872473758073,0
0.682398722035878,3.824901544079953,0
2.319912677603609,1.07046572101406,1
0.6363603458579583,4.802998228723849,0
-0.7588501315795111,3.1381312482382557,2
1.5454870701105052,0.841927310963271,1
1.9036587421981401,0.3815220736190357,1
-1.335218453517024,3.0224981131598403,2
-1.0990037284815304,3.192052338620301,2
1.8766483913166003,1.3890597532319524,1
0.7425669617258377,4.299742895369884,0
2.1405798345897216,1.098380727789231,1
-2.1514114109929325,3.0214733129258473,2
-1.568245759332246,2.880010013308025,2
-0.6388000737014436,3.4702175988386155,2
2.0453687747953917,0.6472389529441887,1
-1.8763477009021519,3.296082852253076,2
2.197543986419408,1.6819062416285249,1
-1.843551416380089,2.879457779598221,2
2.925547254383255,0.9821631208279242,1
1.5105756152835639,4.433095173302153,0
-1.4653517108893446,2.8782349795155486,2
0.9945677114435005,4.177876725681734,0
2.2068119191175803,1.169085023311575,1
-1.704215076876139,3.105655426044565,2
0.9036468599672076,4.4057128754145625,0
-1.6416389232189739,2.8183533592122676,2
2.31015955012108,0.9382399297260464,1
-1.72884441281405,2.9381487956075207,2
1.5053438510060064,4.901051213989736,0
1.9150574507905456,0.8236653701740363,1
-1.4802258971458557,2.6688011656865385,2
0.3249826676475076,4.513883106623758,0
-2.0070341467070514,3.204093899530168,2
1.4739615242988577,4.463514504666665,0
2.4481902347073516,0.7381378522699157,1
0.9869807170649763,4.279412774991963,0
1.278822748147322,4.044029570306135,0
-1.2215525701609915,3.3472306996633447,2
-1.1710368908572335,2.7974915220584657,2
-1.7290453325494635,2.639591512191675,2
-1.2496034238370466,2.51735622446513,2
0.8113571335513874,4.184757742234188,0
-1.8333387270746864,3.052289288969609,2
-1.8497295926445425,3.0103378525029205,2
1.4139074568184493,0.9126786550236454,1
0.8358158467497665,4.192957974180152,0
0.5984999704377467,4.263808384440827,0
1.9804291833581178,1.0547626050406589,1
0.8449685877150457,3.8746186603243333,0
-1.464524425468274,2.7727865023142484,2
-1.789825404631011,3.0059109234141026,2
2.564123589353165,0.9794612922598654,1
2.1557460607656704,1.282428421554842,1
1.195985869682585,4.374734349867301,0
-1.6434472250748688,2.6330439317498713,2
2.5055254946057697,0.6123421240872274,1
2.053260859408291,1.2691059981378845,1
1.4816624999622006,1.1175666472066532,1
-0.8898631202442746,2.8257128599072483,2
2.765662181743542,1.1190063390160294,1
1.8342487562740617,0.17345000190553272,1
2.6390893439584415,1.4176703993236823,1
2.820709904114428,0.16827953515893768,1
1.844484202833333,1.2677347622043795,1
0.9704440291171085,4.3531137621982845,0
2.8156550305333483,0.43930133581923214,1
-1.800046421301193,3.4770699536585847,2
0.32615093348840685,4.437696675301602,0
0.9703129336949908,4.436490434892669,0
-1.972254394548259,3.259167289953668,2
2.4280362078213606,0.6381471161523905,1
-1.5942238825629953,2.654142042379167,2
1.4343041418697577,4.29475783205932,0
2.008046631486173,0.7715103867575519,1
1.6236794320824335,0.8181721585101618,1
1.8502902156019476,3.5179247505183993,0
-1.2779902653817836,3.372032517638097,2
-1.7750358520337286,3.5668139928309377,2
-1.4369510834891337,3.280408008892168,2
1.9791668097062791,1.2427959741994692,1
2.2779912316561295,0.8721782334529933,1
1.2955687881965607,4.737667801528706,0
-1.170346446028524,2.7964367241062753,2
0.06858408088689649,4.337825134390616,0
1.8657495559361061,1.0274021556877555,1
1.112488272778061,3.868756820528157,0
1.2819292211711393,4.723694989193653,0
2.4384594079171,0.6470701587442089,1
-0.8390141981385703,3.6801377444001173,2
1.3606530717396694,0.6745023196220832,1
0.3866890391477861,4.586084646212081,0
0.6348114648566903,3.7529341032672545,0
0.7695050750280084,4.643976930301341,0
2.2692959170527387,0.7838033853446087,1
2.3177241298150326,0.6561014584474845,1
1.8739923632297077,0.5313414784135115,1
0.9045338854408915,4.242884934320578,0
0.2899660716111716,3.9041893673903862,0
-1.0122429993007973,2.3824167670274914,2
-2.060744956066857,3.065265181428576,2
-2.121708763051105,2.5925904098745733,2
-0.983405319565426,3.316139812357587,2
-1.6791104307997045,2.496023366993864,2
-1.5744422252799015,2.5814119879825266,2
-1.9131376755385259,2.2928103759643363,2
2.135847349672398,0.9497509250565298,1
1.1712089894407152,3.6961026959433374,0
1.8348324859019094,4.555364940250704,0
-1.1857707851053259,2.7842740283875647,2
-1.7450918270686535,2.61793966143154,2
-1.8148702477935739,3.04701867735588,2
2.078569220192492,1.0299501341474115,1
-1.8428255911873779,3.2350418218202406,2
-2.0075316671210843,3.341104404323224,2
1.2534599441075391,4.008122342053059,0
-0.6520739882407673,2.9493802997828116,2
0.8370008440397005,4.5776899357430825,0
1.0709137742686872,4.489007063169531,0
0.6343566931891313,4.097434354557564,0
-1.5495046216283483,3.0406348863033017,2
2.323205061161869,1.2152322946521121,1
-1.643708215963677,2.4734982410827393,2
-1.5866363156888117,3.0016580565114834,2
-1.1841434437531375,2.8091404035875143,2
-1.3848585117987122,3.397540549754803,2
1.5105542125515656,0.8124571028974352,1
-1.6719140224869222,3.0283486829927773,2
2.811502312459611,0.48524302566608785,1
2.0694664941563348,0.45814929187755044,1
2.6983257019789155,0.3017225977986323,1
-1.5497767906998583,3.20189083761461,2
1.2150293975291602,4.85175287832452,0
2.396603269145711,0.8408248823278803,1
1.6320774744694009,1.2817088599151247,1
0.6769359185086926,4.743814205238538,0
-1.154137750436307,2.745839268705834,2
0.8351581471058822,4.73164310208224,0
-1.7188150836953566,3.331779145183943,2
0.5610410237503327,4.108357656981676,0
1.9394771382204117,0.9448122724239713,1
0.9433482209195838,4.442935152914503,0
0.5260857597585276,3.7246572060388132,0
1.6119502891460078,1.4529569325924907,1
0.3912227371582625,4.4864915692059215,0
-1.5695833568765318,3.1765046080585746,2
1.2887179320522901,4.13802590751111,0
0.8324024225051578,4.56604217170056,0
-1.0413328073846624,3.1374855295150534,2
-1.3969793802557053,2.9630201042885123,2
2.0482290000327072,1.2645766497639757,1
2.2924840026043767,0.8940000263679815,1
-1.6987743107024151,2.584750113897159,2
2.5751139780974004,0.6859962209019674,1
0.5977539888403534,3.7188636218041418,0
1.7212084974348454,4.167553049266908,0
1.0803620596574,4.43086696028188,0
2.1842729659768008,1.2881637169275273,1
2.0436690044839763,0.8842105366474818,1
2.060733658473459,0.7392973812729987,1
0.3694187354364096,3.7295769056529107,0
0.33119573599166807,4.13649642603422,0
0.4699829336993093,4.5838916097174,0
2.7252641973904335,1.137486802214824,1
-1.9159078234304967,3.4660667648594474,2
0.9785264836840858,4.447374002765476,0
0.7000843154566675,4.30422428697436,0
1.2365871150368046,4.049971281717533,0
1.1451177904541439,3.8432632603038366,0
1.0195948643767596,3.7393470253314467,0
1.282811545102061,4.26349971347786,0
2.020395789811896,0.8831899516563715,1
0.9155577145709873,4.125276988533924,0
-2.211616979578159,2.7876483761766275,2
1.4629569670223734,3.72931531436033,0
2.52710659651954,0.4452205239460361,1
0.8664950751330549,4.729981268157902,0
1.9419124247109616,0.9536441837824591,1
2.707884652290276,0.3089367697984646,1
1.4891882082490921,4.240878885160896,0
1.9955494729006544,0.7585937653771017,1
0.505342373739504,3.116482329750559,0
2.2278610926632028,0.5883826927943121,1
2.324474600382252,0.24654144133017641,1
2.2320428302494504,1.5089499989090798,1
1.7944688458794271,0.979338021985713,1
0.7344097451732273,4.126235320456105,0
2.127724797122755,0.6684059895280563,1
2.3045406738197864,0.9396486857163981,1
-1.5137683139198517,2.9111618850635925,2
-1.2528712565121272,2.301486045237264,2
0.07229125700701455,3.8999047001701865,0
-1.199181886555321,3.5144338640725383,2
-1.5983633467050424,3.331631995586694,2
1.2115732435008475,4.446398970132779,0
-1.5354475302126336,2.8109751662192757,2
-2.1483203643656807,2.1419805604487525,2
1.6051004901343373,1.1174230962027842,1
1.737306453070138,0.530909636656522,1
2.185713374005497,0.6747320697874277,1
-1.9419287311269178,2.47131672039234,2
1.203493763288469,4.112266367045049,0
2.024122277841149,0.9412014481150051,1
1.83107703748023,1.2725218355154588,1
-1.051363065871211,2.2950396504136856,2
1.664975467296561,4.46047645295832,0
1.092361699487297,4.2458172532957885,0
-2.310612746727232,2.883505265236753,2
2.0364560394599525,1.117484042185449,1
2.4009652671915,0.8145516513548303,1
0.5413576500881938,4.294092866856629,0
0.8117585696011889,4.227931312746952,0
2.814401392432941,1.1032824113974133,1
1.2655728924947696,4.8352685197851155,0
-1.873393920398694,3.5247100202189525,2
-1.6205161697332557,3.0366472270866,2
-1.400623086365509,2.6619782137110706,2
1.3750603181366503,3.8715982903246116,0
1.264865105393978,4.4896997557358835,0
1.1383656938080076,4.401470844985749,0
1.5996690305729775,1.0271553585111484,1
1.170093496595809,4.098168813883745,0
0.7795654600899742,4.28828641877118,0
-2.0026868887767955,3.0076388385716597,2
2.053118940498215,0.821551400036558,1
0.9778175264182147,4.280911665516463,0
1.9814617016641316,1.2587428929180275,1
-0.7773719358185067,2.254585036270485,2
1.9191458114264406,1.2065079551739557,1
2.2950103977600493,0.832256281832805,1
-1.4930479391568567,2.447741312154631,2
-1.2841576464356412,2.6969563348987675,2
0.6303679327955685,4.824856918290295,0
-0.7229039579715115,2.8802594042400522,2
2.039737443889235,0.39092653560557655,1
-2.048950752104921,3.075400768234639,2
2.3324728499187395,1.0165613129457212,1
-0.014934075921650414,3.9245879963558923,0
-1.3553876466199988,2.8612274905015886,2
-0.8464952755254951,2.7320854809161634,2
1.6516193833183461,0.6454483234061801,1
0.746507792306459,3.3116932506022443,0
-1.7283122691450448,3.008267792586566,2
0.6260039069594325,3.7452651634439302,0
2.0922473708193374,0.8495505896790055,1
1.3063362091093762,3.344900318932045,0
1.1500853980158432,4.658033943886198,0
2.5191991067456025,0.5640554320826779,1
-1.499793253825721,3.005617317190894,2
1.1124208277752128,4.184978314935718,0
-1.882468364453264,3.0719427675910365,2
0.6131792228896639,4.776123047867191,0
-1.3820663426503488,2.602412299638048,2
0.04555979524763587,4.515999160974173,0
-1.9809670527080279,3.666628133192253,2
2.3195373712047442,0.7553452200370907,1
0.6760741604800822,4.351196459564883,0
-1.54997209494951,3.0853807321152877,2
-2.0722547446657003,3.111823199216643,2
1.9441868885414595,0.665830163540946,1
-1.4161017468186277,2.636360927393255,2
-1.7535126790018012,2.7456484959150083,2
1.4052489587764572,3.53190149003753,0
-1.6990846513585336,3.297267503903909,2
1.8843765425574024,0.8567646101710692,1
2.013503726563988,0.9968012738349854,1
1.0112368494024182,4.752430083173088,0
1.1490455091801974,4.474242691541523,0
-1.252605678664582,3.0689985276964027,2
2.044095201397099,0.9760516752104254,1
-1.5594425768961924,2.8666146507748445,2
0.817526493228424,3.956717402016083,0
1.1824310762953616,4.553113094346233,0
0.3790755118277407,4.986558715779516,0
-1.9445823787368168,2.9946223894284487,2
-1.7002173751468916,3.218832845954522,2
1.875060164066666,1.0439126438995627,1
1.2186475473391518,4.032970156198297,0
2.2968642315424415,0.4017138833347052,1
1.7744535991394055,1.1730469019161245,1
0.9545514845170782,4.7444958228121745,0
-1.6746092729872664,3.3682061822415985,2
-1.246088351780125,2.7877429506005207,2
-1.4489707232376074,3.317225624921268,2
1.899663113517478,0.7978795031576256,1
1.170536858390147,4.533360871428766,0
1.3170391212222499,3.9149610489041056,0
1.0589489998953943,4.04038352793051,0
-2.2951490162673815,3.902085884967555,2
2.6615018000561075,1.2724428041952307,1
-1.628072172642529,2.261485449547052,2
1.7735183178790852,0.9137789584240817,1
1.1199807055085118,4.4721267749605085,0
-1.0052286416923306,2.9059087966503463,2
-1.5916647602907592,3.2405176223494734,2
-1.414945798569287,3.1925306758360854,2
2.1626175023717495,0.9811378120573363,1
0.56879260825028,4.393642631342642,0
-2.0888552572242016,2.7358444057793285,2
1.2623590622753529,4.53010279231873,0
-1.4309664292778508,3.0484012335918513,2
1.0977127355097736,4.391998173454934,0
2.019062483535838,1.2580706901069245,1
2.5986436397020336,0.38472916778624255,1
1.2179202370805622,4.582622565376025,0
-1.35857231663365,2.7007380724030265,2
-1.4212440775202815,2.9305465344023287,2
-2.4471854546732565,2.792639291192505,2
0.5353445083546505,4.313804503914114,0
1.416102181169261,0.7496006471456171,1
1.0402912840307845,4.540678395873943,0
1.1586427853049606,4.102261538013817,0
0.6943008009077163,3.9123781539358187,0
2.0287048377538155,0.930327820223195,1
1.6519335142192104,0.01154602452411857,1
0.9191280808962246,4.142667867862998,0
2.259843349598926,1.8464400078114016,1
-1.9515298248280544,3.0057329399210406,2
-1.0645022236249841,3.013235876517876,2
2.1538113735129683,0.7595836155972882,1
-1.4571166161564473,2.35786823186845,2
-1.3245933166001382,3.1639753968703106,2
0.7574340056514842,4.046015417421378,0
0.8785366145779365,4.23811596941205,0
2.34570020112405,0.7262867899576773,1
0.6944156413984413,4.387350832090536,0
2.004978468542066,1.0876739292863478,1
1.0806873583855154,4.382461958333086,0
0.3574427853776785,4.190604115129918,0
2.323290541215866,1.4443938449924705,1
1.94377939189077,0.24243185655676902,1
0.9403031387902673,4.239977338050355,0
2.0301473545473687,0.6004335845869619,1
1.7286211657500454,4.272201980065377,0
1.6299157146957945,4.620902957844775,0
-2.1732025179019576,3.0027151972123987,2
-1.9196169509858327,3.051993094777239,2
1.712517826026016,1.0706978520594488,1
-1.6900602462569578,3.1665888275654277,2
2.0232119222910323,0.45005237241709967,1
1.772390239755631,0.41690237229481103,1
-2.0835651840292835,2.648658153466266,2
1.5227179381810276,3.9746927448633684,0
-1.2770030946434365,2.91224081232471,2
-1.5493188115666763,2.577899436866832,2
-1.490842163577748,3.222802501724546,2
0.23385832283064256,3.6601910161329156,0
1.2197673838716758,4.226756342499077,0
-1.9109268916315685,2.605486039118096,2
-0.971773784111492,3.2173090742099264,2
1.6080634516610908,1.4481911621929302,1
0.9277438932454156,4.627194445840364,0
0.6479884202049742,4.399592634782043,0
-1.2152235993449634,3.6484355899537526,2
-1.2122637857771807,3.0953277901947915,2
-1.2665250833218957,2.996049171911476,2
1.576919979697558,1.449925642387785,1
2.123182494321108,1.3358585242410543,1
-1.7756850678032194,2.89405577412427,2
1.2578820819869105,4.392978648318419,0
1.7875286120813318,4.888875019453816,0
1.8091970873875276,1.1545003480773428,1
0.5099666651473078,4.96542862352697,0
0.7124735153832848,4.351978766514562,0
1.1124172592975619,4.03707369150424,0
1.5850164797040236,4.524722658406158,0
0.5092796135555313,3.8324362004192456,0
1.1312662183578537,4.380226303043868,0
1.8342004802227716,4.229865233177358,0
-2.3411938101249468,2.8365227138050377,2
0.5188650035652025,4.835646926063906,0
-0.9071122313237596,3.423135661577959,2
2.014120932348774,0.9042803008460365,1
1.933189831590276,1.303987253220595,1
1.83069573430728,4.29773754739484,0
-1.5055849155549503,2.753885061813272,2
1.9693711580397029,0.8754230492154579,1
2.0007782314421525,1.2258877211265156,1
2.506075429245244,1.375886542375308,1
1.030642501481795,4.495386426863362,0
-1.4209070666291663,2.420652819398865,2
1.824811389787004,1.1432484152785052,1
-1.2691571249908644,2.864236342750741,2
1.0723965998108507,4.092520174841709,0
-1.6185188124172876,2.39068479182895,2
-1.1992949776865798,2.649597201492633,2
2.632899007304705,1.0506439410138018,1
-1.1733038921152703,3.6540051045242703,2
1.4405316533744879,3.966175078976198,0
2.2667643715775116,0.4021645484965605,1
2.0254332140631495,1.4679668905717729,1
1.1075028157788238,4.308028714714346,0
-1.4412895151593157,2.804654567408784,2
-1.6377011426212649,3.379228915667077,2
-1.578471084754412,3.312884967380783,2
2.5045045504382557,0.8223060737049885,1
-0.5186461216040612,2.8158105437257084,2
1.7885500222945994,4.344769132702795,0
1.874943635890437,0.3708404722462395,1
0.6545803728420148,4.371251174621215,0
2.0695942784805528,0.5689884436901597,1
-0.9116746389482295,2.410526797072678,2
1.2704970458948277,4.395174490995425,0
2.3163167871495403,0.959515095346424,1
1.4264408765677183,0.9685874543918921,1
1.5761880929662513,4.035005320340504,0
1.9648943884734762,0.8435551853140882,1
1.6087236381006,3.819154182653478,0
0.8775015217048427,3.89841621263398,0
2.7019729876202487,0.38750576122836367,1
1.433460136652004,1.007064081037577,1
1.303915280455374,4.541220362042554,0
-1.529243512275899,2.6985381494202563,2
2.4221560402280202,0.7964135635901336,1
-2.105525933722493,3.0316430262667105,2
1.1224739888195832,4.394221596688338,0
2.4258849989733164,1.2331598810754447,1
0.7078330162883302,4.715408424207219,0
0.6701381958503992,4.064246782799241,0
1.461374259768637,0.5995690054382292,1
0.7089028208228851,3.7665519923182416,0
2.4316199833454704,1.3189220211174595,1
-1.1728017909959692,2.42892480999581,2
1.8281407255947422,0.5847042907541209,1
-1.2040581248668536,3.7825518819508424,2
-0.7883284073087955,3.41466790123518,2
-1.2938201587830127,2.5551392367459025,2
1.7087615004758554,0.7219250274951747,1
2.307185486643929,0.8943227798353246,1
-1.7412987855095479,3.392241556601282,2
-1.2235688209945728,2.6633585617310214,2
1.7433665025391278,0.0928187534985091,1
1.3503258789640071,4.221934083733305,0
2.4675712519586384,0.5651611291267622,1
0.9054440941828255,4.0787271562978935,0
0.9001170724594663,4.028927174803363,0
-1.2090087261129412,2.8794679959216807,2
1.9723150251133432,0.641185327610658,1
-1.2724463319974046,3.563675893525052,2
-1.235562859874522,2.9017131784814922,2
2.1436932961107855,0.26259000822253264,1
-1.7444169474556364,3.0314435257394794,2
0.7949783460997223,3.459460732320296,0
-1.4495455641211468,2.353879708728232,2
0.9861295341629939,4.996217772406272,0
0.8047892149468515,4.409936643052785,0
-1.7282235109103439,2.773568165342788,2
1.4763587774316518,0.8854390058240236,1
2.5164378557511333,0.32950863817594567,1
1.247206593648868,4.6403714404424745,0
1.8298332486173763,0.8727627022410827,1
-1.2461513124557,2.9911129835650465,2
2.014222582438987,0.7072828178358491,1
0.9857547203072557,5.346778987563919,0
2.1490405791306797,1.167229003857703,1
2.1148971656865148,0.7836458210938417,1
2.3125191316592204,0.8278943328196585,1
2.139227205904741,0.8136681270808092,1
-1.9219518891843916,2.913817182246631,2
2.2947767316297227,1.056132984837487,1
2.9490585204404125,0.9703807358436379,1
0.9280051839319478,3.7786636807908747,0
0.9395271831898613,4.782382571309445,0
2.158479888193483,1.3339247441317885,1
2.4001448439156294,1.5989193730468134,1
1.4414063401901234,4.380053512940974,0
0.7823241420669251,4.828609348996957,0
-1.699960577392312,3.1255940099955826,2
0.4217043314436677,4.599346334759995,0
0.8376269593334877,5.092786622030127,0
-1.659003665496196,3.149223493655396,2
-1.3069494180374173,2.515258790391213,2
0.8081829162982712,4.631424969986784,0
-1.3550310008501762,2.7782239922537055,2
2.1805792192857347,1.4826595972302743,1
-1.881280270066588,3.7448576711618875,2
1.2183946635258296,4.501323200635044,0
0.7478035712744455,3.793158071739326,0
2.2111680637503994,0.7640232754709989,1
2.258898278254316,0.8347854665397353,1
-1.4067683875807084,3.077188236754994,2
1.2820759445277317,3.481694230478101,0
0.9403847602767055,4.155079171861116,0
2.1350597651495025,0.4555101173989643,1
-1.3351524541416817,2.729614901859684,2
0.6586569850493909,4.236445854719823,0
-1.240128475247805,2.419620113375614,2
-1.6512344581354614,2.483058265551698,2
1.2302844490134197,5.235741677249718,0
0.9972332176371916,4.2294042617787815,0
2.153902844653511,1.1133850101107368,1
-1.655327753794064,2.9521126352303844,2
-0.7425464344260564,2.7078177692933605,2
1.5827224939681916,4.543362714849106,0
2.143789986189627,0.7299379934697567,1
1.6203343226428855,0.9683589882309316,1
-1.1852024564734847,2.6368248766024007,2
0.9369833608891649,4.573000643873604,0
-1.9704568730918421,3.0954019087118754,2
1.2840565582161745,4.526185911742289,0
2.0921406608775595,1.2222363478985794,1
1.079546602702147,3.9192183676148353,0
0.5745933816776811,4.353830422599214,0
2.256065382183953,0.70831226825396,1
2.1133108404672085,1.1829390728994273,1
2.5625637688520246,1.3281634080771885,1
-1.244543612336689,3.033686561744375,2
1.978519138440587,1.1375330751050001,1
-1.1883162692942384,3.168827051580552,2
-1.33520515043813,2.498717206870993,2
-1.592978327317288,3.483856125388397,2
1.3544605230054154,3.741100524783278,0
1.084186014632266,3.821458113975963,0
-1.3452140147459337,3.0338447192072464,2
2.034882023850891,1.1113045961372117,1
-1.640190704455716,3.015794907156103,2
2.1762715708570814,0.7337655629179847,1
-1.3290394551835316,2.8442507864617967,2
2.0746448480385316,0.9620496870099778,1
-1.8290266732913545,3.0049226189869507,2
-2.0133158567884344,3.0196676565502005,2
-1.800996503058978,3.2244611465453614,2
2.1457561204688753,0.5329609626671346,1
-2.1123656327264158,2.6818684184829933,2
1.0266853284528024,4.812783054885431,0
0.7640821067518094,4.5176575868762665,0
1.4823875498411911,0.6067531784217259,1
1.8849524148384507,0.7481801883174252,1
1.0741355918071325,0.7590450475783923,1
0.7889255209599995,4.312679150383145,0
2.1677753390343177,0.7777290289534102,1
2.1975434415101684,1.4448073421917067,1
2.103126994504933,1.0537705325368,1
2.3818215603052044,0.8440609761060948,1
2.608859450307354,0.9306994046629528,1
2.222865213445074,1.0607128541643593,1
1.6421049058123216,0.828685237802821,1
1.8223916439692942,0.5721931959116956,1
-1.6560477383305456,2.7054938408677796,2
1.9362359214602132,0.42384866391666387,1
-1.4375320696562577,3.1141602562475708,2
1.7816837046952192,1.2232581064301966,1
0.3968996651381078,4.357562888733873,0
2.473858846172443,0.7994134502274071,1
0.5464368871310564,4.832940184267094,0
1.8392344955830753,0.5804607552822212,1
-1.3436864636467796,3.1804044513924135,2
0.7542573457581578,4.176827919352892,0
-2.299702078220642,2.8153069243301134,2
1.4877736935590047,0.5070160792942626,1
1.260108233742153,4.582517192248758,0
-1.3052542207780742,3.1090929170781285,2
-2.1626040485022933,3.0825214809154495,2
-1.296883796729469,2.649750016562808,2
0.9389709521859779,4.327352873539623,0
1.9880321814422726,0.9224603187185664,1
2.0806613815421207,0.872264783430312,1
2.3797674382856773,1.0444572832147792,1
2.2300503550316035,0.6837221247666302,1
0.4956939850031098,4.65907924360314,0
2.481646170602267,0.48508188329860685,1
-2.1052749971869664,3.2201683257751306,2
2.580722445313277,0.8944566902798471,1
0.765935135762635,4.5510523922442205,0
1.4668834928463388,4.734865993981041,0
1.9767636502690062,1.1521584823378244,1
1.024942531153134,4.003602755847,0
-1.5085977422984866,2.721257674737541,2
1.1917901505288688,4.2064485688628,0
1.5607295996341102,3.739989680668777,0
1.6001901600892459,1.091134402632265,1
2.1661566097164155,1.3523033340907797,1
2.469248705089171,0.508849695575744,1
-1.9148945002109024,2.933721201579736,2
2.78206045932046,0.6123699890421159,1
-1.080133059256924,2.414124260033531,2
2.1890702127223505,1.1553393932382017,1
-1.7081331388572507,2.870298401527343,2
-1.3681743622938654,3.410729400457682,2
0.990648857696853,4.511500399309524,0
1.948433141736452,0.4060158589452296,1
2.0076422842999087,1.1619629908309248,1
1.732868526263488,0.7095650448356958,1
1.9590858097153734,1.203929901960771,1
-1.3518000306692481,3.350774340133359,2
0.6186004149970702,3.9011341080119117,0
-1.5050387066881654,2.628334196097464,2
1.7553021117723695,0.6266226282947374,1
0.578612379556644,4.480642541447899,0
-2.126155114185444,3.081903108865717,2
-1.4856275765294065,2.913219508827777,2
1.7630852090617428,0.7058208041144519,1
2.3779669569537805,0.5864808669101402,1
0.383751071611531,4.318613726405348,0
1.428050723760767,1.0883906952696076,1
2.121126287251809,0.6132452292828802,1
0.9334677532350919,4.154089088878238,0
0.8017240706960805,3.7101271284737853,0
2.3928210472462235,1.643286996775649,1
2.2233530136144113,0.9088764361514302,1
1.76367674038794,0.8043315585674438,1
2.342564532353686,0.5450396444376958,1
1.2267942976814505,4.359320969577023,0
1.694572777292004,4.648645449247492,0
0.4261573204238813,4.294040394271041,0
0.801614255248531,4.311260255793632,0
-1.5902897617895384,3.0249054238472675,2
-1.089656147527532,3.2132638865018777,2
0.6603517282863451,4.5382114659941255,0
-2.111653571523515,3.066865642876939,2
1.6437795227383725,0.8259656973651538,1
-2.014069081558645,2.191299012079217,2
1.8599889590666527,0.10021797976690705,1
-1.6372692526199286,2.436660010260917,2
1.3875744657184512,3.9101413772810836,0
1.05585754983889,3.947928800434971,0
-1.2400794036535343,3.5887002159555776,2
2.172630104710452,1.2141621401834788,1
1.0397970096295819,3.4499940922009116,0
2.2595812413090806,0.5450079178114389,1
2.0144551550747294,1.1239025864298453,1
2.1575656071958633,1.2080161685778639,1
1.6815673035096401,1.0246615089239233,1
2.232612679707768,1.0827858875792014,1
1.612514770132514,1.3279367649705724,1
-1.686074889370908,2.9927574283900777,2
0.6133098081994529,3.9142702642433242,0
-2.242744522918219,3.4187455999812295,2
1.3324956530050511,4.453123423280692,0
-2.10269734218692,3.201645364337084,2
2.077030245886076,1.35876170411566,1
-1.684258101124469,2.8737544086301496,2
-1.775747589364574,3.5341558297791233,2
2.1242188062558798,0.9653025177362896,1
-1.5044138325736105,3.2610910770567374,2
0.7618510699402676,4.015797413945392,0
0.6830827638787142,4.096873241130839,0
2.2280561715818625,0.7685898884331517,1
2.251533078725946,1.51263342540424,1
2.1373756199412193,1.0588870570505997,1
1.6874326323106343,0.5462905091814696,1
1.0616548969142896,4.853393696617321,0
0.6778200973229109,4.445765607880019,0
2.232624032729094,1.473395893732139,1
-1.3805548949382376,2.63691351685185,2
1.9822394786402464,0.9089803863258387,1
2.149100819530443,0.7103920222620639,1
1.971359181324956,1.5387792626265082,1
2.057595371459738,1.4481798070836032,1
2.0861112491980576,4.370112200590159,0
1.534994273167857,1.4070999480122806,1
-1.9851269212871536,3.14886342548028,2
-1.3679185310364401,3.2850222283512913,2
-1.2340645694563739,3.242650296619245,2
0.699587020904918,3.9862322849145255,0
-1.8203308029770238,3.0217551708611037,2
-1.5255140039830593,3.252660078689489,2
1.7540097336666067,1.0091010518331602,1
1.1299193844445488,3.699439506039638,0
1.84592814750202,1.097653457245137,1
1.9096605543559575,1.1466096934745829,1
1.353330287025179,4.587668714277473,0
1.8810751025428745,0.6830504622860883,1
-1.1167702194018818,2.593076658426863,2
0.7718373371682733,4.421074294516989,0
1.576006502127475,1.1280077366826173,1
-1.57971843545497,3.1073786739686953,2
2.265795421555236,0.3465147004318224,1
1.8348070669613366,0.5220403836436407,1
1.5930770721820038,1.49218162434143,1
0.9715620642714087,4.589202516682411,0
2.0970667015302564,1.155407207146394,1
-1.9506522377058095,3.011041725483683,2
1.1625805738162969,4.02377760182029,0
1.2536021870947014,3.735022829457333,0
2.1796069710155237,1.0557537945659914,1
0.7102930848102275,4.138474193536956,0
1.4570940391736347,0.6571444067100778,1
1.0219534875992242,3.7211866896097145,0
1.231343610988055,4.613712715815207,0
1.0290144288720213,4.547218736472096,0
1.4010970175107569,0.7496302862040205,1
1.8448474760560567,0.8704013983229278,1
-1.771857831062242,3.0510306763145265,2
-1.0518852408239239,2.254851709742301,2
-1.3402211405464715,2.7703660600455233,2
0.6836331170164947,4.419669674969329,0
-1.411546770840783,2.7970817862006614,2
2.079113166945895,1.1429007334972634,1
-1.2033632745341463,3.299640982765664,2
-1.7685637675689814,2.82104010962274,2
-0.9230574029821029,3.248750491799098,2
1.7870825269822541,1.174534945158288,1
1.0581126994713703,3.9050673764573283,0
1.6416809187771115,0.5505024175390972,1
-1.630083517600597,3.2611168692152193,2
1.8035510941863762,0.7725076993697193,1
-1.3275008664392605,2.6417985854660473,2
0.7118581243185234,3.8833667957923037,0
-2.018990620497117,2.6174336457043723,2
0.45740349228657673,4.317854007967993,0
0.9828472056674853,4.095965220725857,0
2.1709186048563986,0.8774316433517709,1
-1.5448533949008179,3.2423872036157055,2
1.3941037502653346,4.122584402704545,0
1.6187066114726962,1.0571054639126487,1
-1.8743673741557707,3.015925758938563,2
2.4439001703642473,0.9599980019721807,1
-1.4207831787845306,2.904628191718426,2
1.3556647485074589,0.7178812825713686,1
0.747927074711038,4.16695364613273,0
2.31780271838047,0.47865235626496433,1
2.0760458089362106,0.9370485611420082,1
-1.126713290472474,3.132813725459604,2
1.2315211400674975,4.688982711465432,0
-1.083987023375753,3.104117242767707,2
0.5499915994888922,4.197050054199343,0
1.5452064954399258,0.5754803746486056,1
1.0599710317753206,4.793051018828748,0
-1.4584195299656455,2.5815890302762896,2
2.2081743940153644,0.5660720211713248,1
0.9526888290416298,4.2045938242442595,0
0.4574230689070352,4.1446963415204445,0
1.0606189347622874,3.963476056139109,0
2.3777821403918513,0.6190245906051381,1
1.9618016429738054,0.9586008385900422,1
1.3901702202969086,4.646269096391693,0
2.6770902949139566,0.7807324006950433,1
-1.1135333903116382,2.767561276023756,2
0.95722917525472,4.017921570075975,0
1.8536586385318015,0.24561095279711598,1
-1.7218707839791834,3.025760805695514,2
-1.3280101470782923,3.096160967130664,2
-1.8577967538494833,2.8291331845467376,2
-1.4853198581793672,2.36745184921268,2
0.845661169002571,4.353150183490383,0
2.2840352242591235,0.938794045679232,1
-1.288926343531967,2.9843418015411687,2
1.6803492122621493,1.0920477440944967,1
2.030201875578891,0.8555891137987603,1
2.263645296181361,1.070926781562544,1
1.2383366218760832,5.233832894638351,0
1.4615443951241873,0.81582074889512,1
-1.681440124764396,3.2189284194230217,2
1.4385481136912652,3.8515868895818954,0
-0.8282280601372702,2.6536767737701537,2
1.038182434664824,3.9229822379525636,0
1.8550017986597567,1.111410553212057,1
0.40949408453235525,4.1249231651953515,0
-1.4897512442136054,3.2667625883721936,2
0.8733145601276894,3.9690781284661405,0
-2.1480011556216394,3.35268899405254,2
-1.223451206518447,2.695163021892676,2
1.2113358787590633,3.9628287251833436,0
2.2705431428983944,1.1852308206455062,1
-1.5263334998855862,2.415791224881623,2
-2.031096480699185,2.9603557421650954,2
-1.3045195837359411,3.062493264430902,2
-0.8807358807387575,3.1113294111798995,2
-1.3822004830763075,3.300849382618603,2
-0.9906027384974395,3.087065796316244,2
2.9705807626030616,1.215786396688719,1
-1.5513305134087967,3.1576223179617524,2
-1.4739181496391363,2.7703629087800365,2
0.6991683278435045,4.099757139371648,0
-1.5996732265214626,2.868721941161439,2
-0.9724036617018312,2.735648265335481,2
2.1088296909231152,0.7180571912286056,1
-1.4573766931945555,2.837523588291322,2
2.010337286707846,1.0233357766577311,1
1.0880712202125307,4.25556460244837,0
-0.9931315004969371,2.657593737400639,2
-2.5794986073085835,3.220082962164257,2
-1.2181858365223017,3.531879381617952,2
1.3469296176011833,3.94588979050715,0
1.5275500184984112,0.7220329024902942,1
-1.701804050687388,2.5209682756841323,2
-1.7757555052148897,2.9735024913577455,2
0.48418305785273036,4.0972671513940515,0
0.6527057101528214,4.249189359094485,0
-1.4328838713923304,2.4857317015959017,2
1.4832957391553854,4.108958249345588,0
-1.737202094890931,3.142720734547076,2
-1.7049357880230782,3.3821496483488374,2
-1.9411881034575633,2.936499123218259,2
-1.4876127415704754,3.53505757899555,2
1.7915558417419934,0.6162038529812853,1
-1.442231022173265,2.9653643700515806,2
1.495994038091479,3.560425821132444,0
-1.9505256926218126,2.2543647759397554,2
-1.7107644025466846,3.3407659982530538,2
-1.701103768596857,3.4296377627671646,2
-1.4161892308397406,2.9589795513088077,2
2.369102316072931,1.5760017855228052,1
1.9931052030892353,1.319787716423682,1
-1.1525015385991857,3.044840422620535,2
-1.9523469208917221,2.979635245715891,2
2.2416177860771427,1.2354193106025892,1
0.744561583989845,4.042366609476245,0
0.7452901317606769,4.37834333604885,0
2.1947244948242455,0.8002048006887739,1
-1.5990631198157526,2.783964640434925,2
0.6721681871434118,4.533524090249146,0
-2.172735064522186,2.747627670782128,2
0.9633527960647948,4.735709919975295,0
-0.8653855088504525,2.657641204642596,2
-1.1816953519042572,3.2558102302109075,2
-1.5910351505265519,2.7452352171956425,2
1.4410558552925536,1.0443651691234557,1
0.5108079270795731,4.179364156335431,0
2.1181638381999237,0.10023088365637112,1
1.4432395164500558,0.5047564818484978,1
0.3192105922268612,4.684704650881717,0
-1.7649139640000922,3.2448289181312564,2
-1.3190305350064702,2.6135130607330654,2
0.8711025035915972,4.179527271579009,0
2.497350588070161,0.9320440785595433,1
-1.7894528509936463,3.05400971241616,2
1.0441526741237108,4.744894988299503,0
2.2208140442842907,0.6476023948803105,1
1.3019130521853857,4.242426586633933,0
-2.1976076356081333,2.8720293843992306,2
2.365172084002032,0.3936115492961185,1
-1.548334533214251,3.047747730051014,2
-1.5753044350290113,2.8843660030416785,2
0.7196494266656104,5.213872267219135,0
1.7966534382696544,1.6761557203934316,1
0.18249551629382466,4.4237162232797145,0
0.7016294845461892,4.186334102194282,0
1.9694919562921605,0.6795248263987238,1
-0.9656455440577514,2.9373364221284595,2
1.0784737916846703,0.7588822392376161,1
0.7379875918662252,4.683448979271587,0
0.9892220812150474,4.572553170154836,0
0.9197893408492723,4.931844409277166,0
2.01814603046254,1.230085013524332,1
-1.0581149214344807,2.4968766032695617,2
2.216675379782553,0.7482825672702293,1
0.9168028866938182,4.905364224594543,0
0.7955697875320948,4.231738139615328,0
-1.5703565990150883,2.822963228375253,2
0.7374335244384754,3.993525373771541,0
1.4779434545551922,4.450226631406608,0
1.3266754209779938,3.9614692772251034,0
0.4903883540120431,3.402466408079147,0
1.062109627251692,4.610914099441142,0
2.493012192743876,0.5742760321038748,1
1.3802344892194016,4.364163873220893,0
0.8869188261767522,4.682580483325683,0
0.3418243172440243,4.260171021408013,0
-1.2729034724318495,3.236553237008966,2
1.3024170094865013,4.4227750717788314,0
-0.6965361416875024,2.9405919911077314,2
0.7539583390588238,4.515074167883369,0
1.8101695635161867,0.8710890698952498,1
-1.4728302600952083,3.3737817535590504,2
2.025123218232878,0.5974798758464177,1
1.1909422864377675,4.949082319215539,0
2.799381231177839,1.031552792918929,1
2.51080820968586,1.3778175571092217,1
2.198557780407403,0.8070325486441552,1
1.694507507985865,0.6634192536693989,1
-1.4199896472195677,3.276757953521798,2
-1.6364864581168044,2.1907951023021974,2
-2.1937776823318567,3.5351177662501914,2
-1.1841155475821028,3.531322309702022,2
-1.525309053896708,3.1170595052218086,2
-1.178733550839481,2.8775106367122074,2
0.999942059069917,4.141729713510222,0
0.8272345253191409,5.006639575230325,0
-1.2946763724376977,3.8411991876033222,2
0.8131135188707692,4.105244528729261,0
2.2556302162527957,1.5381262896136088,1
-2.11793909182646,3.1719803081044087,2
2.630617447069292,0.08821743800414217,1
0.6198723145980971,4.074687780199236,0
-1.7464873940575218,3.1128304215379474,2
1.9731212988599802,0.003870352730825144,1
-1.7042211916809689,3.5878747058180727,2
0.33784223531836677,4.101239347899486,0
2.169631091654914,0.8472271827304786,1
-1.7406731114035106,3.4350335369361273,2
2.477015597677764,0.841428644995754,1
1.613957975564439,0.6770180440514009,1
1.2697568432336355,4.063361458773238,0
-1.7621558917323,2.5594831824700366,2
1.5456438967940551,1.5210278392492502,1
-1.6308935926100931,3.042899848534535,2
0.9715905293677883,4.620237126963382,0
1.5070278233364194,0.12493273936994409,1
1.8171533394610448,1.234451789543003,1
1.207184474770004,5.053979256419892,0
1.585490384609861,4.201067558237108,0
-1.0614978673153206,2.817934495314561,2
1.5755769060166487,4.0265470702505874,0
-1.6979788623282217,2.818390769293127,2
0.8916914716255678,4.359315502971575,0
-1.5441112957027954,2.637661971395796,2
1.131531477328197,4.230392890254727,0
-1.7864418561336026,3.07261793182817,2
0.9287148551183598,4.094917540084571,0
-1.608354622820592,2.4397437497033962,2
1.635372822516184,3.8320716560485337,0
-1.1029279610685554,3.05589118025599,2
1.251095670661406,4.688525115180985,0
-1.9049391771289415,3.0235824724999887,2
-1.2478700046114244,2.9076624038220813,2
2.1916560767209035,0.7956118893509053,1
0.9723726089772615,4.774213358584089,0
-1.5357454110292097,3.190411517035598,2
1.9293818089121066,0.6683716660488097,1
2.0619752995738057,0.908358761910265,1
1.9800023900538117,1.1351657843231444,1
-1.273020187952267,3.8600118184691996,2
1.8033417991460687,0.8762875214035833,1
0.9467897609238335,4.497928429414664,0
1.4068718168011973,4.724620274522934,0
-1.2901344721611614,2.570172423728517,2
1.2498777733077762,4.586442508824717,0
1.2483719553743198,4.309088702418484,0
0.622979875458494,3.940883821054869,0
-1.7506421776450536,3.128043711879573,2
1.298491380317708,4.367054239892223,0
-1.3530045592986664,3.372669168784792,2
1.1535619784857585,4.37231130418347,0
1.318635607632617,0.00407226186436993,1
-1.3036732304145617,2.940494905900709,2
-1.21507956540725,3.3857181501436684,2
-1.5666209507147872,2.851307691660292,2
2.0878981224873976,0.8623604477125043,1
1.985926383178849,0.40808017035471184,1
0.6244109232243945,4.339279828782264,0
-1.747456423288662,3.0563641370697967,2
-1.7089941566205178,2.592829994430666,2
-1.1256916993299069,2.8619011697653125,2
-1.2396267228069784,2.9496813145024507,2
0.5003468246201603,4.289297043403101,0
-1.4494103962944092,3.2730111235736157,2
-0.8223938705670925,3.157328136020445,2
2.1549107194707133,1.0492119552136376,1
-1.8757998326730498,3.0028460073164793,2
-1.317127354655888,3.1009686644967567,2
1.6374969685776846,1.136356919443298,1
-0.9617840663155647,3.0746085124876497,2
1.510138205863833,1.0463827973494721,1
-1.1394412975788442,2.7847345646566306,2
-1.8272438836937344,3.200051147365978,2
-1.5009717346232196,2.7980963821342444,2
2.362738804344062,0.8519306765301715,1
0.4768418886470481,3.9773877469844354,0
1.246908620637405,3.8894291033807287,0
-1.245907970742504,2.3214788742688235,2
1.8396556764121108,0.4550047875010477,1
1.0668492271157082,4.6678709649357355,0
2.3094921941473956,1.3198562355056516,1
-1.7868470901017626,2.564679055033202,2
-0.9876440342201019,2.711476547066922,2
1.150573872017674,4.040638077608541,0
1.109190063835144,4.137339933687133,0
0.6915114795634176,4.121212798958673,0
-2.264763329584147,3.5052504345879103,2
1.1249860138689505,3.6452679979624207,0
-1.8949467728754776,2.736533145712235,2
2.076349378618493,0.2785715512199417,1
1.4440052423594727,4.261772934714752,0
0.7285591895692383,4.247091125749827,0
-1.7914694762016932,3.23955704248107,2
-1.5833532983028809,2.697045990813451,2
-1.7051965981160233,3.4188397277172506,2
-1.1240244812889384,2.822275378478614,2
0.7409089218249122,4.177943720909201,0
-1.6694314044887415,2.471078690775326,2
2.2108400959786634,1.4039371463704846,1
1.5032837121116227,4.095350471441402,0
-1.1903001583084678,2.733346780250191,2
1.5025443814072423,0.7601843426561181,1
1.9284245549597576,1.0685032210730852,1
-1.671113725203913,2.5398533527330915,2
2.416939576526041,0.7603084440330707,1
-1.7101994421362554,3.0600487160170933,2
2.291023979341919,0.9381687877728054,1
1.2883004405427307,4.578381694460739,0
1.0506902523010107,4.413519773804335,0
0.9541746135547542,4.016344551402175,0
-2.4187671098241372,3.3960462109803693,2
2.300157457973475,0.9944361234935082,1
1.9152698355623166,-0.032771836325075854,1
1.8327656258062421,0.4987881901093527,1
1.592713223143447,4.567720809728075,0
2.0785507341986342,1.1141707103641807,1
-1.3693014929754892,3.361526582246113,2
2.0386308545243486,0.7049865141089873,1
2.080512018928382,0.999585670181416,1
2.195391544847299,0.7256904882287118,1
0.831094396721501,4.918554852508968,0
-2.1352388134153957,2.8085895160004273,2
1.8910819182316327,1.2305481347918152,1
-1.6881388335363592,2.508573344716119,2
1.6491628411455106,1.2918506196122597,1
2.4061733529528126,1.143075156089501,1
1.5662973844772514,3.726971155220227,0
2.5554957742177464,1.0497534605663086,1
1.436997381223449,0.8798809763595095,1
1.801498895644016,0.5001740096183697,1
-1.5306677042592627,3.1315842433545256,2
-1.3770874277966767,2.8302592010376877,2
0.8040175148203895,4.151550664799968,0
-1.6700499141467304,2.237823673585712,2
-1.62855095728362,3.7186502249389637,2
2.290660546417566,0.7526298934563326,1
2.49988223085511,1.3364497683186154,1
1.7642611810079618,1.127213106311664,1
-1.333933597748854,3.4527472569068065,2
2.170652299862294,1.357540840991577,1
1.327479117850547,4.282440536455447,0
0.4189963586360359,4.315753746043894,0
1.2831244493381533,3.664368345041809,0
-2.0650175174189176,1.716606889858463,2
-1.4160870253466906,2.981949333467291,2
-1.8598315463844073,2.105941015475272,2
-2.0931626379695434,3.1056478795494717,2
1.0837778756764203,4.9416247064017105,0
0.9900080622822619,3.8799024591585742,0
-1.0124191268940919,2.9057048466246975,2
-2.3058252209324186,2.7690282071708325,2
-1.8253954871334406,2.6127685250143724,2
1.2406585720286634,4.607379921422611,0
-1.4796595189314898,2.7035762613442667,2
0.5517663428733364,4.403106671482561,0
0.9443266216423335,4.163237591018869,0
0.7191486573636423,4.390196552388036,0
1.6103680520620591,0.5232912952722637,1
-1.5594178357031996,3.013381439978064,2
2.6128314668081583,0.6733333268870196,1
0.7217354201832507,4.601780362358722,0
0.7248966793585674,4.08210571726718,0
-1.4579278880841842,3.193461124825174,2
-1.5402576572023676,2.4056707654073164,2
0.5945920449279003,4.654459573683074,0
2.1515652958625946,0.35205241486116845,1
0.8958050984854475,4.544918491329463,0
2.743337726662005,0.8132878052842911,1
-1.6498660198598163,2.820585924286456,2
1.9682124217201333,0.6955853473203731,1
2.1832563795470326,1.010631750495529,1
0.6964722387064113,4.388062955858069,0
1.1125233942934782,4.142139743214722,0
1.4115853641757354,4.903186683070044,0
-1.5549452773284393,3.1349128664682366,2
2.3094219435079966,-0.06331923176132292,1
1.2003161126806523,3.737852711939598,0
-1.5946437241739966,2.538663517369306,2
2.425369423710993,0.7189621478615701,1
1.896684598225109,0.7210272612896393,1
0.9858984742569376,5.0849930637822025,0
2.214325052423252,1.0853150830203524,1
2.1043044314268697,1.2958353648232086,1
1.1159015705729696,4.615974488276428,0
2.4504751127485953,1.441560262362813,1
-1.7168614620735858,2.0313821124546774,2
1.1863727636738526,4.692132719595778,0
0.7992334697300489,4.789293244951383,0
2.0946587298903987,0.32234987044382735,1
2.7811012277360216,0.35455576223733,1
1.7443307173083564,0.9765339420561561,1
1.5436479338593192,1.7050895710666847,1
0.9986337456240575,3.74122527171647,0
-1.6435513956103636,3.2246046010589344,2
0.8588311454160734,4.091123062580168,0
-1.1573559026674178,2.826255453012414,2
-1.985263495038601,2.845187884303358,2
-1.1353891059494103,2.694387753673722,2
-1.5333106081017784,2.797922247255057,2
-1.7204388393804646,2.9356657450570927,2
1.9815538960884242,0.027812439946942713,1
1.15958900452342,4.353828343534964,0
0.6781648595077385,4.941740587493176,0
1.8108489367888947,0.9098949823763779,1
0.7058213255879395,3.8960809554409312,0
1.7152773543852093,0.7159727588322546,1
2.257294070951005,0.5328266674397528,1
1.294832696378902,4.414813702765346,0
1.466803274148331,4.359239173823326,0
-1.9847171899568317,3.2744568146679742,2
-2.1825355095563865,2.875457676932564,2
-1.4344089475285917,2.720777386756814,2
1.345232346675118,4.63657912139972,0
1.4036134322128686,0.9519826650783924,1
-1.7154403188270204,3.561334028132871,2
2.438905801042835,0.8286089670109454,1
1.623627014884368,4.22882899777836,0
0.7141803036567553,4.583353893383279,0
1.9098672248899273,0.2858380769386146,1
2.8827396405205477,0.4116086130232623,1
0.9566235213894301,4.3033025624911065,0
1.0509570295966784,3.923177660956755,0
1.3594248620351566,0.2907011346088828,1
-1.416540286570177,2.7889456062873648,2
-1.2430309773505575,3.1348775039390415,2
0.6501700816187591,3.969760221010498,0
0.9468887737807699,4.323324613091261,0
1.2639968034254934,4.229161994543253,0
1.0825498442806925,4.665672272832865,0
0.44788851642259053,4.206700340338301,0
1.3749109122796879,4.647781754384477,0
1.2776107232200764,3.7119381108152227,0
1.2505806513326498,4.969256345595229,0
0.8865886342480914,4.603968995991249,0
0.7718523868771097,4.266532441225832,0
1.9371580606054837,0.350412846474507,1
1.7648499374859037,0.09804790774387351,1
-1.1541526106510314,3.808987637380531,2
-1.3685239570554262,3.006684746706312,2
-1.5764917238296117,3.0248475092268117,2
2.4606634956873505,1.0145601884506252,1
0.47784876040260904,4.131125368271622,0
1.0330971416302073,4.300185366731588,0
0.7999717754676122,4.098331626471588,0
1.425672142592057,0.5555264420017992,1
1.0475089736881096,3.574236080071855,0
-1.5007560005800957,2.7951470337373707,2
0.3324217034577017,4.229787312708599,0
-1.5281988591305666,3.3241934090574317,2
1.7706630132105405,0.8183284065592168,1
0.6381862279518407,4.050278365717497,0
0.8408652821487688,4.12518486857662,0
2.2504508130130843,0.6167268099080883,1
-2.1521389351918963,2.8656800447117865,2
1.286472696664009,4.284446678943012,0
-1.4659813389427028,2.929625565623977,2
1.149079700618711,4.263150948786362,0
-1.6814446721533702,3.0844494550889077,2
2.5150690102677937,0.7079463695473973,1
2.030017222970705,1.0631954178240877,1
0.7988072573025897,3.6000135334433327,0
1.9454728978599545,0.8650220993338278,1
2.5130759154213753,1.164282742026154,1
2.7924507351668177,1.210735016139593,1
2.0020866956305636,0.8524617532272196,1
1.9795004573391946,1.3732685834203813,1
1.7456094522113754,4.460004030041223,0
-1.1736625591794867,3.1187715193190044,2
-1.7330608832595105,3.142866260191251,2
0.951651211491285,4.583015557240385,0
1.2970810837801896,4.1078103247687645,0
0.9411644826323539,4.057597295180906,0
1.6243850220317695,1.121156859655943,1
1.2872158816111643,3.9148241684542824,0
-1.6215596678372948,2.3607733679827394,2
2.3258770055270155,1.0207552317758934,1
2.0614261942636007,1.3636755325398737,1
0.3853895688264939,4.264424233552546,0
2.2189573665908395,1.3528905749813496,1
2.4728020983324805,0.8367297460198421,1
-1.5983457681596587,3.02509343892797,2
2.678571604965645,1.5632544432052269,1
0.7991432839189659,4.0628311788961105,0
-1.4394323354348593,3.199589266099125,2
2.166374396841473,1.4063337687895001,1
1.5049537347406414,4.103769882180155,0
-2.066858533688092,2.6836493581495184,2
1.083441267252793,4.431081589898067,0
-2.3364903746792773,3.125180454028387,2
-1.8704879587722338,2.9351890068503654,2
1.2954558781148398,1.3593994583891087,1
1.54859341526072,0.7995090669928405,1
2.1172101803607863,1.1877182192852103,1
-0.7947082106133476,2.6805280092671104,2
0.8002842333216067,5.148146115288702,0
1.2923510377506533,3.2511843058931444,0
1.2092263289806162,4.305053032781136,0
-1.3901608515375803,3.149617605311472,2
-1.6156472362061192,2.4981676119404983,2
0.7395203349514853,4.476723386553262,0
-1.2447278753341022,2.570863462456723,2
-0.8609193134049443,2.8329214692390092,2
1.2446021921222752,4.428489813563691,0
1.6793007967376627,1.2022957400932048,1
0.4884507708590468,4.562334188676497,0
1.9268874929370308,0.9406544106873348,1
-1.6809772770481382,2.2956251062288,2
1.314477101186276,4.377368331134123,0
1.1327285334564825,4.340789325861894,0
-1.0943358130791276,2.642215132002524,2
-1.0298897762468218,2.8381119221583475,2
1.5509711934742414,1.6207621875105245,1
1.074856173664667,3.7697651982954485,0
1.9777676668233004,1.0757776496041758,1
-1.3769024808021153,3.2255472173264867,2
1.072350803749874,3.9919670483999554,0
-1.3403832046034214,3.470107908480895,2
-1.4123575800508774,2.732721491427612,2
0.8385628861315129,4.304738466410129,0
-1.8338377772108658,2.8387026647248144,2
0.5132859832724387,4.311911388962235,0
0.5369963147864746,4.299225511654548,0
0.9625210921668717,3.894954603238971,0
0.8521413041303094,4.5604584019360495,0
1.7258281372959177,1.4393818392356037,1
-1.2379194315569388,3.3474023452154267,2
1.9721723354624172,0.8194439271050462,1
-1.4490856053348427,3.321574770680324,2
1.2607059932846598,4.509328110238329,0
-2.239197805519069,2.32757132923604,2
1.637079135843895,1.1581021584510334,1
-2.2138324058486374,2.625971052010717,2
0.1343409218696242,3.9654328245459722,0
1.014331328697063,5.152276530590715,0
2.0852665817043112,0.9157230518063109,1
-1.101685518240641,2.7202353600601503,2
-1.50391235857047,2.959212380631449,2
0.7390774300180838,4.126873479667429,0
1.979814893649153,1.0534727871746439,1
1.5929298678126123,1.417125499840694,1
1.1550762662088412,4.763741379283272,0
1.9583720129657594,0.9587343514748685,1
1.521203585438748,1.183237852183858,1
-1.2941370744227947,3.2386513742807828,2
0.7491355039397598,4.289689041035589,0
1.0346058019268802,4.526048330360627,0
-1.1781904291749192,2.538025281031105,2
-1.320768185006933,3.0244915016592318,2
2.0443003680163456,0.887637179312678,1
-1.3415295966566598,3.016942118040164,2
2.291294332814489,1.2746683490272244,1
2.343955619738427,0.7098704281594541,1
0.7498013443125293,4.3637225682516645,0
-0.805601051410041,2.5179341969624014,2
2.1637102228518668,1.0262094570640792,1
2.3540586651663356,1.1293469171761532,1
0.920539738251319,4.709066512740712,0
-1.486871251953488,2.9308129239559935,2
1.2884587322457588,4.466142795278372,0
-2.0291857886524456,3.969654236985174,2
-1.8500581863477434,2.7501292799819756,2
-1.3392634697009598,3.255042138698056,2
-1.8239894280197546,2.8337016912489936,2
2.060176643175807,0.548902236653702,1
-1.9882765689942405,3.1191701503909903,2
-1.1705934222178633,2.443551636368146,2
0.6370807851312394,4.297356522256031,0
1.812983083318131,0.2562056687017539,1
-1.282103354469842,3.4465617900485848,2
-2.312188029226025,2.8757263854812822,2
1.336397500954694,4.278486874802388,0
-1.7468417005562433,3.0795624144707108,2
2.1390961683989556,1.1775811439479238,1
2.592569543947805,1.6574185402541632,1
1.4302486455203267,4.015335783366481,0
1.642186447975936,4.0323048896694,0
1.013764825160504,4.369629851194258,0
-1.3161245205207408,2.697766492610253,2
-1.0725846246947344,2.8000662209533367,2
-1.2636161817183746,2.9344539199825768,2
1.7670282112882933,4.288997324367165,0
2.0386208006162065,1.0191330702368835,1
0.6950766960856507,4.06244490523582,0
-1.5322134915477523,2.6091404577301356,2
1.4637631800113948,3.821830827671492,0
1.0727303144409148,4.806054612824594,0
0.7410241874337654,3.7935797044089092,0
0.9936599041242952,3.7431402636926276,0
-1.5789759628990856,2.9751713240011504,2
1.2052311285056658,4.580478824209373,0
1.141746458154171,4.119305263869975,0
1.3607736554273964,4.259313820454909,0
-1.4349820389710009,2.899773711792191,2
-0.7762098704180539,2.7540940025548037,2
1.8686647528683946,0.7127966703546695,1
0.8743804768530424,4.156575103942957,0
2.4061239680705344,0.7659798851440371,1
2.1070444251595246,0.668774480614106,1
0.6915616927830217,4.184221225569443,0
2.062912990171155,0.6807015632864017,1
-1.047311457622191,2.3809020301010806,2
-1.5366357761783074,2.7422361438115233,2
-1.4313317249135762,2.6951172272647486,2
1.7508066384435668,0.8218602767754095,1
0.8546623501719979,4.100343360547276,0
0.9349126627514956,4.065724956049492,0
-1.404456284652905,4.0733608209522165,2
1.024603122816122,4.483176847073199,0
-0.9071566986496795,2.6458027298900997,2
1.9338381432376432,0.6295499627667092,1
2.01310189956377,0.8050524531763139,1
0.6781015910047892,4.114569974921824,0
1.7926298975540012,1.019371590889485,1
0.8846941725476798,4.24000165312191,0
-1.8047563862894203,3.2962561612017,2
1.596399117227213,1.1851296478827655,1
-1.3830001933897742,2.1753722030788247,2
2.0298842972468725,1.1509477859261747,1
1.743368803266706,1.336878956180163,1
2.5609952897902133,0.9581933088955848,1
-1.1813589848464456,2.6906182256067908,2
-1.218571740206806,3.2129805987677256,2
1.92952080047869,3.9132485344546772,0
0.3444319875258477,4.594422429317527,0
0.7101736518638078,4.701091903652901,0
1.6490116322435058,4.014443308326961,0
2.3626803042366005,0.49302765548001565,1
0.3763124379451043,4.2864127776761345,0
-1.5374814792797264,2.8060936097241727,2
0.6152512174361549,3.803290386908483,0
-1.549936055487224,2.6014650685755742,2
-1.5602292029823561,3.0552666206762504,2
2.264185527222047,1.1795393610721798,1
-1.0256653262487285,3.095782070182196,2
2.2942003224353624,0.7732481377949081,1
1.9524310557591489,1.381503786363411,1
0.7475744035256526,3.9568583195001095,0
-1.4739406135793982,3.1297102639358694,2
2.7674603380898004,0.43723618774175876,1
0.7438467265268639,4.26308671870168,0
0.7898986068233214,4.529556673159347,0
0.46234164378394604,4.505554873518883,0
1.835833702318103,1.2156518469133764,1
-1.787209086307174,3.184780218328907,2
-1.6178510891540714,3.0460431596885975,2
0.6605448885519154,4.4161371406131025,0
-1.0747221500256408,3.0509320187476843,2
1.0461946960432935,4.633259094727033,0
0.624157178274358,4.016244888487294,0
2.0406786873709355,1.1014709573146027,1
1.0002798081647262,4.2084906920476115,0
-2.140247851051664,3.0461218381602198,2
1.165313137786668,5.1054508021340785,0
-1.070912510915578,3.0849943345916437,2
-1.2011075329701428,3.118061671820569,2
1.4773603080566473,-0.00023567455758699563,1
-1.3160146094845375,2.348767708524293,2
0.6625276692892785,4.78930082996926,0
-1.9674526902237297,2.684380564342659,2
2.2662455065807667,0.8999590889322227,1
0.8889463734137839,4.245526423109098,0
0.9774635873517361,4.1427311513748375,0
1.1763832754701926,4.2877308852272105,0
0.7376591452487239,4.089914257375093,0
1.0445435015031261,4.4301381554557295,0
1.191197858167623,4.626559662496675,0
2.103721517518924,0.6226936910031928,1
1.3054294541429632,4.400015682145862,0
0.6086282528863989,4.3930956196517466,0
2.356850076277588,1.1205191022888974,1
-1.563151061407618,3.1497616574235665,2
2.0329149928133607,0.8574853193327762,1
2.40611343642254,0.5810412821856242,1
-1.170870952534777,2.2692639219280886,2
0.5283788679250112,4.09888640595117,0
-1.5181708130112856,3.829901875523375,2
1.6290914580655758,1.2629555590214343,1
2.304679677423355,0.50255450309064,1
0.856137809487209,4.328558254013618,0
1.2024462997598067,4.2577375085067155,0
1.2601865305133626,4.356063646771918,0
1.1951010864060105,3.7430671479860282,0
1.3040260825873855,4.291504015544005,0
-1.1997944767898234,3.256649390856825,2
1.0100377784583277,3.8926002921001186,0
-1.6564941400450501,2.575983559079213,2
1.6762462296951854,0.34581840408586584,1
2.6584125861368517,0.6997452048202035,1
0.613681745489572,4.0958327411057365,0
-1.7351648773430122,3.0552138033467524,2
0.8924153054469792,4.800867411898555,0
2.0077575169788746,0.8504236596737329,1
2.565389547006565,0.9630153501165833,1
0.9176065508994694,3.746511767773435,0
0.4771874218023606,4.131743997020937,0
1.0307979543025512,4.83578855857365,0
-1.399774063370692,3.2851537988688526,2
-1.5128401972874799,2.638576939760565,2
-1.7961675263021415,3.2536089760986617,2
-1.304015103585678,3.334711325339868,2
-2.228402372559549,2.9949293219990425,2
-1.4097531085023283,3.079056590032264,2
0.9995511063806038,4.409652491657313,0
-1.3364949860531607,2.728805592702021,2
-1.4449781745808281,2.806828297163825,2
2.144471317790771,0.865611655326177,1
-1.437164222770223,3.137551012289077,2
0.6092765407730127,3.806781049435749,0
1.1334792256696098,4.257831659829547,0
1.9837615876393218,0.8989015643827736,1
-1.6922515423796873,2.815658428445719,2
-1.8915520284018772,2.885867540610295,2
1.9597773066497075,0.3370388067735738,1
-1.669117816134947,2.977683314241233,2
-1.262695791789602,2.962545839600499,2
-1.7013456492481536,2.937138994761144,2
0.5586298368305813,4.4263803992951,0
1.2037996585768052,4.941116073379776,0
-2.057648821708497,2.4841194058311418,2
1.4254793412397788,4.513068599435654,0
0.37835780139280606,4.874281112851128,0
-1.380759516843646,3.11305890024943,2
2.495537981437011,1.0345893385297447,1
1.0467642740313636,5.099916929831261,0
2.296179447806699,0.7971786956963763,1
1.0205691590822663,4.581339802192489,0
1.1517073672477962,5.042994195715416,0
1.119613200929687,4.023929602563719,0
1.9391759577848584,1.2140795203107775,1
0.9404171165718458,4.086855656258821,0
0.5687131196918325,3.85630748326615,0
-0.8820807048056942,3.428344649265399,2
2.322166729685263,0.6568229688506275,1
-1.9591471497217883,2.753446245884656,2
-1.26389396039023,2.9371303334059116,2
2.421447368780444,0.35947124782437734,1
0.8600342814744063,4.051286373998275,0
1.2865421173223606,4.208541212842017,0
1.6478701260748714,1.0484519544136193,1
-1.033076224013659,2.1985652903060666,2
1.6881955066695062,0.9570021131403852,1
0.9805512728200811,4.853028192535956,0
0.8361479932917969,3.7884743024851186,0
1.581193290018432,1.0822671528834327,1
1.79207223886117,0.5440021805260323,1
1.9696445247842571,0.4432576836118299,1
0.7959506487126599,4.681513199185671,0
1.0547583558844837,3.71624640045836,0
0.9393593836992687,4.534334616053079,0
1.277035845080826,4.403063774927616,0
-1.5068476728896718,3.742952193185328,2
0.6850049665939734,4.364106026178606,0
-1.7768489069237812,2.873314179468002,2
0.9563274093042862,4.165122421785954,0
0.16644948893622502,4.0088872318488376,0
-1.853471536242548,3.0770565409140462,2
1.753497481131887,0.9237914552509935,1
-1.6495089358126669,3.1970005870032314,2
2.188829883953881,0.8794358061227922,1
2.5584255468289197,1.31676626418861,1
1.691024057236033,0.049075635173892795,1
-1.8938348986443885,3.4616335393115363,2
1.6156250432777979,3.7941297703953087,0
1.368432530997162,3.9083302971605507,0
1.1436138272735497,4.271194350231787,0
1.4013827928714047,4.1663219578819675,0
3.0703915873838588,1.427787907853145,1
-0.948540058735075,2.407902104819522,2
1.1635157495551378,4.270201573355638,0
0.5549627612765723,4.449752553487051,0
-1.710802578807551,3.1215146707333026,2
2.2453596256773976,1.0918732479839754,1
-1.5716706042444248,3.041200006017086,2
-1.4612423074506184,3.00153861986768,2
0.9375808485151297,4.66084777654892,0
-1.4025456804862237,3.534196526614047,2
2.1327046136385883,1.0421486726065967,1
0.9155701909010638,4.632886741636282,0
0.6476265281092702,4.659744674443026,0
0.8570277581892194,3.861676808218586,0
-1.3001523210391286,2.3773287390713715,2
1.8685203504504608,0.9166503753784541,1
0.4965699072602542,4.412484976095557,0
-1.5120347854007612,3.109568406643916,2
-2.036253053532344,2.8987857363700202,2
2.1329132090866665,0.7078191750202576,1
2.3874789734033532,0.8966536299518427,1
-2.160785712624661,2.8087302101021336,2
1.6968504590582874,1.0516562242038532,1
1.6712077890377475,1.2906598180840259,1
-1.649467142144394,3.5839022917746983,2
1.317883212425619,3.7588604510701487,0
1.8842972812504235,1.2066941939913187,1
1.6196631254703469,4.011162293689564,0
1.9061587739168195,0.5933969231998462,1
-1.6359253349102647,2.9252900752807403,2
0.9613594035746322,4.439688412337275,0
2.220635552010627,1.408897907946138,1
0.9172001068594925,4.167318156441865,0
1.8834395181825803,0.7634864229245204,1
-2.2424204351253003,2.6100632368568584,2
2.1747531739295503,0.6625515895369891,1
-1.0038304915480594,3.3899215870837898,2
2.197892809800749,1.2247177844467891,1
1.6397174680220181,0.5104420539622032,1
1.761160946370263,0.5436280658133323,1
-1.8808700865061103,2.9012382876801595,2
1.7519246471097354,1.1794766887693877,1
-1.5477473387608467,2.8832122035722847,2
0.8918018515379085,3.9964207074648646,0
0.7719257831501086,3.9454918191080908,0
0.4179981545010303,4.214550554501349,0
1.9896623939847704,0.9665156336134461,1
-2.024439650484736,2.8112726587043406,2
-1.6259657692163203,2.9908971819622927,2
0.33576008589676154,4.060245035676049,0
2.3461516258976767,0.315133566680041,1
0.6788238164918692,4.557343601318262,0
-1.4819124963677088,3.168534514515174,2
-1.2242265587532692,2.545667013685379,2
0.9286876833090828,4.701699304359333,0
-1.6457502976421252,3.2624381431353653,2
0.791070678642437,4.444894832475955,0
-1.6960960828538942,3.317386370408561,2
1.8762967634593355,1.3825445545142003,1
0.48578988076910445,4.520749079931044,0
0.8813290732153215,4.064538686736246,0
1.1088002531676078,4.871684675381138,0
-1.0936116250627554,2.894612343460791,2
0.6872473014085504,4.335154277692128,0
2.3118378575033587,0.7642429508880646,1
-1.7085501930774618,3.209962594140281,2
-1.4772308397027964,2.7654561381864844,2
2.0214007310641144,1.0387540150823664,1
1.1209096684131192,3.9247393820736693,0
-1.050246983452536,2.9636902674037606,2
1.6292059382504163,1.4125174351475733,1
1.2097303374289652,4.208845931932829,0
-1.2576841319843544,2.7642468868132637,2
1.8934709246528787,4.042171715125507,0
-1.6615666914144467,2.7758086040605727,2
2.3055205253601887,0.7622415659374688,1
0.5607877133751037,4.5345623332722855,0
0.6673009139280552,4.112817356116281,0
-2.103264576535652,2.533338780626777,2
1.6569195235797225,0.6339587655223193,1
-1.7219916010730474,3.3168895181581566,2
-1.913285817654832,2.5711333285367366,2
-1.8599238971537155,2.4757869641634658,2
1.581186247664474,3.9706980835810155,0
3.1385103505727074,0.40253346129816403,1
2.040536553771439,0.5120626760102931,1
2.030294409474797,0.9462744965620807,1
1.6692528113034828,0.6862240473342738,1
1.6301521689002736,0.7704899358725572,1
-1.762137468066873,3.066234207437156,2
1.049702504361814,4.073607026109719,0
0.614091728883789,4.031785699106481,0
0.9802286703732542,3.979875448022737,0
2.1623147080611926,0.8930753156494918,1
0.9033702924632463,4.85481726056484,0
-1.457878712406009,3.231138774034615,2
2.6508434088572272,0.8334564804883806,1
0.6587156510123603,4.321968215977039,0
-1.8254819038309749,3.0064350480013977,2
-0.7805504671396374,3.256201454797699,2
1.46726573758158,4.421332979940249,0
-1.6707576437582197,2.7537401271630144,2
-0.9569307046472155,3.4016198197326015,2
1.7508737275801203,0.49054062852473623,1
0.9371885966170133,3.6179219531167863,0
1.3851858526446834,3.938118646594677,0
2.299882966345597,0.9086138574387618,1
-1.375448576875358,3.0861346499001705,2
-1.5567818791467012,2.705268636452018,2
0.7719124933527484,3.8379718789108983,0
-1.26081120871088,3.3622885049819864,2
-1.320174232176799,2.6412021678298157,2
-1.9371120221611833,2.91865881416635,2
2.741392180609614,0.6945002217837939,1
0.7296249819968132,4.633928581187713,0
-1.6540743986296906,3.2399710260550836,2
2.372486489114697,1.5080558651539304,1
2.0156942629116523,0.9611382036252123,1
-2.0536863546738333,2.756567726963797,2
0.9587411540339077,4.008521865160816,0
1.1760460638300458,4.843766045850958,0
2.1808976468102292,1.055054310957292,1
2.211854139404806,0.941686327906972,1
1.3078082672673068,4.249533794866598,0
-2.1136367078197176,3.6118566637785285,2
-1.7858777939031032,2.5822926702433517,2
-1.5302904703783733,3.130764555102223,2
-2.298263584927214,2.789622590314217,2
0.37067345700396503,4.509847169831017,0
1.741624511362202,1.2827856987138273,1
1.3383135388150262,3.9551129033185166,0
1.3673269389843277,4.122172255899692,0
0.6251884928865501,4.304493212959386,0
-1.4018134481364637,2.8486309582045695,2
-1.0892437411463556,2.5076514094267615,2
0.6841887661886867,4.539291991298181,0
2.9450846318177075,0.7649634628931419,1
2.518178406116317,0.8988690383899133,1
-1.2775681072405063,2.7767150456396537,2
-1.2334520784883451,2.915897211991393,2
1.053098423074061,4.441359354341422,0
0.9546967602862199,3.802329905971452,0
1.4598215948083237,4.7549937815657835,0
-1.8046798254359966,2.850271811988865,2
1.867082272547647,0.970501217940389,1
1.5198396250409063,1.0214847251646944,1
2.0284159965032442,1.1314470489817623,1
1.068921887467277,4.664820231146449,0
-1.142117829147944,2.7542083866888927,2
1.1929743011084162,3.647777603589016,0
0.9776382357979361,3.7921673642722813,0
-1.9042614605408137,3.0290632659880936,2
1.4174691743112473,4.268649601257912,0
0.9792643026487038,3.9478316568797056,0
-1.6416872453043405,2.9665113087139745,2
-1.4839469982898474,2.730054615339335,2
-1.8215985165514919,3.2060776628762575,2
1.4772752150302975,4.526592696331096,0
1.0491516882953473,3.772183296743255,0
-1.3612543104086752,2.8507493167871405,2
-1.6143107681352027,3.1702971106198636,2
2.136823810851374,1.7816313727001178,1
-1.208257663541738,2.5296213748596688,2
2.0951088413727095,1.182993636772074,1
-1.2577161745351577,3.0004913709891685,2
1.8246721608838086,0.8189820797154508,1
-1.5108698948827364,3.5337068113038,2
2.173123299100485,1.3700886703081623,1
-1.6788939936130114,2.6209428635635064,2
1.951234182038861,0.2947615732318345,1
1.12067952382292,4.48802455550128,0
-1.7689063477248022,3.195068779808566,2
1.6037706725716558,1.5850928887671834,1
2.307136297817336,1.0134007389037796,1
1.3314282717369168,4.807893601804558,0
-1.2728160034236564,3.424792749141109,2
1.6659251756970312,0.9294736391138239,1
1.3840336747445001,4.553379438234801,0
2.4072791101163378,1.6585553823815784,1
-1.3619498286470233,3.0930828663988885,2
-2.010227499328024,2.8986576807681637,2
1.9383123250790657,0.7669550339689569,1
0.7174817226679266,4.172201339358449,0
1.9874177000001838,0.7392436383733552,1
-1.4860142734959467,2.86830936380398,2
-2.0276162243626024,3.0724968177668215,2
0.9999009785575088,4.5759487757144095,0
-1.5312680894297648,2.9000047844816375,2
1.719720597670452,0.8339303126397031,1
1.7406554594052839,1.2481483786280227,1
-1.9327525798250575,2.1726155403277687,2
0.9941040755004463,3.6758070824269877,0
-1.124714528316949,3.0534113301178825,2
-1.4536856931016524,2.779551183056446,2
1.0608784794488832,4.252984190758113,0
-1.4991675340747863,2.6015787095736833,2
1.2460056476086652,4.258133420624225,0
1.2359803296623042,3.4617710908768893,0
1.1924513749036705,5.177533299414339,0
2.1829195313445644,0.7232627499132103,1
1.3563058164063415,1.7396833729801777,1
-1.1505785651211373,2.9722867204372085,2
-1.5150021474186632,3.139312533783993,2
-1.728882194866121,3.56151830788541,2
-1.5302502268493434,3.7005829429647528,2
-1.3893113340223566,3.135459425039655,2
2.003897801592107,1.170473638132556,1
2.5149004338823553,1.1892750092425368,1
2.1975825953062,1.1128145639177727,1
-1.877221802985463,2.9516685403867653,2
2.102668718383828,0.745686396417995,1
2.3068511537849856,5.1140970493504705,0
2.1224529156016168,1.3817110216899504,1
-1.1413508294574686,2.4802392720459228,2
-1.6878261172846927,2.38792348125163,2
2.4077662130496433,1.304323196776802,1
0.8115102041825405,4.399266063783982,0
2.509249858528514,0.31990267369840464,1
1.2633827075879926,4.77976931703621,0
0.6741472018716197,3.8549111324451255,0
-1.622526688414609,2.470570943808477,2
1.7836719683209785,1.3673828371664534,1
2.24295520846248,0.8751932288307752,1
1.590259369506252,0.8462366464777361,1
2.9474568411260913,1.2823685157668834,1
2.2668443611535705,0.5413059988402641,1
0.6496093944670722,4.291721061317451,0
2.236848156640454,1.3742073294807138,1
-1.627155722359065,2.665760393571002,2
2.251834876759567,0.7532070452458546,1
1.8554495439348697,0.7904807874773332,1
0.8443956403588578,3.985626013260158,0
1.0157674502005427,4.089165993027521,0
2.0127927902642626,1.1182692565668257,1
-0.8073553099992243,3.0814897894938387,2
-1.7271012773154795,3.012127463342072,2
1.7387101295362406,0.9692100677156886,1
1.7879305820684461,1.0054365471618232,1
0.6567822996410395,4.6947430282819385,0
0.8194122016082472,4.076519052742754,0
1.2081089354597028,4.614901083448802,0
1.4137283622576364,4.474732955240731,0
1.0404701048801288,4.404557728723738,0
2.677744710873208,1.6204664853304407,1
-1.5083445841386036,3.2125589180530514,2
-1.8918113067471423,3.207876869607326,2
2.129685837779997,1.3649507083973713,1
2.4552211657036973,0.9014252878423574,1
2.1164190803594045,0.7947433825193746,1
-1.474405824692314,2.84653896921757,2
1.8768474174356686,1.2612548173680413,1
2.0360768731403094,0.7399272245709954,1
-1.6991752581727384,3.5381025736452,2
-1.5633376239383283,2.838982203409673,2
2.00024561580382,1.199326901364026,1
-0.4661387577639935,2.6967699835171874,2
1.7336348546975189,1.1297978335770165,1
-1.7947378164929995,2.5616644192724425,2
1.2240253340890923,4.296118394797456,0
1.1720247220333047,3.931493870589448,0
-2.070003146164292,3.388586147340446,2
0.4963443058072595,4.373385822345984,0
-1.1387025176315149,2.751967111724137,2
0.5776172109555573,3.8787468434126495,0
1.2405374666360558,3.814999994297785,0
-2.002738389660038,3.1260755616991243,2
0.8564412631978647,4.195180848582864,0
0.8512735105012589,4.635579124738024,0
1.9223687618525056,0.5222146929119489,1
-1.8400968684458585,2.879386796014839,2
0.964036870710788,3.5875497297615513,0
1.3055912436477848,4.445608755561401,0
-1.9432994883153432,2.52015891334912,2
1.6019442255202034,1.1679960794607114,1
2.0543954864368934,1.1497032777868963,1
2.0379883133837513,0.5535105121729957,1
-1.272743959212989,3.6910156557683877,2
-1.897851306140038,3.159929330702182,2
-1.5710258333043539,3.341408342844083,2
2.2079300755319,1.7669325772462288,1
2.165184325237942,0.9125289531489216,1
-1.6812219021959833,3.51632478546444,2
-1.539363232595587,2.968277212567782,2
0.9698199109788165,4.190636304758965,0
2.495726460214206,0.5792234092916002,1
-1.3506349109864115,3.2250840787806547,2
-1.379359014734311,2.7291810278572544,2
1.885262565580565,0.8654910513931902,1
2.1532912341484916,0.5578944599395081,1
-1.2065864998905105,2.7389737685890294,2
-0.39392483250006194,2.921578045360916,2
1.3475155154885186,4.580741609121914,0
-1.4429342713596207,3.6191698932437557,2
2.1803091152994765,1.11059481253611,1
-1.8288343920985821,2.601627936220852,2
1.2135546852625472,4.279474902444472,0
-1.7308281954524491,2.9810285054706385,2
2.116769539689299,0.6093010668389816,1
1.553117304819141,4.361267041868957,0
0.36112696622706164,4.029691988764587,0
2.3198749331654773,1.2118074805661678,1
-0.9986098187058279,2.7192632727695067,2
1.7719433881734967,0.7929225958930286,1
1.417363297324268,0.3580765044202818,1
0.6758018024230013,4.692347538946334,0
-2.38001955592887,2.904451754207961,2
0.5896542694122303,4.292959637402505,0
2.5019033152580215,0.7076659270205401,1
2.357582973685935,0.836030932311901,1
1.6434028168311998,0.9395148809688737,1
0.950305960174229,3.9239122226673535,0
0.6473958570680243,3.4701747792551183,0
1.833278260079593,0.5444731726921512,1
0.5635648028233043,4.759287152531056,0
-2.0500850979524317,2.722700527331015,2
0.6150424243424317,4.1762350492591835,0
1.4742965884222579,0.7809768497805668,1
1.6920190392407264,0.8116131894953261,1
1.3771465684264155,4.251079039465438,0
-1.3582110240324203,3.1101446906986587,2
1.0934754532732436,4.389217123359169,0
-1.665610461465328,2.8706694682809357,2
1.2105574435338846,4.562299787595877,0
1.1640788607448833,4.445430736913395,0
1.1939737412134372,4.161149682577721,0
1.748692405022763,0.7142063490115421,1
-1.211265505785571,2.753405699247283,2
-1.148330516874836,2.8936848279604277,2
2.2209405663658712,0.5356060234841855,1
1.5977634299788235,1.0558470900180188,1
-1.4749343306172618,2.624659010119473,2
1.9483788831588094,0.8166429002179002,1
1.303227347337221,4.018639319474781,0
0.8333106774605572,4.690381374963607,0
2.498731931710267,1.312325496146946,1
2.6352102344122095,1.0312233905510506,1
-1.6371431604966993,2.972774136715459,2
0.6295352528269929,3.952853321868963,0
-1.9666602854923387,2.494292881487855,2
1.503935512873774,4.379362798669678,0
-1.1997394006471838,2.903633359276095,2
-1.2901232781280523,2.744261668656409,2
2.050637583808805,0.2560048315699963,1
0.2655305148229721,5.026359828924152,0
2.5825562761287615,1.2569973602511888,1
1.246063014688223,4.388896202839262,0
-1.1497281240925221,2.5966843559634727,2
0.9549773131934279,4.57934165193596,0
0.9173951005780191,4.436055863056856,0
1.4795494299815433,4.710003677968612,0
2.0085455315566207,0.34943404223570473,1
-1.3755526270821763,3.2294040698070936,2
-1.6209289801075906,2.5551989974740423,2
2.110779560500447,0.637540977947537,1
-1.3735622637455955,3.2034149583675076,2
1.254128205354428,4.059061979767949,0
0.7986389179664202,3.935629291555304,0
-1.2829742055217583,3.2340346040215207,2
1.5093219985854593,3.4690316469051994,0
2.278759212099943,1.1309090115584495,1
1.362962653641317,0.6926449927944274,1
-1.1814039560925096,3.016284873953357,2
1.1251243382646519,4.272973389751202,0
2.737844868999488,1.115230456203603,1
2.0493523964592106,1.1292743359064101,1
-1.622548259603339,2.8721955697191697,2
1.5327431255355424,4.646342862701267,0
-1.6744113740094124,2.806193489103587,2
2.272294983464668,1.0297180170877915,1
1.198305414162663,4.874033846933991,0
1.9915507425331822,0.8008365587947522,1
-1.7645966261291157,2.730875435006994,2
-1.0890736735380184,3.2249736744161455,2
-1.6494806173164318,2.823527136236303,2
-1.6784717146670938,3.0031634152130744,2
1.0510745594104267,3.98614982542286,0
-1.7066196464377372,3.165234852471103,2
1.1702584772646198,3.764002894828519,0
2.06684604407129,1.2027987773444826,1
0.6543923370245635,5.228814829803549,0
2.4441321682741606,1.7717815940354011,1
-1.182530649197958,2.5225066544498604,2
-1.9980538793794909,3.406241911260066,2
1.5266053351934263,0.7784992288863375,1
1.5062338243992244,4.384643866224437,0
-1.7113041083615956,2.4223279022564093,2
0.725514623391228,4.126591590837319,0
0.7143992553061245,4.3558656711568755,0
-1.7496059164774058,3.3643316524958333,2
-1.5406921108349299,2.7038285650015927,2
-1.4118889436051583,2.4731492667355144,2
1.2112754337925726,4.683313775663567,0
1.627421801965372,1.2068831842843284,1
-1.307082052339953,2.857063898032825,2
1.2116929300453279,4.3947287006996065,0
0.8619737363587724,4.300913868654025,0
0.7027504479098443,4.513038284702984,0
1.022883038334745,4.1141999054032965,0
-1.490028327620989,2.583593806233355,2
0.9425637936407765,3.535752073291751,0
0.4957051857136818,3.9300776235917025,0
1.5276274857527665,4.600977651463046,0
1.1727775468893893,3.8629286683684874,0
-1.499015348570623,3.221527344647127,2
2.2174656181208965,1.3518958848346139,1
-0.9725780440553538,2.541165826653574,2
-1.4784233756201874,2.8479203867022465,2
-1.2599877244169908,2.5697374702864653,2
0.30643983191200164,3.503862520372014,0
-1.6037845024408648,2.6804120971898966,2
1.933250959260835,0.7625823214973539,1
0.6238789652418508,4.892339178141954,0
1.8136759638852744,0.7978491814623625,1
-1.0427981516342342,3.298304452606113,2
1.9194720205297942,1.4626923940161005,1
-1.0765152904176305,2.41043298203338,2
-1.8528027935627251,3.2935360897321475,2
2.184699861215564,0.9668752489749587,1
2.4833625948296714,0.6646909482901153,1
1.771187665124313,0.9586277498962639,1
-1.5004270425938617,3.1908367632181904,2
-1.4487857648933145,2.88193499772161,2
2.0013359932434307,0.7824454546815921,1
2.09895692027812,1.0345726106217221,1
1.499163262515695,4.074518634459539,0
2.318361302897164,0.6217442570169589,1
2.0514082321961475,0.8788840871283885,1
1.2625622410856772,4.2061673311622565,0
2.288737944912919,0.906672165896235,1
0.911693076115194,4.306092142065102,0
1.662637198471867,0.6027600099763615,1
1.1296219333752293,4.4380662966384605,0
0.6817354940681982,4.131437493207194,0
1.9856704903052687,1.2021005083400844,1
-1.439419350185857,2.7109027930035103,2
2.538739632290273,0.6468388088137214,1
3.2077105340334655,0.7218325106938812,1
-2.3236292142813166,2.6026805190452724,2
1.9918633563296433,0.7377895326095385,1
1.2213951465585087,4.228441695359209,0
-1.9586449820135547,2.453964300834483,2
0.5061526884655412,4.569100645446005,0
2.6038050011711507,0.8267238855277962,1
-1.3657651697890434,3.2625028355614227,2
1.0808198595436982,4.62251331272888,0
2.297050981086198,1.5072286590650035,1
-1.857715422471213,2.6768081602487754,2
-2.0289469918945393,2.4338739244241236,2
-1.6441566143032464,2.6988256162739184,2
3.085879266286149,0.39225732213905296,1
2.2769971287354256,0.7882221934658168,1
0.9341277550139516,3.7860267344612515,0
2.0407731421399022,1.3358804037149992,1
-2.007711127033913,3.04344890990264,2
2.474764358822375,0.7514289162393903,1
2.5938714391600177,0.19856323029307044,1
-1.7899560051797376,2.4067566449426057,2
1.2496786217102809,3.9972986879211976,0
-1.249988436880683,3.0430124353098216,2
0.8525689664814754,3.738021361420529,0
1.8930118527899094,0.4966496167280405,1
-1.6761447627307717,3.602397548682923,2
-0.9153974364768818,2.895540196894099,2
1.0023753208367387,3.926802653156992,0
1.7365023141291855,4.252614908443196,0
-1.2148719187460928,3.19310553738768,2
1.664637468723654,4.235105439718151,0
2.1641552408480917,0.7036336700921072,1
0.6374413373638927,4.470761159773293,0
2.3402689851895104,0.3343326455502301,1
2.412817552896359,0.6986266814519508,1
1.1308929789713034,3.924751227053358,0
1.222525022671681,4.628988129167432,0
-1.298103188229615,2.929779304228615,2
2.678617408296291,0.2782316491328365,1
1.9755135303778624,0.6548587136947667,1
-1.3725553845702805,2.431625484681851,2
1.3871917273793997,4.48968330811361,0
-1.6866499929292351,3.061085560006467,2
-1.80287255201913,3.0484928543596768,2
2.3995713056540082,1.3073248353538829,1
2.4292351437479978,1.2774883749831956,1
1.9928698990970481,1.2209982628871654,1
1.591100752048893,1.280082538650491,1
0.8781599130292586,4.614117838123877,0
-1.5618171111500663,3.41302241348201,2
2.523066848322975,1.3224741081256923,1
1.7826409227358746,3.9327817894958486,0
1.419549718320396,0.17690610593113043,1
1.2987630177801985,4.46507239445048,0
1.2760682769929237,1.1789522831105224,1
-1.72845972454079,2.898470118895439,2
1.1995784902699043,4.422795936839268,0
2.4755892985512378,1.2756976496592451,1
2.1836258596568636,0.7659850382781335,1
0.823966335443922,4.95102963241616,0
1.903055927017057,1.2627509534422046,1
-0.9049306571379183,2.359305653813413,2
2.327952347091074,1.199923685887068,1
-1.0753758018097177,3.0041263233251616,2
1.2074148142896548,4.2586609723114925,0
2.4921859236753225,0.8832357160930399,1
1.9650017974659253,1.059184423533114,1
-1.1959144530432906,3.0364497375267874,2
1.761474579284343,0.8343242554123804,1
-1.9124888465788,3.023748001197462,2
1.0320077424772909,3.6182951931506016,0
-1.9923495027879943,2.3323648308487916,2
0.882468898713512,4.584647065977128,0
-1.3999297826946882,3.019630638964553,2
0.7281726414965829,4.811822133389488,0
-1.3004994541482777,2.7038280052190355,2
-1.881452852287657,3.012963870695707,2
-1.463280696608773,2.7784908707394687,2
-1.897755040267463,2.3059245080393698,2
2.1626867574636415,0.8118657952851933,1
-2.0602220800647553,2.619958314780841,2
0.7867942225955679,4.335820008820997,0
0.5377917025290209,4.575908951989558,0
0.4858510587796381,4.465729834176551,0
0.851990985686923,4.0407381809025615,0
0.9710698823723491,4.591279405407074,0
1.0051620805887782,4.7959575847383,0
0.4681031432453835,4.437558303173243,0
1.7189003810388364,1.1567683282291363,1
-1.7551693344249246,3.597130889127554,2
0.8634803374967711,3.7896842706080607,0
2.0168957964400964,1.5444521397310385,1
1.3365631999273155,4.339508254320814,0
2.087843132523755,1.592538910759178,1
0.8049512319822343,4.571026840718462,0
0.691442009415538,3.7965961636904644,0
-1.4727065177056722,2.856390946389527,2
1.9391741689839366,1.0415857772420964,1
0.9055728942061387,3.796698266413971,0
1.1872177582967605,4.095659908046248,0
-1.3233683086577546,2.9137896908865013,2
0.4472169654469562,4.980116943880823,0
0.9798350100957207,5.073191045983062,0
1.1409621974646635,4.2212558555640864,0
-1.4919454183919072,2.8092381881401574,2
1.317568522249015,3.8385195281813966,0
-0.6323102780328715,2.74644046784316,2
2.1107972307826772,0.39303685594941395,1
2.207047169711594,0.9569566318012979,1
1.67513817908822,4.672407291777128,0
1.2494806630458555,4.629640884153406,0
2.136863576074509,1.0585076896436725,1
1.2352108297933388,4.658781515126651,0
-0.9330063689157608,3.423845182193447,2
0.22542621751731362,4.300605455385781,0
2.355598297956167,1.1974910252358888,1
2.5643482596552136,0.8865447564147859,1
-1.6633251074834325,2.854909719007048,2
-1.297943826331858,2.953216269814232,2
2.0188393193945218,0.8154634516260522,1
2.1052474305252105,1.0187256788465502,1
1.9211755023331913,0.5876685299935782,1
-3.083225297697658,2.796744852663971,2
2.150136153977504,0.6325948985184241,1
1.3338967835025306,4.1103980917525345,0
1.6214332472755204,1.5913463205512899,1
1.839609518715294,0.5916280529010685,1
-1.809029754180206,2.4883889262211683,2
-1.231333135577347,2.2366977435333624,2
2.236049095578255,0.9543538090238851,1
1.0721552305574091,3.8395548550705336,0
1.271133622982845,4.302791460559167,0
1.0858437741243105,4.004853818692786,0
1.6230185098218364,0.5533077787553156,1
0.8379399346174711,3.8979901467084206,0
-2.118257901662452,2.599437468822108,2
-1.0763551403616456,2.8411761701464497,2
-0.9484352496014572,3.62423860376675,2
2.132428205601707,0.39010157016182345,1
1.6859492453061635,0.525850247426821,1
0.8296664727527181,4.028924830884603,0
1.4607908478037022,0.46885468060378016,1
1.7041293695661408,1.807293509702644,1
-1.2037418376987952,3.5424846264087346,2
0.4053432508677586,4.198272017246797,0
-1.6105904766243453,2.9811477998644618,2
-1.4585848830784112,3.043703293728353,2
0.7211044479683515,4.372582417703465,0
-2.09795271693773,3.3567050273776555,2
-1.4784888892479124,2.8214191699243676,2
-1.6299387228745323,2.6492101285254015,2
-1.9093749884882396,3.08115154832995,2
1.3298018517340329,4.3337830596530775,0
1.8796396374804705,0.6305977889825636,1
-1.1533138346496168,2.4031958774132436,2
-1.178003212217669,2.7714143322530416,2
-1.746262645273277,2.525879527324326,2
0.7067994524906344,4.492524544400526,0
-1.5705360249680442,3.3317956864937135,2
0.2985721465002177,4.3698598363262295,0
2.054727280623795,0.63095494049833,1
2.111406029665165,0.7716483519227915,1
-1.135958957124974,2.6344677919893833,2
1.6222482680004662,0.8732024506793633,1
1.0609072658094374,4.063427343714606,0
1.0488369946624865,4.569492163736272,0
1.738798371752667,1.14407305670277,1
-1.7027932757418236,3.1252059650704775,2
0.8067964309378789,4.189016007739744,0
-1.240095839749853,3.0088166513715486,2
1.6519501272556265,0.9314556533478736,1
2.201951657614355,1.086960828738955,1
-1.3684664822120414,2.910316162006228,2
2.0846563670636464,0.5856639270798372,1
0.7938852621586461,4.962894778770003,0
1.844365543109918,0.6154355756766916,1
1.9426175695158239,0.8261348566817573,1
1.0536518945813018,4.014402591355852,0
0.7471293203648381,4.026197993437309,0
2.1511348930339986,1.1571185954267798,1
2.1010080604127914,0.43441759435359595,1
-1.4149980497227512,2.7350213389234397,2
-1.5754385280210794,2.55833375830797,2
2.7751803701712676,0.9608105598989196,1
1.055001895719026,4.188881940095524,0
1.5666366924750457,1.1046184372941625,1
0.9022029676100829,4.397406679518888,0
1.6005872724741814,0.9605755724773666,1
0.9798923386446998,4.5557991432179685,0
1.3547516906068615,4.082805731491104,0
1.7946139821321472,0.9434002361402483,1
1.3321070705294797,4.188039150915916,0
-1.4139390899788653,2.8061253842777996,2
-1.7409033589056464,2.7774907764713794,2
0.9710182980855174,4.2640932567234335,0
2.0423015836402896,1.2132238352722062,1
-1.6964599410423562,2.8367380691670374,2
-1.661102288677297,2.655937745070172,2
1.0221136754962268,4.887293053909514,0
1.309987924584647,4.5830397059801875,0
-1.885234320573728,2.8068970806378926,2
1.3673192915373615,3.756420705254472,0
2.5293176358082974,0.8342734846662161,1
0.5751699292688899,4.320260460578862,0
1.278501958979955,4.022123518225135,0
0.45783399177744066,3.858391980187079,0
1.2472262919830808,4.032726688378601,0
-1.2729417265101888,2.7264583088796868,2
1.864218441148929,0.4456770500266029,1
0.637200214346592,4.295333038267121,0
1.0478873912433726,4.063651690041915,0
-1.3756682033525107,3.2601390884665853,2
0.9446825540550433,4.72636857281719,0
0.816731206816716,4.8029428906551335,0
-1.3971178713078807,2.8989178010916357,2
-1.5994889654002435,2.4982822511989617,2
-1.8010514619100946,2.737267750974655,2
0.4639947747664014,4.584175825027037,0
2.2001713568583687,1.2573801835471636,1
-1.7624886678067564,2.9932570710033293,2
2.2313042346162635,0.8762137550641234,1
-1.6231467045824632,3.462124968489009,2
1.1004352711361214,4.519697621486038,0
0.9162088384658135,4.664867996985848,0
-1.9649011857841807,2.5916727945712976,2
0.9196081085222404,3.8744212235731896,0
1.1407856115440373,4.2147731535068,0
-1.4110139519140688,2.836325163780505,2
-1.4952890688066103,2.401371359904001,2
1.6064320454075747,3.8855010067361735,0
2.4513964985372376,0.5883028822982896,1
1.4304859156437102,0.9959213294285789,1
-1.0978233080802502,2.961550616442223,2
0.9683359494259733,3.7702490250362883,0
-1.0541953286080372,3.5967148612363338,2
-1.7027359032333038,3.6114496341277245,2
-1.7759563021591558,3.2379003338956123,2
0.9485468005613735,4.33667623236279,0
-1.5762698277735723,2.8555906398755493,2
2.319182234070703,0.4210372200377621,1
0.43624757204249354,4.163170017704115,0
-1.302528956291722,3.1122144107216045,2
1.4873908606059287,0.6690483674476683,1
-1.0699728178568504,2.792498072564115,2
1.90867941621958,0.9025813672353962,1
-1.4282027406499804,2.824389877223566,2
-0.8353522958926063,3.0490770150409183,2
-1.593251850599438,3.0959093521025034,2
1.9293285160602467,0.8351290869476966,1
-0.8086928997033549,3.074680886234592,2
2.1022630739049073,0.5125645383477996,1
-1.3865338090721235,2.8056278550395373,2
-1.6328233440873121,3.017519534327709,2
1.0757679633290202,4.913721400677861,0
-1.7696306187140531,4.131816444191999,2
2.5276453820939953,1.2167883551564513,1
-1.7716038392918092,3.070143379878811,2
0.8048663207159357,4.20603349320096,0
0.815111277926049,3.862080603781636,0
-1.6376458877235176,2.9978217499962705,2
-1.6037299228047928,3.029423497579342,2
-1.3169871904433141,2.545128563653514,2
-2.057650472484461,2.9162720808030556,2
1.7068044628067176,0.49228772664126863,1
1.5574827245095748,3.8079761085994157,0
-2.123250433703534,2.467105211688326,2
1.9098328096559567,4.303763404048289,0
2.0273166277725956,1.2729269194916895,1
0.8048302019499517,4.534368077040419,0
-1.4249576711440435,2.9070500909073282,2
-1.6977812247443897,3.4889141658192706,2
-1.6651677328387118,3.4076299749925116,2
-1.313330406700486,3.29252052874508,2
-2.4643485344228995,3.0456103748981516,2
-1.4157086587777783,3.39497590535474,2
1.7126646387242825,0.7365015618919326,1
2.43706014118454,1.2164890120670377,1
1.7446470728317511,0.5839012568129911,1
2.244762097846264,1.09379184722877,1
1.2770923260935336,4.044242737113057,0
-1.7385677290902606,2.852787922495399,2
-1.5036234568052007,3.2133785733212044,2
2.052176653262483,0.9850012257822118,1
-1.5167965796945109,2.9189302279500966,2
0.9602736923154128,4.3809650069634,0
1.7621711904649366,1.5303561176091727,1
1.894766241207449,1.463639553792535,1
0.5716062274088256,4.577206663046888,0
1.901934533368522,0.4198816869142322,1
2.669697898488558,0.8816356754810649,1
0.4091741426985984,4.690954342946256,0
0.6466346625029928,4.057795218766747,0
-1.4158903563348033,2.890550450668702,2
-1.7734809397997306,3.4502073561923154,2
1.7861817333286523,0.8988443932639877,1
1.9385770076848385,0.8189231256367635,1
-1.4075071680818516,2.782951518927156,2
1.4035272251578133,4.159983166185338,0
1.5286835051655845,0.6835112402962511,1
0.5778566931712394,4.348994088432522,0
1.2289774155308428,4.257105724261103,0
-1.1292249440908115,2.6714969555461696,2
2.3380095275013595,1.1288960701236346,1
2.332163933241749,1.4697814411587409,1
2.184279840137603,0.7860278508968584,1
0.9290739607337117,4.327637782811223,0
1.188759163717111,3.9369276850594743,0
0.38626526088285207,4.34490357324418,0
0.306906021825085,4.563634456670776,0
1.0438138733732902,4.024535942763447,0
1.9622252298462743,0.7118651215884095,1
-0.6942029709229443,2.504028893770584,2
2.7821968512006032,0.02746765998859968,1
2.407135196933386,0.5986497386342824,1
0.9662309454223375,4.892997609483903,0
1.6462504725184801,3.7207027005691886,0
2.054168988388506,0.5094169364546668,1
-1.2323868066413801,3.543362756051246,2
-1.7497177589802926,3.4303102665886707,2
2.226240891800118,1.2201958849927992,1
2.138433042286887,0.8527951718013447,1
2.05684331357109,0.5527750010107078,1
2.3473665983381586,0.5071856682603709,1
-2.0203275543467214,3.536895662875556,2
1.3890670719674212,4.596609922953602,0
1.9900900861334052,0.8106388162518658,1
0.7023498740068612,4.26515107278898,0
1.0295275450484895,3.6246006384389893,0
0.44517875182537836,4.739305312489691,0
0.7985774809686935,4.25461811489637,0
-1.7922853050811682,2.5222603707000912,2
0.6897082793454813,4.564828060984408,0
1.979393868341996,0.48034639552366293,1
0.8310194936581267,4.005192308746816,0
-1.551294916572113,3.466419697363433,2
0.8883352220340133,4.169795122356583,0
0.5339654108898226,4.886554619825045,0
-1.9931730313602227,2.6731039185399443,2
2.1938245358479875,0.7643581695996633,1
-1.4318929290253708,2.502139482143968,2
-1.2411442911415507,2.1671114609184556,2
-1.2788411538528357,3.5524742080204588,2
-1.1220640413344318,2.5902716023019634,2
0.7885755281161203,4.727230355212824,0
1.8479691381826977,0.848403223352273,1
-1.6516602731936283,3.1327817237816182,2
0.7824952420705641,4.421476234578034,0
-1.6313224096561834,3.1893928334854587,2
0.4786038061988759,3.9761840029578965,0
0.7402536473164134,4.314928022844413,0
0.6788731946721773,4.486535590013881,0
0.6717341721197668,4.766564089507998,0
-1.990383204380441,2.9008635035811348,2
1.779091744119128,0.8631873646535697,1
-1.6217461814352103,3.225815132842282,2
0.3664454093132644,3.8476523635090794,0
-1.4795888320483894,3.4420653245147874,2
-1.6521865225434218,2.6071956095758364,2
1.6199456878614216,0.7837490672351259,1
0.5535868263936812,4.112882070655975,0
2.2016134209001015,0.3103628535268319,1
0.3731401907957821,4.932926112942456,0
-0.7230094141324866,2.9830886327375916,2
-1.6759844854099901,2.8557917666129233,2
0.6265226137597034,4.4350192539947715,0
1.316657604746383,5.050641213969978,0
0.28002576539004576,3.764592037293647,0
-1.7871784590334796,3.0325843775531243,2
-1.1556233191913896,3.156877606486821,2
-1.2699984020373047,2.5776847893858066,2
2.281918093588529,1.054243402163055,1
-1.5878857114764153,2.6764054940377444,2
0.9593494602235582,4.090951887515298,0
-1.7868554258666185,3.126155023297723,2
0.7746926159139579,4.850171822361903,0
1.7706841969421578,3.794759341338822,0
-1.168139542601561,2.209021793279301,2
0.7029832053471798,4.557412968022843,0
0.7528207313534682,4.669553293701189,0
2.016688148364444,0.9711015678080687,1
1.681191132767959,4.196419305838939,0
2.139130321274188,1.053427434385264,1
1.0806534395186147,4.76802239128885,0
2.1063143199683054,1.2435446561732988,1
1.3475203283162545,4.002742220746028,0
-1.7673069949395,2.6243070287555263,2
2.246384140836083,1.2337947689593476,1
0.9297618763910606,4.199560519657785,0
0.34716054701808097,3.9315857990942775,0
2.148217373826249,1.1874055236176495,1
1.53220822271073,0.1260086703244354,1
-1.489547044237517,3.013746362699235,2
1.1088711935745004,3.891271507088439,0
0.5919357924195996,4.4830806818374835,0
0.5656768867565392,4.984054742425642,0
1.8949394153381487,1.2105397733589376,1
-2.3898374133679496,3.3103206694182723,2
-1.380740890336714,3.114437301906224,2
1.6390716112008517,0.8904102292057184,1
1.570284578434554,0.5418074889146691,1
0.75291450259902,4.224753447586282,0
-2.3205263689529683,2.456899032226298,2
-1.1376255770815813,2.930550785127692,2
-1.2007966362105573,2.9992160629979674,2
2.11552108583168,0.9789946613036423,1
2.5679145004991724,0.7634206263146819,1
0.7238976796732128,3.624478477581693,0
-1.1799357458568036,2.749520823327458,2
1.3626861979018845,3.9190173064815235,0
-1.725750138417032,2.914971741797917,2
0.9557647856496437,4.192647244572821,0
1.7337306038276443,4.492035714011296,0
1.5890916734051381,4.1573469215406895,0
0.9936054217002906,3.7251741519603767,0
1.5703151729805258,4.679162623997703,0
1.8117186193618484,1.2732325291194608,1
2.449303384239599,0.9543627936096077,1
2.1897515307452933,0.9363907152270126,1
2.0530866829786802,0.06897921378649363,1
-1.3978644566439704,3.1806422016950604,2
2.0669194239703406,0.6823733070429859,1
2.0370285228623346,0.9117895695894924,1
1.3420282599724367,4.513451161680054,0
0.9263914395684358,4.188377499781509,0
-1.3838335955752978,2.391191084316349,2
-1.758185307995363,2.6719740230785702,2
-1.4434540277240302,2.740693359783707,2
2.2874559780276633,0.717873271268993,1
-1.4616168487159262,2.4760259205026953,2
2.430096738100932,1.3765049577255881,1
1.6256062518436627,4.7992670066095275,0
2.094894740100432,0.8873450835376999,1
-1.2405634490336244,3.0677570591366337,2
-1.2628566160391712,3.1434321380049104,2
2.0120431628049724,1.027252823483359,1
0.392547116037012,4.509600539507325,0
2.696239689229607,0.8032374326082088,1
0.7464197224098823,4.061240701891438,0
1.1114824229102565,4.834621304679803,0
0.8842424873847866,4.488854873593902,0
0.8971272141291103,4.977819335559224,0
0.9963318221456637,4.026883154892346,0
-1.8009644809696796,2.6848464646490138,2
1.6802051937016769,4.221361167431541,0
2.349666791726718,2.080502704721108,1
0.23548241675065262,4.2285152684468725,0
1.9173155709072185,0.861967334269122,1
1.8359660428414344,0.44041625229212134,1
0.293919952876078,3.9677503793678897,0
-0.9880689030167977,2.965693368156593,2
1.6898536437416352,0.6654855522347667,1
1.8048394202587972,0.9649555801159758,1
-2.0699296583138413,2.4907489798049025,2
0.7008086205045551,4.099117499702276,0
1.1375480932419344,4.1634421721846495,0
-1.3376389040999028,2.6046966399738527,2
-1.4931910014668808,3.1048985534237628,2
1.8274169103650868,0.884919108782863,1
0.5279877285943464,4.88536547886306,0
1.9224527779251857,1.1060526941096545,1
2.430114372572902,0.76361538008468,1
1.6537994469342698,1.1495343243120624,1
0.8816427515085916,4.230112975289165,0
1.284633078431381,4.554110297112656,0
1.3380151255030357,4.0207605836867835,0
1.3801419627476454,4.093467064702539,0
0.7497565773997789,4.469073829979137,0
2.3364668358247576,1.5791620834794684,1
2.4752601025421757,0.8449665242700048,1
2.1813014346792157,1.2764995802420724,1
1.0606914660231284,4.698511597993121,0
1.4164805546701085,3.5734650846512004,0
0.6824740030528026,4.885984729121662,0
0.9479291998344304,4.120195463765298,0
2.0030381991326482,0.9699354562113008,1
0.8159970995708848,4.803801862589869,0
-1.8057710735402583,2.306621251100493,2
1.768757168395536,0.8024407536711509,1
0.849684718472472,5.057589155192267,0
1.1287112342999739,4.094058830337488,0
-1.177194420319958,2.6648243226764596,2
-1.1737536351030193,3.0724680603562557,2
1.1037428433785637,5.008588398677272,0
0.8850741331300016,4.348922295155588,0
2.231616670059265,0.6784570388372282,1
1.5581913663852962,1.3057426514437722,1
-1.211690636257633,2.711973351030709,2
-1.6430912735298686,2.8732788067525097,2
0.952432036936626,4.323816782490899,0
1.1316685305032845,4.138881635804927,0
1.0284083117910008,4.689950587761692,0
2.3019450047281267,0.5148704085223953,1
0.897779451558421,4.1979999217891155,0
1.770222428747945,0.8108578310035561,1
-1.1749854107155573,2.9270211978171203,2
1.8557037523208513,0.6957286744433983,1
1.708950483003448,0.33660092415370035,1
1.6185455590665316,0.8356490956455027,1
-1.9835811351858852,3.2183697706367793,2
1.2215081167292874,4.547615056466083,0
2.6823796040629184,1.148293175941023,1
1.7186069204186238,4.012485614864966,0
1.430066279530934,0.6051794661000902,1
1.1891248282067195,4.69402414047998,0
1.1499328728474283,4.505721890137919,0
2.4702291383649255,0.9971815603722142,1
-1.2282920116026654,2.642271466752331,2
-1.1135295574506363,2.6788010290732673,2
-1.79770454451095,3.0427752813257687,2
-1.160677160653684,3.017873677663608,2
-1.4679240582561173,3.051372608269457,2
1.8071491490434115,1.5653689144800769,1
1.0480503973776438,4.710324158694081,0
1.0943051098469525,4.3524150921038,0
-0.861723686164474,3.446244649960707,2
2.33461692362712,0.9577554403221105,1
1.4165525585775707,4.003253388114115,0
-1.4859714455339146,3.4110627565266025,2
0.9329927094842843,4.480526820960384,0
-1.4674434555721048,2.941932709338408,2
1.8960990762199441,0.6851201240977338,1
1.0948690353104529,4.576088567627165,0
-0.8201147197106314,3.066277206318652,2
1.1846251862387975,4.711240445627128,0
2.266369076113085,0.2294839819643013,1
1.0074467494202923,4.25858360858735,0
-1.1643205745944554,2.540803455781741,2
-1.8873555811701126,3.005969048375337,2
2.9613343085934503,1.691751329038849,1
1.0497173958195645,3.8695687176037104,0
-1.7880733283724108,2.558615197256711,2
-1.3763259289257552,3.1989451280482055,2
0.7453711420231105,4.469690080995351,0
0.9726301243564105,4.121458538612596,0
-1.6032549481565586,3.535956955978733,2
0.9420266620324429,3.7149119254408154,0
1.870587782628955,1.6100027052396042,1
0.8093003715096696,4.363496697995751,0
1.2499211331749107,4.095328204806495,0
1.3775212834002408,4.328982145675997,0
-1.2568483208698862,2.8623275487976314,2
-1.166726235114925,2.6776589034748226,2
1.945431986838419,0.9015267283115603,1
-1.973960841667642,3.069774086808099,2
2.314408493418206,1.1517924926392071,1
-1.2588446822729493,2.746500665122845,2
1.9847956648576353,0.6594236456636754,1
0.9576350138017254,4.033062473575329,0
2.632844997104146,0.8641663110369651,1
1.0963859169120143,3.903344249557688,0
-1.5034650528447135,3.875648621404087,2
1.183374519849544,4.137108774738255,0
-1.6903933678854068,2.3171185549603566,2
0.9471191400515079,4.864789597730388,0
1.8850434269502392,4.445300346354268,0
1.4072953158077017,4.295592381150934,0
-1.6673267008813122,2.7392284518295114,2
1.275426021811827,4.719550192574324,0
-1.6164551452806903,2.4298475375375697,2
-1.0371123082934952,2.5899370113798157,2
-1.6319840347293082,2.7331781640099173,2
-1.6224856311582232,2.7726919615655325,2
1.3569112889599082,4.562543914044949,0
2.000077338325492,1.174655511190028,1
2.78863544897288,0.4272730748284477,1
2.5585309033768318,0.7045311982753579,1
2.0847331790829524,0.9067722833130698,1
-1.639751046561395,3.398122056603953,2
1.6556088442535546,0.6950616516808292,1
-1.5046613966085947,2.7554187711118265,2
1.74347191310197,0.8842692806243655,1
-0.9542368209257854,2.8895564102421925,2
0.5880946224184629,4.371202965960505,0
1.2634458008507559,4.475635637892121,0
1.9303393119017302,0.7823273308198897,1
1.6662759746170117,0.7840502300630464,1
-1.3315620689681906,3.37555242893367,2
-0.9989906682745168,2.392322814536856,2
2.363504441377395,1.0173370169551772,1
1.8079199995034612,0.7355594185809071,1
-1.5696034597722353,3.3783465986273407,2
-0.8390378346779757,2.826891450642672,2
0.792645937648564,3.8204034831805647,0
1.507327896273857,1.2701517952098178,1
1.7544757136995668,1.5542702092983547,1
1.6494285599549752,0.5490482273142429,1
-1.1499557172226347,3.248892729942776,2
-1.3066690510952181,2.5429736460912693,2
-1.676215345928587,3.1998424632871787,2
-1.2047304388332334,2.9217203471312128,2
1.0103792426484755,4.582634650017923,0
-1.8802859358987136,3.485166139474647,2
1.7829748776974996,0.984071720292696,1
0.6268004528208506,4.063610497576027,0
2.717228841585141,1.0472340079868592,1
0.6627345624027056,4.495702173122683,0
-0.9790237583544497,2.608824903818672,2
0.9254604930788687,4.1160709450287705,0
1.9678153118529942,0.3723651255612299,1
-1.270460068944477,2.696666728200886,2
1.9755671316642065,0.747121411654276,1
1.6547717178920531,1.0873427827123603,1
2.602340968423099,0.5265910015161067,1
-1.3554911509810463,3.0230678016490486,2
1.304532058770783,4.005153857952031,0
0.9695997037251431,4.375767163355221,0
2.204835464315101,0.7272568468756313,1
1.2510319976084834,4.383238250622379,0
0.8781133550328861,3.890687365225473,0
1.7840276558026475,0.688652523091736,1
1.5473555383457012,1.2587247342465888,1
1.9520851188262787,0.7065733643628143,1
0.2705277588165791,4.114978205767314,0
0.7295476051688894,4.541778522934176,0
-1.548820650550003,3.0349963210721205,2
2.330271262058553,0.8011826098983981,1
-1.6548269995346185,3.5680203435220834,2
1.1777546878319838,4.496649224479155,0
1.849909837678092,1.6035983787000356,1
2.102785394387911,0.7498609737767457,1
-1.740378518432554,3.4201739088045136,2
-1.409969509904573,3.076413374798972,2
2.3230962748234414,0.9547598924302703,1
0.9435992744963824,4.617885217422452,0
-1.4610061796963274,3.1977792325483474,2
1.1160860958694672,4.132744176877061,0
2.6386932005905614,0.38002067364588676,1
2.367401548407722,1.1794336626692414,1
-1.4107320468175364,2.6649843122991483,2
1.9416479706722192,0.7055878285890022,1
1.609169727051046,0.6146587349683106,1
1.9560334304394424,0.710836614528211,1
0.8933617341578236,4.17929181640232,0
-1.222053497691945,2.99115298399139,2
0.5736200815547828,4.418977292618041,0
0.8245260620898864,4.31708593215712,0
1.8512174032895545,1.53682752221406,1
1.090299943320714,4.347456659813514,0
-2.2194538344117722,3.1148923724878292,2
-1.9997410446976054,2.956788230142959,2
1.8381489402876348,0.8503134441450964,1
-1.8929372719106445,2.963772555322589,2
2.1610980956386894,0.6894327749325164,1
2.2453950332646233,1.227751805275011,1
0.991169454396278,4.098367661573028,0
1.0049071385335382,4.258299277823931,0
1.0383692283353085,4.163163999775499,0
1.7058451868812246,1.108964961628759,1
-1.1377368748779195,2.9895125713177757,2
1.0813695918137753,5.042500314204196,0
-1.37472523255987,3.1672220668457656,2
1.5662256534029404,0.8797575610776192,1
-1.2931988982461267,3.4976704966478507,2
1.7479586518636456,0.9497267101235277,1
-1.0179044870782197,3.1616755011834403,2
-1.2613810032080954,2.989522261555908,2
2.084568435904664,1.0350634648952461,1
2.346950621502511,0.8523456938706463,1
-1.023301561662081,2.638061422534445,2
2.4689607969586986,1.0582107075625058,1
0.5362863300624782,3.4922685817040255,0
-1.141324595591843,2.8430223767282277,2
-1.948149641280504,2.71499087000024,2
-1.6784449535339705,3.395558261201763,2
2.7064106049759418,0.7922570110052439,1
2.587100672598289,1.187114011035042,1
-1.1824957706909096,2.538331218442486,2
1.9825928353394175,1.0665111281158515,1
-2.145153903961356,2.7012646110448966,2
-1.9761210087000773,2.4026887909293393,2
2.215861322674522,0.7240099529315871,1
-1.552002150611488,2.7456424798924957,2
1.5236936702256192,0.7283336039444862,1
-1.3347456155458115,2.458777802824333,2
0.9746122116383547,4.5432523997122924,0
1.6055610343470006,0.9630868683244064,1
1.5719864740814842,0.4956390574384366,1
1.791773090202852,0.8070612082593555,1
0.566678675330379,4.520627315936831,0
0.6285935971483977,5.018512579887824,0
2.2803900210645973,0.9710830904059318,1
1.8550161769938769,0.5712521877723283,1
2.4943656286273495,1.2410611846720654,1
-1.1766861437696483,3.1024103428947414,2
1.6324456562101335,0.5538931335978583,1
-1.5698009434127491,2.653691771432006,2
1.7851564146659331,0.6741168682972014,1
2.445784217370706,0.8659040682710593,1
2.41818278946676,0.7522059979896651,1
0.3091439524513362,3.8814697599750256,0
-1.9496388913100269,2.7052537853927436,2
2.429044255789565,0.9613006690641479,1
-2.08739328401508,3.143075876061628,2
-1.1672964979518965,3.2052576063115508,2
1.0711519223220463,4.7015439969164206,0
1.0846663348265757,3.834190597249978,0
-0.9602492367607983,2.7582536170845047,2
2.45621828607074,1.3093412087382967,1
1.2232898509790442,4.379694325185447,0
2.614397353580515,1.1682620623273798,1
-1.0267008633368393,3.482864312781495,2
0.6247571292713804,3.9544202225672374,0
0.6622371178075922,3.8025161727504484,0
1.979877714562218,0.41922216792613787,1
-1.5543991258172614,2.9940746034129524,2
1.6443792808683182,4.106546469052831,0
-1.518040839960635,2.7314680704554712,2
1.015728357979003,4.533831019055062,0
1.9681984953526968,0.9146627968259169,1
1.6422298356356873,0.5445465373682365,1
0.4511551469539954,4.017310878240604,0
2.1526570631618505,1.2373152261582625,1
-1.6464420665561876,2.8714113977577966,2
1.8823819007185298,0.2676100138380433,1
1.2492632421447274,1.321725885021849,1
1.869147414823359,0.8064924584151981,1
-1.9154821974145515,3.0486708867772827,2
-1.3936950612801355,3.169748461880572,2
2.4672249079358,0.22553042971009973,1
1.3888429284523727,4.240813634914067,0
1.8292483130331927,0.6103580718013973,1
-1.947908519447877,2.9860382224788053,2
1.697909308234676,3.8845071002849014,0
-0.8688496706005108,2.4891194769392837,2
-1.9204165409436285,3.0007939760415794,2
1.5357940600578812,1.1433056357970952,1
-1.6866988293452785,2.5284693016910356,2
-1.2021439717131588,3.1321561208410253,2
-1.3298367654054828,2.767299889805495,2
2.975655099400461,0.9811377178953359,1
-0.9789631776216381,2.777494237581406,2
-1.6542435345959206,2.8362694493628764,2
-1.1617472570477576,3.3560534968592117,2
-1.9622104071680244,2.757767066948831,2
0.4632000635687118,4.279431333219811,0
-1.357869762592359,2.768760569592614,2
1.1702147309608644,4.069243263243836,0
0.7575104918068601,4.167149884553462,0
1.128514537789092,4.487503564327888,0
0.921213227648297,4.400471275655381,0
2.2112274592682493,1.2949184544627879,1
0.4745467501797337,4.241108901777924,0
2.4612359729494453,0.604887284237571,1
-1.5799335683074425,2.9649565386283987,2
2.551245267327047,1.052968715038434,1
1.5476386909298252,0.9665718101776904,1
0.9301020546235066,4.445453961662564,0
0.8751182547125135,3.6042635109942096,0
2.070981087528943,0.7569992807343836,1
0.8343547185472601,4.455665966328991,0
-1.6872526398460446,3.2431713245248135,2
1.281212572911579,4.534987110262943,0
1.270951686999931,4.493967614597954,0
1.7923222426934993,0.6473083135543238,1
2.310226129127824,1.3033782868831794,1
2.3914128056876676,1.2549299142425139,1
-1.5036726284998554,3.0888900747717054,2
1.5591399389764344,0.6900999856184524,1
1.802859857683612,1.3313556688887065,1
0.6150088655020173,4.241710808303366,0
-1.6436608897469858,2.993642368608956,2
-2.116598349585216,3.000387189218999,2
1.621316478375228,1.848314492514384,1
1.3768638158960904,4.297218858009427,0
1.0725976381562121,4.352712863793118,0
0.8071327386788074,4.304687241299418,0
-1.6723181491822923,2.7361619400091537,2
2.2381297179988304,1.4933123267434922,1
1.7174311935968172,0.5842900953605314,1
2.6156632594663654,1.182016050699887,1
0.9752324155430822,3.6818220652166085,0
-1.2960165951931109,3.2117492555931935,2
-1.377870129188974,3.1955949826942334,2
-1.6252018736837084,2.935823574638236,2
0.9038290123232127,4.10662905170602,0
2.496543875171494,1.0135148093236819,1
-1.298341836302474,3.1657798931300407,2
1.0851636346792737,3.926360945662517,0
2.318030893780139,0.9727245788079866,1
1.8899888851277016,0.7931542478062061,1
0.8681194838165686,4.287904604305383,0
1.3253576500617308,4.505551000534601,0
0.6426572542412202,4.136033238304338,0
1.0552331076113814,4.461186562529587,0
1.304774876233914,3.9470494251215946,0
-0.4327224665852403,2.895597507664302,2
-1.771719244368297,2.37371848059128,2
2.3212288637135647,0.7970224473824524,1
2.1040400279915166,0.8586481495372191,1
1.0744246754071987,3.9561940636230366,0
0.8963232128417997,4.534013260614108,0
0.42224163947921645,4.5174201101359115,0
2.623740482682192,1.6946407325923336,1
0.5872875867969332,5.055365135244005,0
0.9304011745070008,4.700365285294293,0
1.9577834869746547,0.5385381108013045,1
-1.4556619439493095,3.257963995005789,2
2.0880604211516833,0.3403612705529673,1
1.7699522866911388,0.20099559626390007,1
1.7631028457318152,0.8203196128086621,1
2.1793511649605506,1.484152285063643,1
1.0307007177765801,1.1289226303541937,1
2.0327511276581527,0.9605234778201851,1
-2.0367129974070712,3.018461011463281,2
-1.1280331174781,3.739484238257057,2
2.228396183173143,1.354220946405495,1
-1.2108131623217293,3.306326467583233,2
2.30968498732336,1.2647637890664132,1
1.0318139217371198,1.486549248551255,1
0.9246962959424998,4.674719530675211,0
2.2144847602954556,0.5913699203032544,1
1.136960659711207,4.159466420546938,0
-1.9324166929527808,2.0291524595077948,2
0.9551694417728034,4.401115694237171,0
1.9645463206188882,1.0445601565625122,1
1.8951085415666256,0.9917093867306945,1
-1.4704136682429696,2.4715934663131014,2
-1.1222300761748665,3.0295593846832802,2
0.4146115930951496,4.814337489834988,0
0.6813970045644879,4.242672548845954,0
0.5276928882607593,4.202383361923236,0
2.1016520691359912,0.7143173730433159,1
-1.2847772925052783,2.725005826566683,2
-1.6507213729560224,3.052037067865096,2
-1.717951748424923,2.409700944303004,2
-1.3758782475162177,3.4607693191445703,2
-1.2768521640778066,2.683174649167502,2
-1.4235329614360481,2.423111338489991,2
-1.304562433575781,2.92483885990721,2
-1.4414412350366046,2.312702369156283,2
1.304148404235391,4.5734031352129145,0
0.6834002136179491,4.868242335611621,0
1.3820291201092383,4.143710467181496,0
0.5420274297319874,4.34272085767404,0
-1.5548827509751049,2.6717786317838748,2
-1.7463343611659352,2.6435009757268095,2
2.3486897534314983,0.6678642577124285,1
-1.5326137732767395,2.994518306640881,2
1.865058230793319,1.1160371567905594,1
1.575723804359988,4.063233369555634,0
-1.6219693685436525,2.0433023665140357,2
1.2804072989603734,4.4006924944945345,0
-1.6226595781748256,2.277296835462633,2
1.0612815165206397,4.163495178854607,0
1.7119814217862412,1.4807306275295393,1
-1.8992855540085865,2.8808460470188058,2
1.3546396589769707,4.854102938585719,0
-1.8145650343782853,3.668575875474248,2
1.9084191348036055,1.0480636781597787,1
-1.5994997530284623,3.3312544396834918,2
2.241202983402379,0.6758401408395385,1
-1.394346779847738,3.0512110078852386,2
-1.249070950977506,3.398619093169863,2
-2.282607877829216,3.038552737525451,2
1.371278001126594,4.477387658668777,0
2.0814893736946147,1.287097137354563,1
-1.1722289613722456,2.5704845606702396,2
2.078217080488924,0.7814333109265273,1
-1.6734599732818336,2.708788727481812,2
0.9568664205388336,4.582583580798889,0
-1.593265126302837,3.1589080147893123,2
2.8332715756423794,1.0053525523839844,1
1.2299322811617361,4.79890073738953,0
2.2284180481529146,1.199978188068132,1
0.7300397180794174,4.088530030403217,0
1.2521024071213611,4.199227321786818,0
0.9241953828133391,4.179125878141319,0
0.9723691144018506,4.307811942402912,0
0.3863863418415656,4.409841195108045,0
1.214118831564274,4.155461440456073,0
2.258122829818185,0.43435337223596926,1
-1.944837175222419,2.6749426933506464,2
2.382212825865656,0.4350542237113344,1
2.271030092946117,1.112578635464489,1
1.3935314639784577,4.818823604947761,0
2.6813550604825505,0.7862324732751869,1
0.6283048548389166,4.363045161710293,0
1.2958907520347571,5.077743844082212,0
1.5483120542684607,4.503716648301385,0
2.0778539797943867,0.8173406174047655,1
-1.6249637270653852,2.923115233055073,2
-2.1132411884531197,2.7578507031502952,2
-1.9122128631083555,2.927092444335789,2
1.1394283276584058,4.17420247320187,0
-0.96887602340516,2.424650178228541,2
1.0820895068336738,4.021604830257773,0
-1.2291102352829173,2.604909541567777,2
0.5818757791675082,4.177757885948549,0
2.090781297960875,0.8794288859694556,1
0.5563035164006518,3.369965855450266,0
1.824921206512277,0.8257733154723715,1
-1.4453022612128164,2.476225934011597,2
-1.3385019927323656,2.510237536300045,2
2.5641799050500946,0.3769717581273283,1
-1.5830335961045516,2.4324324377253874,2
1.5848755156555738,4.651825364408815,0
1.2210483115709505,4.031479574023804,0
1.9703250825935092,1.0515450748020798,1
1.7498638206991848,1.5140468231980089,1
-1.4547250265398002,3.1713446203890383,2
-1.6308796856554446,2.9470397906704817,2
2.2237071682812934,0.9258575917209128,1
1.2350120181016049,0.5848700364107846,1
0.9742473062601072,4.279286499435903,0
0.9122533352465623,4.617474276323046,0
1.542589072696574,4.015244134983648,0
1.7421418205850234,0.6964496016541531,1
1.0549076778922493,4.486867191421408,0
-1.589595324768685,2.7446826612465505,2
2.5066467641196293,0.7476635265919743,1
-1.256619586668499,3.129428104717004,2
1.40828190411943,0.8455368235963876,1
0.18682259825572878,3.945909932175929,0
2.2248568916664744,0.8081095260038254,1
-1.7107837543771993,3.212909011603919,2
-1.9861197049951205,3.385577230814162,2
1.7008540676876878,0.8374857774253482,1
1.3318796659560417,4.196381791102365,0
1.2720989774585578,5.162417475358155,0
2.3094469971572877,1.5410418744955692,1
0.6541617482091914,4.83211544914426,0
2.8934467749788406,1.3633249017430646,1
2.14446781892125,1.7596372255230375,1
-1.1913200462178024,3.6478921126325865,2
1.8175319859625332,0.754763462595094,1
0.9810172050487141,4.348769967204995,0
1.9746981976369038,1.5296691748698605,1
-0.926391093575332,2.5961144061042383,2
-1.5669276612057264,3.4148244816988083,2
0.8079046708485828,4.221644303435368,0
-1.7731557541087022,3.04007192170548,2
1.3478301380588364,3.8890767218482707,0
1.1371247952384147,4.401807578461578,0
-1.1043757660582796,2.5588145589516853,2
-1.8297758654437861,3.151782766736755,2
0.5306384670056044,4.839906274985654,0
0.5217297257894136,4.750413698550556,0
1.7184415320690496,0.8964283033793343,1
2.1997320463840118,0.9237760453829879,1
0.6187709797086508,4.2334673963499965,0
2.2689915274102437,0.8051141086751591,1
0.32795014870323236,4.054122880811163,0
2.0382752374696347,0.8987387413809397,1
0.4806145196299703,4.797504867829132,0
-1.2635946218778318,2.646133733960132,2
-1.0388596945740902,2.499430260424951,2
0.9856775720063324,3.923791089639143,0
0.70881970517924,3.8005603116178377,0
1.2995988746563765,4.257388522319589,0
1.8388488997094232,1.0383031675669216,1
-1.4459135316118572,2.42783460671375,2
-1.563549027057975,2.7302108923302897,2
2.261918774278952,1.0444843505908161,1
-1.168560169885279,2.214893620802552,2
-1.5838774057539426,2.945528696360803,2
-1.1041952197721296,3.391698670155691,2
1.3675743416550064,4.174525551451748,0
2.0554278545546567,1.053307686066351,1
2.3584674038641307,0.7175617018790323,1
1.4400249970568804,4.375653724770676,0
-1.4297079246793059,2.8972324145635584,2
-1.1041288131101483,3.024897905077592,2
1.4780804244397796,4.104771293326054,0
-1.6722952252193468,2.72183416059159,2
0.5854744717732085,4.104508525468688,0
2.33890025186896,0.7877962034782349,1
2.1940222447334987,0.5390946030610506,1
-2.1559289626747624,2.805565465477351,2
1.3119031471323368,3.491063802960916,0
1.075946788243522,4.195505169939214,0
1.6160744082201295,4.54037366843076,0
1.6274971014667705,-0.010899760164635786,1
2.5528685205722885,0.9206983874469593,1
1.8304628040226576,0.634241113042145,1
-1.8857399036662017,2.5730680182816106,2
2.0389325791313437,0.6808106290506697,1
0.5167311616467809,4.247620480330091,0
2.240723447670631,0.39318135738524496,1
1.1363655407238418,3.9661731226415853,0
-1.5453369189619806,2.9433835531199755,2
-0.7014201049808338,2.953421443694365,2
-1.4285954381036694,3.2572994613019466,2
2.0509864915631537,0.8840889149817325,1
0.4017261943482906,3.9922783843277565,0
1.8043217576118262,0.7104741744836846,1
-1.0178277865660477,3.0623865487300193,2
2.2558569979055125,0.6381844834561394,1
1.4852715854132583,0.8715006770528927,1
2.109585004316677,1.4384945151307673,1
-1.5510221482721767,3.2396792217396326,2
1.992311637371462,0.7879802743279793,1
0.48984672193282275,3.6199998305315977,0
-0.8832956936003346,3.181465212643159,2
-1.2594056684726231,2.396856525054278,2
1.5030014102128657,1.1951329408539086,1
0.8881903529152565,4.098371401635389,0
1.237785995518116,3.8876565931270823,0
0.29606018059610717,4.481692042406281,0
2.113188341406877,0.7799645126634808,1
2.3030938015091635,0.45746126986424956,1
2.4176157911425378,0.7631592612329856,1
1.0063151654163534,4.1309129799683175,0
2.365502615413532,1.6862262073249168,1
2.00562900219867,0.4180655197765851,1
2.281377090366183,0.7377282903524278,1
0.9003377290686679,4.459674965261569,0
-1.1323821490274086,2.599276301147577,2
1.8625914144004108,1.2273136199305346,1
-1.375944021395933,3.349265124855999,2
-1.4378787658611414,2.658655539854051,2
2.47973411535376,1.0951600154291063,1
-1.5161187181583027,2.708807867479551,2
-1.7980670011078883,2.9704012837541196,2
2.8235721424515487,0.9731506793442275,1
1.080896411386234,4.5168227722173855,0
2.285373226443852,1.3645293376578205,1
-1.4322453880250297,3.2272628143707993,2
0.6782638390313417,4.185423183385817,0
1.6906487548274578,1.0013829307244364,1
2.071274220554574,0.8461045174944102,1
-0.7793959478564595,3.4472175907348888,2
0.9129325292035896,4.417122263744911,0
-2.2136872100708813,2.649232371239223,2
1.0011231603623054,4.1310511797751275,0
2.422387337952217,0.10765492375874608,1
1.6139403627976372,4.277309662742442,0
-1.3824782692400097,3.4171242026970057,2
2.272295450677954,0.826473792027445,1
0.5918241783649593,4.545189629134575,0
0.7260395255004691,4.28857905305552,0
-1.356592894592449,2.971458817402042,2
0.6323011653998987,4.622584451473966,0
-1.2930787945220614,2.596304683787409,2
1.0165718341455272,4.171085680440417,0
1.8253935392747769,0.9355771194302357,1
1.8855549408221908,0.9543027171273477,1
-1.7626617949630843,2.6630336004867496,2
0.6758979771794109,3.848508106340379,0
-2.1657191965217604,3.286292178012544,2
2.0021846169315767,0.8272492241797693,1
-1.372060377063196,2.8739837670479726,2
1.845328562793515,0.6703042189284049,1
1.3870340075595926,3.7465070067699653,0
-1.3146230162127452,2.7731418707468865,2
-1.6663181959460784,2.944845314198792,2
1.465346304890592,4.783233933819586,0
1.9593952545795341,0.7890770160444012,1
2.1541790761746875,0.9636126189035307,1
0.7312810965047247,4.290402059466082,0
-2.0110691324467407,2.557039576799658,2
0.9653418654911484,4.2570289764254765,0
1.2639256308912608,4.244024732287491,0
1.8908430294747482,1.0201837733492414,1
0.6476493004272341,4.728105915574492,0
1.823271480714448,1.1679506639818658,1
-1.0651935559445953,2.4304299272103207,2
1.9193794358197462,1.2832284564352279,1
-1.717862064196753,3.0593924021666887,2
-1.6598281429165174,2.428795340753497,2
-1.461904025610143,2.634893792288182,2
-1.8904622262541477,3.199833530290245,2
0.9539885574701528,3.7508116420634967,0
0.558024696702464,4.128643943891897,0
2.242323964903351,0.8607041920607801,1
0.3329082196619908,4.53235037664064,0
-1.8236369566288473,2.984346475358321,2
-1.8908088743864238,2.1781456937000145,2
0.7194342244373326,4.117434146798757,0
0.8742100285321257,5.224307215860831,0
1.4278500593219183,4.217498104745251,0
-1.9304843282654809,3.423171061189351,2
2.6780566229170235,0.6362022643546253,1
-1.7898260269296271,2.5620642050083493,2
-1.3590455170702773,2.5511918378093417,2
1.3284056756553322,4.3124647581862545,0
1.3562991071935708,3.820402297319355,0
2.211108749819921,0.9413612192508012,1
1.0057883523588391,4.199601689146547,0
2.170051299429471,0.9501975968040245,1
1.6303763957787059,0.2944234146101562,1
0.9851550400887557,4.517424444955284,0
-1.4555583174944349,3.3325870364837007,2
2.1062323486667656,0.9600954604820752,1
1.9425835924771035,0.2942695465097389,1
0.7623625985029554,4.837566805557566,0
-1.3298453986259429,3.498814858512904,2
1.9600667044798754,1.308709315260018,1
-0.9123659483290083,3.3998173725522003,2
2.5968288593150475,0.5120664647411073,1
2.1566626710258854,-0.011705156316021537,1
-1.6275177435585793,1.869996261003058,2
-1.7672442142918536,2.08887334626262,2
1.8691593788138279,0.6394663946499274,1
0.913591236728664,3.760782929065681,0
0.9531297494628738,4.155912776559488,0
1.1687199821002319,4.304102301783278,0
-1.5302765439709478,2.8558067752420886,2
1.8885434111480657,1.3545695538015643,1
1.2401230677933004,3.9929214535684605,0
0.9461943101064306,4.37178985576441,0
-1.5525586023866507,3.0926986871766866,2
-1.2685402021812426,2.935609122638518,2
2.0255167844360593,0.6443678676847926,1
2.0086015285089616,-0.09687923257274489,1
1.3111530722944895,4.401678501848301,0
-1.9819942172670002,3.0774626077103306,2
0.94067603245229,4.310535112027967,0
-1.5871976036525743,2.4644081468160794,2
0.7346190782701589,4.803899675973682,0
0.9643722837190757,4.225337358763346,0
1.01400577900961,4.243043970283724,0
0.7384125136560447,4.106276059059519,0
-1.4887530449145936,3.106713071432314,2
0.8221433039216478,4.541838345556031,0
1.9865489350372283,0.6604326491687961,1
1.2765434520488128,4.7031729807785405,0
1.844077368137126,0.6847462696441747,1
0.9631534796331226,4.218522377985885,0
1.0336450789049003,4.337499802020809,0
2.7235194297278493,1.1806736468488308,1
0.2695431797508898,3.450674767230339,0
-1.9712343699630914,2.343108918665331,2
-1.7456017037543385,2.727688782146962,2
0.6148449928842497,4.150925409338088,0
0.38392807057673484,3.9726101103237346,0
2.5156181581009536,0.7700804458796626,1
0.7357154155416629,4.262671236202051,0
2.3501445921345865,0.47717514932975275,1
-2.099199579874455,2.8576391723591557,2
0.5950426550818105,4.182616159753113,0
-1.2294095503335856,3.018645721549835,2
-1.046473334946239,3.1252911046972125,2
-1.485179483454852,2.507248867314218,2
-2.008284961667261,2.728577063692516,2
2.3236294427920106,1.2939850795581258,1
2.1016113923204944,1.1108840025222406,1
1.220967732348038,4.199221467248912,0
0.929426973901986,3.8727442570321564,0
0.8191070790400571,4.475627196762082,0
-1.7116074284336382,3.2109098239106664,2
1.650665674332637,0.7580803689823163,1
-1.6305293831257315,2.8654274244547464,2
2.123513171193782,0.821934283222867,1
-1.5592978405922955,3.1274263037966548,2
-1.5483390879419245,2.9775295946876934,2
-1.579731889697461,2.5399993948152124,2
0.9908343934735996,4.176109925433322,0
2.29471723241799,1.1116775909612455,1
-1.6290899710837163,2.7518842620495643,2
1.5905152323562155,4.257241379640033,0
1.2613520164172483,4.32441128366196,0
-2.19893479228453,2.914548087525358,2
-1.4140716469877752,2.2631911281468375,2
-1.8378708872376288,2.4342037703301638,2
-1.8002026182984583,2.9890229019196988,2
-1.0993996930982899,3.1938098383239253,2
2.0719143578646504,1.2059716385240313,1
1.5140656894257551,4.363692241331247,0
0.9099290946566936,4.453597164905869,0
0.7973846063951517,4.5431054401769195,0
1.432940693734786,4.271154132189035,0
2.0133600673150003,1.213910937814164,1
0.7264366422746278,4.770530584202089,0
-2.0767683724007804,3.230385339835152,2
2.3508543683864374,0.9046917545172162,1
-2.2646515666971494,2.622119827763555,2
0.2555921258428703,4.334085598340116,0
0.7481904053762718,4.480472737167566,0
-1.0841521628800312,3.1096764238258765,2
1.2361590275439516,4.574680736367083,0
0.5157024848674627,4.1422327157632415,0
0.7869983293517243,4.260501588835905,0
0.5469524977576796,4.642393479965972,0
0.49846307151768604,4.985271852435515,0
2.6637765021151165,1.0599339226373923,1
-1.669525779997365,2.8493611892695245,2
-2.0716565749107883,3.1307045603047254,2
2.0593129764930818,0.5708799948560032,1
1.0017073432328216,4.2317454186218315,0
-1.4934809620817353,3.230241004043742,2
1.0109917804325208,4.855491967868091,0
2.3441153405908253,0.6758460504431906,1
-1.390776877593616,2.494843873067574,2
2.319850010476733,1.4124547524154516,1
2.25055864424466,0.47891841683636516,1
2.455537763544737,1.3920664562283709,1
2.0058841860066052,0.8203910522584383,1
2.1057589754651125,0.8901326681687204,1
-1.522983817963599,2.24828042501989,2
-1.530589443510202,2.486720685227732,2
0.3336849963186038,3.9201335595064966,0
1.3381760558671962,0.5512531240167844,1
2.058437305969483,0.5874510214403839,1
0.4164411853905964,4.59232380306883,0
0.37684981560763575,4.51832065631244,0
0.6062975765307718,3.6651447553220433,0
0.7783458463153654,4.47039831165173,0
0.21364404647827684,4.0834096780193265,0
1.5272616194994553,0.9948668732109389,1
0.5305373563744207,5.041236163988078,0
-1.8653555022767812,3.1081655393210217,2
1.7035521573228916,1.1189768672305518,1
2.053570247566176,1.0454483254819147,1
0.5361343855352508,4.398813155583879,0
1.366861863355855,3.981598970366386,0
1.993043680252878,0.1291469546648838,1
1.2037104506844876,4.455963409359754,0
-1.0437860501717848,3.869012408422834,2
2.005584057188584,1.0626042131354498,1
-1.622268115474598,2.8771297215456753,2
-1.4222610039088672,3.034379878953771,2
0.9305529399482033,4.79402848950344,0
1.0545764055782874,4.98060336309589,0
1.1845674276808242,4.385654765847211,0
1.4335821867563863,4.461153204471686,0
2.3010710572309776,1.3525933688920257,1
-1.6309950747973334,2.7763556443921242,2
-1.274810124282332,3.1575503064789117,2
1.7779497811524845,0.6824790415685019,1
1.1346098748827886,4.868966060128499,0
-1.8422528391247326,2.4721433348277126,2
-1.5392185366193631,2.976460939049846,2
1.2804222985330616,4.368250770094631,0
2.3839430277906386,0.7750542083250519,1
1.3672167743418675,4.20804280518065,0
0.919073624169867,4.592031749602448,0
0.23600047323076245,4.795665231001937,0
1.965014255072845,0.9224487421763993,1
0.8777485335314462,4.1992596498573205,0
1.7665660369002674,0.9876524214498417,1
1.871014091301118,0.7979631958356038,1
-1.018141504791208,2.601411306930492,2
2.2551328096975345,0.6532877559060968,1
-1.234456954653192,3.3348404533170726,2
0.48545439203664603,4.196313357053887,0
-1.6839044731937745,3.422150161246826,2
2.3289615615231987,0.36720885230476763,1
0.6829892684437415,4.459216715753395,0
-1.847292044024846,3.0141595057952304,2
-1.2882528861574594,3.2395592118816574,2
-1.7746697621155585,3.3858310562708014,2
-1.4846359465231678,3.0706165537718495,2
-1.6947504291107314,2.285503762723137,2
2.0942229295670627,1.3210429216200166,1
1.1781971875151236,4.590211133237896,0
1.843465947899049,0.9763508481434108,1
2.2379455825317254,0.9225458539581255,1
-1.8699497878413824,2.686112156339885,2
2.2145761085807445,1.3865943922278599,1
1.0477815852621355,3.6315403678229146,0
1.7607229924334653,0.05599888239352513,1
1.3599914745295245,4.221811796977803,0
1.5746182935415023,1.082438652311734,1
0.6160805396417348,4.644365328900773,0
-1.192067770344055,3.0265702552378104,2
-1.2106751887280967,2.852535559079856,2
1.3048636035653938,4.460256280761845,0
0.6214788331640781,3.8566313971445623,0
0.43974770984595035,3.7045977700154125,0
1.9798697363571396,1.4323218757471121,1
1.658962698027165,0.7404440898676481,1
-1.1961538995364802,2.6573239048248234,2
0.7701854587096498,4.245633729985607,0
1.4643636924557062,1.0031451953050896,1
0.5944085364646453,4.259387771911475,0
1.5465864065296686,4.26912168185675,0
0.40268752105373284,4.047127844794107,0
-1.4126764340801883,2.8574501167233417,2
1.9673109183841553,1.5912580713870321,1
-1.752299622729001,3.405919817844454,2
-1.1186426724245435,2.6944400519943867,2
-1.7625252403513616,2.507015619128831,2
-1.8533408590827525,2.5159462559354995,2
0.5614437269753669,4.794059503366453,0
-1.2360122443557124,2.8556756880284886,2
0.9765969776840038,3.6418116259930744,0
1.3997176227901018,3.811650657461536,0
1.789249001792259,0.4345418062955693,1
2.210106560974936,1.1324016990671695,1
-1.8571717026127046,3.004154252247407,2
-1.4332904086196137,2.459802350075787,2
1.020689310992762,4.444483604654035,0
-1.903400376940905,3.262648342680749,2
2.1435554497671543,0.9848604668780452,1
0.8225537459157433,4.367255777674627,0
1.7335520551927306,-0.3613435112951986,1
-1.8818444242070305,2.938763574535994,2
1.8415560731401202,-0.14524730897295335,1
-1.2894885383229044,3.1116342189747725,2
-1.8938519840841945,2.9249853534442916,2
1.3359977892773696,1.1073399062677765,1
2.110405283781606,1.000618305505017,1
2.070129405959444,0.7306687099348488,1
-1.354331905086299,3.1407699780957103,2
2.0109722294496843,0.7128869191714728,1
1.6894138136049215,0.6094642103245839,1
-1.5133957446547002,2.8391207539883094,2
2.4432327466243127,0.7713247342897116,1
1.1225188746725592,4.289780773575319,0
0.819499885101056,4.234237055863611,0
1.5455974253520486,4.229783925652445,0
2.0458174279094967,0.7030295720873311,1
2.0304028936497214,0.7928507837330188,1
2.054113130083825,0.5667234288422389,1
2.168726268133203,1.0244477914591759,1
0.5146628102192526,4.193220774909064,0
0.5378624090203334,4.098575318624493,0
2.072452453781394,0.8353121847234175,1
0.9603050795752943,4.433971770496132,0
1.5756641182828877,0.39782768482363867,1
1.7936365504498728,0.8124517377543748,1
1.5144086199377882,0.6097605475119242,1
-1.2011681252539208,3.0024766650677956,2
1.1252833829289397,4.950445877761389,0
-1.1009222955935134,2.8925745917273864,2
0.7832690822216485,4.181261767622874,0
1.3355441701504012,3.683506435455242,0
1.8267821020543682,1.4931537598796283,1
-1.4141357967264359,3.450225047993139,2
-1.9237373760072587,3.0249892511347607,2
2.3750206151223683,0.8816940355765327,1
0.8341904740305259,4.557316304152877,0
0.4112087381015309,4.230777564669831,0
-1.7462271909536509,2.1236095495932763,2
-1.8569648045130003,2.948116509387913,2
1.0647513054431992,4.160982179284426,0
-2.0387088457777582,3.048572554764017,2
1.6740775193516462,0.3152570369104998,1
0.6720929234465259,4.143407123652521,0
-2.077212217689274,3.0340980481041484,2
-1.2185778724788938,3.6314205212925033,2
0.637844197586638,3.697681356184616,0
2.1661722908270127,1.3359578225293092,1
0.9666330944170365,4.177799399069885,0
-2.2138877158527994,2.8324262843648986,2
1.0663150543710789,3.56391114541188,0
1.056662787594582,4.351137561897335,0
0.23764161735868694,4.679275564552796,0
-2.0652151066518325,2.955374339885464,2
-2.163424104867597,2.66663047711336,2
-1.867411477883377,2.033183309133747,2
-1.9850678707868155,3.215411792194825,2
2.5535230910349576,1.2350939471025661,1
0.9097529990429825,4.159494969216091,0
-0.889021114663929,3.023857615414451,2
1.1636987779551813,4.1639382263352,0
0.6457411067579922,4.3871234291897,0
-1.4395652372892742,3.6129989750490035,2
0.7052668003761136,4.209500904990456,0
1.3975292232748768,0.6237786701892893,1
1.0949408181263456,4.097416112765529,0
2.2660645787183697,0.9601118339139911,1
-1.0146687840555233,3.547970589303145,2
2.153414374400376,0.30887609576160746,1
-1.260317213534002,3.2982591221554767,2
-1.8118946010348909,2.8432497777049788,2
0.27767817434162756,3.9936100407372743,0
-1.8748786395781747,3.2621006207637424,2
2.1705640355204134,0.9658387915819786,1
2.549660733037225,1.130733818300226,1
-1.0359262699006853,3.0022826368821365,2
-1.9697346190601164,3.560314948435278,2
1.062507270273882,4.282575030718264,0
1.224370929924994,4.451773828585221,0
-1.053506376971789,2.1692424004927293,2
-1.7544421625085507,2.8562124347527122,2
1.626255872961046,4.448923320761617,0
1.3052297631463436,4.490043994120937,0
-1.6518535342848901,3.439203630995682,2
-1.9801782636272764,2.8281277142048227,2
-1.5776566803183478,2.6654244243048115,2
-1.3641114304247115,2.7878279498295844,2
0.8481186232082696,4.559320164761768,0
-1.1033966537377191,2.9608503593348345,2
2.182840435807375,0.8922307478524558,1
-1.6514784377041065,3.1086770210506205,2
-1.6324340038650016,2.709505869686025,2
1.5761511364554972,1.2259805993303527,1
0.5924778315383005,4.37828060408137,0
-1.2726457022535358,3.4079792621198264,2
1.1049107921542891,4.370396372606269,0
-1.5696279972400247,3.198671282744416,2
-1.4193696151610307,2.787625351159509,2
1.0804001024307262,4.319195124109762,0
0.8408986861263059,4.7972077822336425,0
-1.6275263075175388,2.6678218624292063,2
-1.6253756892681306,2.96935803912382,2
-1.9428868815931468,2.9340714046351786,2
1.4636515358484903,4.666942310916112,0
-1.6223816187361821,3.298865513489128,2
0.831974964434905,4.16257661325111,0
2.1049554648868276,1.0333046932184307,1
-1.8288182363987242,3.138823144407826,2
-1.4704422798689962,3.1728154661290646,2
0.6320180110253932,4.107089528306963,0
-1.5467170716613792,2.862652782615011,2
2.574682354511482,1.1025131692381032,1
-1.9529190311964444,3.275739465322399,2
1.5339158441290044,4.502840167140555,0
2.3942718239586984,0.7412747133282566,1
-1.5781083588684743,2.9374374417047964,2
-1.5185725657687952,2.8668997767988875,2
-1.7670682789827195,2.5766461662843345,2
-0.7091516249237609,2.516450762899365,2
2.2576714604733685,1.4592719461534513,1
1.3881455153808473,4.201379354943058,0
0.9738419741244222,4.972249024116544,0
0.6564906043754382,4.940026572089766,0
-2.3289689129846938,2.860598049570163,2
-1.4581659122637092,3.2649557949531327,2
1.7181721214604477,0.7884664619558196,1
1.3685400943533128,4.658136813851773,0
0.9983058528888618,3.9987115029786064,0
-1.45957067922359,2.52839527917416,2
1.8039230017967043,0.41435885886130913,1
0.6346977295516233,4.312232885590689,0
1.9567056572431132,0.7256969127358293,1
1.5388979984250202,3.6729437894746777,0
-1.1786471200418758,2.341100757819502,2
1.2326399324990809,4.97125687229461,0
0.8140114874203621,4.472305843269102,0
2.603710807127023,0.37781248636151876,1
1.727610245491026,1.1384211827110209,1
1.333089909620255,4.8787705594857,0
2.6671705591908434,1.1116389438615593,1
-1.2494844021672948,2.873775844258473,2
-1.4767230392315334,2.4977953432744293,2
-1.9220750225178307,3.2767707771142622,2
-2.1469851688570323,2.979108934196393,2
0.7512366848729835,4.356327656900535,0
1.0689286437609926,3.7221403989220025,0
1.996610298883464,1.1228845696173946,1
-1.7061870454884123,3.1368864392227653,2
1.0252660421318958,4.183371357351021,0
0.9189084310232228,4.741653261987597,0
0.6628567821287086,4.439203201699132,0
1.9349426681533544,1.0236849298417838,1
-0.862250059812767,2.9373257173141796,2
1.0635415060110747,4.495780449889518,0
-1.2006314038883585,2.4267367394401655,2
1.1327596949460468,5.191707296756862,0
0.6751782203613634,4.418692780698654,0
-1.930995975921598,2.9168615637668136,2
-1.2205256268058422,3.402066936084703,2
-1.438229393118009,2.506662597977896,2
-2.2726486337504066,2.917603192575816,2
-1.3528257615194441,2.611238080638678,2
-1.5524429624357177,2.7922809482535076,2
1.9827924716694614,1.1809662902322944,1
1.5089318991130973,1.3175799073418286,1
0.6072617374007737,3.338162693965255,0
2.591380825471346,1.1356811599289245,1
2.75908072606529,0.9455634850404607,1
-1.6324518058561663,3.243407446721889,2
2.0416498932214964,1.1049244570270302,1
1.2221194171759984,0.9761644210329582,1
0.8808836165757792,4.561919857143248,0
2.3803254183671014,0.8594247427167305,1
0.6897575322685953,3.797984421027402,0
0.9508788831398386,4.521960194015315,0
-1.57061343470626,3.0463207821832214,2
1.2629792790894325,0.7459849815554092,1
2.0462219540212163,0.6580205012873792,1
-1.6648878083864584,3.037517515589264,2
1.803817007841693,0.7200995913872992,1
1.9767730409441775,1.5742068424582722,1
1.8736684662221095,1.3588971872709592,1
-1.206268716045274,2.7943376160666498,2
1.8681473746903143,0.826369527492216,1
1.967450298503088,0.5607010726093771,1
1.5505425318313124,0.9539042983994431,1
1.2608328108443811,4.046083345985008,0
1.6938811956683835,0.5822885323960705,1
-1.5998207928483021,2.7598036189057176,2
1.5545207023911258,0.5241148898823405,1
-1.0240611058416778,3.093629962314768,2
-1.4670991041281036,3.1573269238477852,2
-1.8916063404043861,2.81858751003266,2
1.7648797196720314,1.4062325274011955,1
2.0874466097676945,0.3745526103334367,1
1.3754309644257021,3.8885536272097943,0
-1.831522841988601,2.6636999744600596,2
1.3984136961632547,4.81229454537936,0
0.421021704719462,4.373117790920988,0
1.850492959173011,0.7953177799640797,1
0.5795125895730344,4.652653202435325,0
2.604923551316677,0.39134544934668825,1
2.474938621088188,1.540848458902298,1
-1.6417082521178357,2.9418066949587707,2
0.9038394298514432,4.066453916173203,0
0.4824819188633773,4.361506782687535,0
-1.7054077166071364,2.8634103865630522,2
-1.9922684861090922,2.6896840460226605,2
1.497158346374955,4.967348539059094,0
0.9485544515144522,4.11916370424732,0
0.5393043626856929,4.6903963550747845,0
2.7395007633036985,1.0829125227371956,1
-0.8070414681085993,3.281389374377295,2
2.031156804707974,1.1777448640146462,1
1.4837167124229216,3.995280854184428,0
1.7493314891393952,0.4964908051612741,1
-1.5025018422824268,2.96655876652528,2
0.9264133244704006,3.845720097464877,0
1.427490281101933,0.6579241296354899,1
-1.9446576456560618,3.01155916641495,2
0.7134428348281402,4.750965452327218,0
0.9305738908917858,4.378095479659088,0
1.0309201721350776,4.108910916921223,0
0.8675467388886089,3.996886184697479,0
1.0565663812212946,4.448829384299331,0
1.9067849166258353,1.1288499842489936,1
-1.5118547045635484,2.8640552467416702,2
-1.5565032731074357,2.62454969190804,2
1.7130049449339795,0.9905210576602694,1
0.7175608584097051,4.283233159769262,0
0.6714910763328364,4.101189944780844,0
-0.8988368655300693,2.5387323023918014,2
2.214147377051168,0.8673146295269335,1
1.6657496561150986,0.6550118874179223,1
0.06211362692203126,4.926915903941896,0
0.5927851484061157,3.9212735152342795,0
2.3067517921144516,0.7936165700789094,1
-1.567194065597096,3.2789677391756946,2
-1.0806014862516926,2.760196188647122,2
1.489327803053576,1.1133558148965985,1
-1.2893541588952784,3.0015848544401877,2
-1.5284253689603347,2.37039203349367,2
1.7183867096744974,0.9298557469184234,1
0.8228454203881294,4.043683959032322,0
1.8989654257636037,1.1166946395756208,1
2.294100946118153,0.6545580625419753,1
1.777065605301719,0.785143588606394,1
1.7219296827054251,0.7792730026830061,1
1.172550576847353,1.1912608961780964,1
2.5103131152910096,1.3032338152216887,1
2.2417713998608533,0.9942218621161438,1
2.017411394789155,-0.04686246239287839,1
-1.277389819279898,3.052077996905621,2
-0.6495949006662215,2.753541236319778,2
-1.9211678081027943,3.047980464015646,2
-0.9960486653899956,3.1043890536653604,2
1.312512768007726,4.7689593237372785,0
2.204495938560492,0.9040345932382635,1
-1.921516592744969,2.9599742800486557,2
0.8126657251774279,4.002733642724758,0
0.9625262816832114,3.971660843650973,0
1.6804626682986525,1.0222201057509994,1
-1.847805784259884,2.729354219609562,2
-1.3437716364250858,2.7116425995705047,2
1.3632479902893864,4.621518241167594,0
0.6471269295424655,4.193095259328109,0
2.290214785887368,0.7583561884660969,1
1.3433782592927925,4.5028011188972,0
-2.200338922519501,2.8935332407875536,2
0.16160866360109272,3.4479577056758446,0
-1.7149171386955784,2.9066634476476296,2
0.852532345723737,4.326006616789989,0
-1.1412789533462355,2.980359873134579,2
-1.298689858986458,2.833388201125327,2
2.2936234972229346,0.9606305626517081,1
1.6490978813317,0.8933116648057279,1
1.0552236607955763,4.7899881879356645,0
-1.113681987887503,2.9134250965313937,2
2.0282781341041303,1.339684425061491,1
-1.2901855113720306,3.1421614500367614,2
1.1729746656164586,3.9510188962990256,0
0.7935954125467461,3.7465190684311676,0
1.3592285255518752,3.920802993886108,0
-1.5497441939750674,2.455648454566464,2
0.9864628293731881,4.49962897273264,0
-1.8083007157225799,2.9856316629676902,2
1.2438441871082317,4.2098568701251065,0
1.1190962058176541,3.7332863995900922,0
-1.7241099533519773,2.8157990565780184,2
1.0072731476342258,5.077219283700108,0
0.464148096124805,4.702296716946029,0
-1.6968827431283744,2.7872891134732694,2
2.4704494802169803,0.5745433523339982,1
2.282677022338466,1.0403721085427915,1
-1.6524940334549316,3.1048820101688763,2
1.5602859953519166,0.5056659526457044,1
1.2141683829035999,4.168746302409365,0
-1.6704986146183725,2.958117533828267,2
-1.1488623083342904,2.996642379307186,2
1.8683655333808853,0.8758487934460246,1
1.28864123014133,4.610427495592216,0
-1.7751065651043845,3.3079950861189484,2
1.8753088305227132,0.8537601459404671,1
-1.526608287358485,2.783046105334023,2
2.2213681133079226,0.24905899135469178,1
-1.1346376773025124,3.0304305943118988,2
1.6818087734261096,0.8217989332804069,1
0.8470564352666399,4.220004615296816,0
1.9639039160015848,1.1262327754220094,1
1.3625629636582477,4.443973067057937,0
2.041793973382818,0.9479122455357568,1
-1.7233533521933069,3.14680905984777,2
-1.1636659215074912,2.6075641781354966,2
-1.4129322449342143,2.5359366533097076,2
2.405051893286927,0.38716787584365386,1
1.6187133486985448,0.9425737023516143,1
1.8050680317785157,1.225857502463588,1
1.7679805265869548,0.26797564887648695,1
2.0236375727262748,0.651331622454763,1
-1.3039013268072939,3.0756356090266395,2
-1.133470293268427,2.7523451425602783,2
-1.316154531461165,2.515780565367676,2
0.5624735805977761,4.320951203474892,0
-1.404321803893393,3.128328609951779,2
2.1380303941311634,0.7563569157013081,1
1.278178682511453,3.3743206449071637,0
1.0933605648361582,4.359051028248713,0
-1.7255234686612568,3.3622307182172158,2
2.051221857126389,0.448457609931052,1
1.088281254778951,5.031499160126653,0
0.928635881442933,3.706847485215179,0
-1.5046979313594155,3.0953705373409313,2
-1.8267082557537717,2.865878842080188,2
1.757796210937149,1.1808267028081922,1
1.3955866246698794,4.9332315561229505,0
0.9603859010952998,4.285188908643872,0
1.1254606343188303,4.540705139708976,0
-2.3416254648207158,2.7171316286852436,2
-1.6149954023895263,3.423783707031048,2
2.132311978142196,0.5631184829908255,1
1.0387871481355728,4.577375730990301,0
1.8116844492732258,1.2116379327784044,1
-2.278074009151049,3.145042754927091,2
0.711015277397687,4.286257894448703,0
-1.1488048290561041,2.778683373838482,2
-1.4138119624268723,2.481626503200563,2
2.030346992454414,1.0712615236194496,1
-1.8921297164434883,2.5089746104788047,2
0.941617169597068,3.9360584846427686,0
1.04377246298913,3.8988312791628363,0
-1.7255922233993488,3.2850939610861687,2
1.509475447999049,0.5577474356021735,1
-1.5430179255678456,2.840888155500336,2
-1.8985399023166822,3.4092935007854765,2
-1.9564195582635786,2.732815386016842,2
1.030427878007229,3.9965358811386937,0
1.0919565386787156,4.252941267426721,0
2.5898668024613434,0.7589381770608215,1
-1.8488707136669578,3.2579205397617295,2
-1.246044383105747,2.8172754720058024,2
-1.4317476931887239,2.901818229981164,2
-1.1496555251570062,3.0524195736596553,2
-1.9483561340302962,3.4408076010978363,2
0.936033460349372,4.477335061586291,0
0.7566467065068135,5.031859194421593,0
1.5739698938028903,4.198547187244058,0
1.0294613981810221,4.225991871964118,0
0.767349089422377,4.225751613408757,0
1.078512644829297,4.096619487733052,0
-1.5423365441806312,3.7102987680178763,2
-1.0234966014796194,3.2516884769405774,2
-1.457163165964538,2.5641035415792666,2
1.8332729062650321,1.1350883448256355,1
-0.9258191112049684,2.898503182949041,2
2.0551986518948855,1.434460044331593,1
1.126611569465949,3.8295859027293306,0
0.5711957378296963,4.194485039554397,0
-1.3880476088844411,3.3990490801711775,2
-2.0310116809385264,3.0326576216239967,2
0.8560738261175879,4.007263765162905,0
1.764325086024542,0.8244818512713624,1
1.42896372734848,4.7129649657458845,0
2.1835827437352053,1.1271449829454967,1
0.9119555729589978,4.592403704321853,0
1.6984883608440917,0.9139767637036382,1
1.0266481105793328,3.972083816244617,0
-2.182845469122084,2.586507390597574,2
0.988944288727493,4.052962132587074,0
0.9602092976175439,4.4034269027934405,0
1.6157906328850697,1.0629395565758384,1
1.975280776732246,0.869281512529487,1
1.7620150828808683,0.7203910529510174,1
2.3366147391043657,0.7360708129958491,1
-1.8679799889897752,2.6345431802904526,2
1.6614381885768719,1.0192032691832311,1
1.0560887423399186,4.374305308794941,0
0.6837204549279277,3.9740545713427995,0
-1.6733997016685485,2.290521964143072,2
0.2981109852497479,4.414443397587157,0
-1.4412304959508724,2.334876284398843,2
1.6470673937189826,1.3641653568260996,1
1.768690671942535,4.244460448871217,0
-1.8587945239314527,2.6257291852517404,2
1.2293552513547243,4.312401571285159,0
1.3828128356722296,4.01792087315065,0
1.751331535562635,1.063810791505436,1
0.4238095602710892,3.9570201897117245,0
1.7759799441412536,4.544694366523646,0
2.5401194211361635,0.29476869897596014,1
-1.144328740921315,2.758693661577471,2
1.1613942651052422,4.4493747019391225,0
-2.010361001882915,3.020297992959266,2
-1.753575711255574,3.1232278023749442,2
1.1368081226615139,4.721270353220115,0
2.577608656275558,0.8555275369975269,1
-1.695670167319505,2.9139050348612607,2
1.2461953356340005,0.13806840607166326,1
1.9243685367535757,1.0684324987866378,1
1.114196270486612,0.4483949816143532,1
-1.699713030731321,2.5655944937555315,2
-1.4860067548333409,2.3170763287432368,2
0.8295913810637573,4.442774510205813,0
-2.189715361000188,2.534978885664767,2
2.095682057759892,0.8613769270994128,1
-2.1177393714645194,3.209494714434819,2
-1.7528908781475736,2.7005155393511533,2
0.684247799751196,4.265721837885969,0
1.0919719432425259,4.636023593193772,0
2.1715044380616453,0.8195331167047599,1
2.0253884369509825,0.6339335005614504,1
2.473052196869406,0.9473709540745805,1
2.1328405990598682,0.8204924815035608,1
0.5554037206749436,4.449422199493928,0
-1.8711935805922904,2.7890340720075177,2
2.2335266591630263,0.6582657631659079,1
-1.716173910889958,2.519345426504246,2
-1.2380853886156653,3.108508496955723,2
0.46930667640969925,3.7533085690565295,0
2.7240409980783644,0.7540141529355446,1
1.8850384753972533,0.9112174338322093,1
1.1176336858390858,4.981636689289283,0
0.9453394848901504,4.397472140124663,0
-1.7686344460629704,2.986121774538319,2
1.7145012376680127,0.8179709336541258,1
-1.6209891250220358,3.1572504246209268,2
1.0245951541024574,4.7253974907756024,0
-1.6117231659756897,3.060671568809353,2
2.509630491333576,0.9153866903884107,1
0.7084860697358204,3.608456231274643,0
1.8080193550493506,0.8349478827468313,1
-1.8791416198277708,2.756641284039608,2
2.0768159126587773,0.7342573020144383,1
1.1444186521877204,3.9649222050809034,0
1.2463967714712787,4.592013781335696,0
0.6239744058685119,3.553629504614849,0
-2.076165600688836,3.082478888443853,2
0.9105418558553127,4.474215384177366,0
2.1284573833527634,0.9244400692104073,1
-1.96719519008312,3.3662062921262885,2
0.9054366537448197,3.810572653903733,0
-1.3250162344105616,3.7513451563740055,2
2.5922195572656404,1.642664938243826,1
2.3157682644719304,0.6718006451774011,1
1.2875998220985116,4.843113868841595,0
-1.5947590225359278,3.402880992617833,2
1.9863641966790153,0.9295828261532472,1
2.2016012921256864,-0.07408937852505082,1
0.5351524016427276,4.471301846144508,0
1.0437252273213995,4.547540863135394,0
1.6572896473651593,1.583246706746646,1
-1.636920878363755,3.0218419044129488,2
1.0905013599509419,4.822882347239225,0
1.2940365071196847,3.921158163587488,0
2.976818380979197,0.5918149396145923,1
0.6635291891415993,3.912303272042859,0
0.3878191209333298,4.251077798481907,0
0.7020453361512284,4.341418988531291,0
0.9523855166828741,4.903457280025668,0
-1.8585961951999526,2.5479964793505503,2
0.8351541711491584,4.636079260776016,0
-1.0358881102905366,2.932239003822619,2
1.3805293306507191,4.538424418545131,0
1.2114725333852916,4.086690873317066,0
-0.7353028521976047,3.145333816171406,2
2.1142649021181597,0.9126355660232813,1
1.7763727000888778,0.3130430663472322,1
1.8720330543579071,1.390222346118962,1
-1.4744471205825105,3.4950740386628274,2
-1.2581637231448513,3.1065326442075407,2
-1.2426017815546118,2.861960856188851,2
-1.4097680595913948,2.721504211241658,2
-1.865096452884193,2.5911425498024925,2
-1.56595899732379,3.336530612741287,2
-1.11815010843951,3.477093425514691,2
2.1913343255471993,0.8215096640618156,1
2.128749247622546,0.3729824523606473,1
-1.4867279259523303,2.947239775321593,2
0.9186619223533505,4.448902058780333,0
1.6892632157459144,0.2862190611422817,1
2.229867553067527,0.9775017444633852,1
2.083536730964314,1.3511520639602386,1
0.7493358985988268,4.368912536832383,0
2.441277763075539,0.8602796507644667,1
2.0273251121967077,0.985698686964108,1
1.074628115196638,4.522400551564619,0
0.5379756423903101,4.352554067274842,0
2.169829390867618,1.1757927140893651,1
0.5956571490578788,4.285748697597818,0
2.107748893060389,1.4896907434726603,1
-2.355157363524429,3.097448402610124,2
0.6138080725619219,4.3533708351534255,0
1.0787748337871292,3.8850711852434383,0
1.734349554094631,4.130100504260143,0
1.260586834816136,4.494982480878708,0
2.613019413082464,0.6863137864083382,1
1.0115956265778028,0.6417103920909244,1
2.2155640833098724,0.9162510185933075,1
-0.8764590501954055,3.1465409377217575,2
1.0748638582097017,4.624248530831276,0
1.897121628052387,0.654128691295655,1
-1.4299137279999912,3.0410366694372164,2
0.678237174005168,4.451551940237572,0
1.3202733339789305,0.9829520325552178,1
2.3437845398944246,0.5552679166467663,1
1.037300645592029,3.535998154355259,0
1.5907815090992712,0.9027758803055008,1
2.5271352627227204,0.9570459127071649,1
1.0445444725494784,3.680240327951433,0
-1.6489280520098104,2.712272951511685,2
2.043381924556819,0.7534943419065993,1
-0.33276514473662755,4.644539205764245,0
0.6301753422437502,4.152831194254902,0
1.9963275473215474,0.4724550346576663,1
2.0893805602784665,0.3499342100184677,1
1.1679190692521602,4.400671501354101,0
0.011227736787838505,4.568434871082685,0
0.8183140155606109,4.396778118686573,0
1.800066615234133,0.7652911162525026,1
0.46409930725477,4.1533553989341625,0
1.061011364891288,3.992735237374619,0
0.9142337628802054,4.170943385222339,0
0.8465236774193363,3.972821799003688,0
-1.592105907343285,2.6377284810132444,2
1.620668070386185,1.1932155057433695,1
1.9044763720757685,0.9011362330026457,1
0.4833760710761675,4.354902520897089,0
-1.8941608446252902,3.234667931300796,2
-2.0058530877226293,2.9343794304714037,2
-1.3774808999609782,3.1870343422050795,2
-1.9066589057607708,3.221239093263714,2
1.016404588771741,4.255689031150589,0
1.1580142945563032,4.0683832432640505,0
1.1072183777770492,4.762379938632555,0
1.9920968975344309,1.0933400418088242,1
2.289980766290434,1.1526028401401731,1
2.089996153026238,1.1189722592107048,1
-1.339354174458718,3.4606641062290153,2
-1.3214428104891722,3.0306594535795472,2
1.012163315596736,3.9665240429820265,0
-1.229911908087718,3.271571797776421,2
1.3989134830022978,4.491870395124051,0
0.8834851192366295,4.464599234676186,0
0.8789910900025972,4.78109723493796,0
1.5059740330739362,4.756012207812147,0
-2.150413724473822,2.8164784205011864,2
1.061632404732956,4.655764884315229,0
1.276160792712437,4.075928369793338,0
0.8404161111777078,4.282812526513508,0
1.9661551131754622,0.7296774676464621,1
-1.8126583312959101,2.9031825587496867,2
0.859001937417288,4.2518849274875965,0
1.3230882893361908,4.238439138314967,0
-1.3475069837257387,2.3281874153434567,2
-0.51698937452204,2.9686264533460305,2
-1.8270448465431999,2.9628810645069166,2
-1.871126205185445,3.2637942559317903,2
-1.4092895006206938,2.918150065840088,2
-1.3434468774199273,2.9426028292084134,2
-1.2528124974152006,2.90701497360574,2
-1.7937271553708602,3.041838320064161,2
1.806402238451961,0.4958587138674244,1
1.1761025224926371,4.679092553999222,0
1.6526464597610595,0.46429293180989534,1
-1.7832579124262748,3.1094311699909025,2
-2.0301267897647914,3.102889835649842,2
1.573878800269216,3.6998908950101823,0
-1.5835439476285076,3.45550753144917,2
1.4716015233298174,1.0103294936604243,1
-1.3345593812230025,2.7628153558029114,2
1.7441288646277409,0.26036026147269586,1
-1.7031852823515585,3.403745518300211,2
1.1647230286705836,4.47295697557159,0
-1.6800992642379269,3.3523044082679467,2
-1.2664199608995577,3.103440501726708,2
1.5840559135211774,0.5272397456764668,1
2.478592951974719,0.836882831370512,1
1.7289404633975056,0.8485955455385817,1
1.9000432816680635,0.3331169531602698,1
1.7400998805711776,0.8917281807893968,1
2.1165952241468178,1.1389385703915855,1
1.7004794723453447,0.8036859569136527,1
-1.1349543696608368,2.781079059745254,2
1.330566343511471,4.289025337997596,0
2.366382181307874,1.2483196064765094,1
1.118765694425632,4.083792174362784,0
2.1714446115519324,0.751099774405076,1
-1.5749806146923455,2.9351507755534816,2
0.37635027109422003,4.359519297878288,0
1.236513808974413,4.377413105768825,0
1.0602235656098427,4.359422863392365,0
0.7138784579004813,4.315270389113189,0
1.5508959865691088,3.839934679472465,0
1.5957909803289403,0.8801451047318012,1
-1.5039965413272518,2.548149501296436,2
-1.477442523541968,3.3124341852059644,2
2.3891064267115802,0.7532052209245658,1
-1.6999771311376757,3.21819163798263,2
0.8416441804466138,4.148444694844071,0
-1.799617310914335,3.323422815960182,2
1.45245978285975,1.1833082412096811,1
1.5903981262064235,0.9644547905669084,1
0.18398897318396212,4.435044299385444,0
1.1353141383036776,4.496220969230779,0
2.0333897082565784,0.9922094096478992,1
1.4603230834403167,1.3007662849737667,1
-1.3610315763592788,2.779763116120882,2
-1.7283777461229195,3.4101025928090825,2
1.0080033758741356,4.364733709626172,0
1.066124214376082,3.988917596431657,0
0.7425706263467995,4.892459936473988,0
2.1704170934956264,0.8286034142031315,1
0.6734142513130348,4.271402483725083,0
1.5377842903419694,4.376611662818878,0
2.705525922383051,0.5483154764751534,1
-1.2075636977895567,2.5993093053579925,2
1.7845539610255687,0.2832423669879316,1
-1.4590890195054778,2.7723878349724815,2
1.0593924858589605,4.117323019141544,0
1.8066030437388378,0.6573872131501318,1
0.9375987867734203,3.7225423932941477,0
0.826046824720228,4.785116224604804,0
-1.14303546334282,3.080001020224216,2
1.5369099071872119,0.6383619829960533,1
-1.6678521337939463,2.855490002264061,2
2.3009311413216778,1.0588077685616055,1
-1.6130181493875102,2.6410194876236286,2
-1.6667924812989858,3.167233122690254,2
-1.8975299547969766,2.803597306493877,2
1.2654140764974127,4.283572532015841,0
2.204209276869488,0.8137693909888636,1
-2.1903831463316683,2.591733279278527,2
-1.9981884275107973,3.2178006748725023,2
0.8570740663182432,3.847660298510945,0
2.255239875096369,0.6060273192070986,1
1.0104738172466945,4.507821115362042,0
1.95762931676738,1.1027209811866796,1
0.7215569891863783,4.299367138369971,0
2.1335711007351916,3.7752174520560406,0
2.3364137797395577,0.7779063194482483,1
-1.8109845059827254,3.1478295009676445,2
-1.6143035374570684,2.446918096108247,2
1.6710130544486383,0.7484410425222688,1
0.28900480661425865,4.490361191793634,0
-1.4841771645402606,2.8538497884753107,2
0.4583416131829732,4.350927869266773,0
-1.2785274927091501,2.754263790915259,2
1.8276863755889825,0.41395525555510115,1
2.2257824709369896,1.2372801051041524,1
-1.51438566232072,2.565960580171872,2
2.5463567228067703,0.41608866746419804,1
0.4699678170339321,3.749847352817414,0
0.401918951746146,4.406086285413223,0
1.2376549200436218,4.080683606247738,0
2.575731896791213,0.8418324705341635,1
-1.5352281436740625,3.763642683923637,2
-1.1477186205700756,2.5033629253952987,2
0.712141707817302,4.116545327516398,0
2.664084722597282,1.0470397043083626,1
2.0021915851729197,0.8070539912578572,1
-1.514700534276253,2.698624966376006,2
0.8109489151636697,4.164246579748322,0
0.464661658770642,3.761708679497457,0
-1.262161303718086,2.794446711488759,2
1.7632460537210595,1.3176888396291178,1
2.125169090284392,1.4879506658694694,1
-1.3489663069560214,2.868675938601896,2
-1.7523028513589964,2.675190034025569,2
1.3781927817883892,3.984989695274862,0
2.7071581478181534,1.1352197275191611,1
2.7535488527051792,1.446213677948088,1
2.152834695658465,0.17851874049899819,1
1.8702478129213649,0.7011869597373512,1
1.4683503781963134,4.136363630539449,0
2.10213558146341,0.8106120802890069,1
0.9871529546906973,4.074669964226044,0
1.55432553552617,0.4068814887191605,1
-1.417406038721263,3.3583138509591963,2
1.676901059941385,1.137104379102707,1
1.0721356353779998,4.230367623756829,0
1.6346643880538911,0.7334240939723883,1
0.868080022876397,4.222073995908097,0
2.132668610416863,0.1612771488849164,1
1.3032329905213986,3.816760483156913,0
-1.361211664444273,3.3993397648178028,2
2.067656641716125,1.012674921213723,1
1.8218890855372514,1.1307793584001358,1
2.149339787762712,0.5178207568386597,1
-1.5367042012421352,2.977317955292841,2
1.8714755734648334,1.0261948964830736,1
1.3114015646666564,1.0351401658112294,1
-2.085289201077614,3.4820835308899127,2
-1.6148288233995085,3.2956159274092807,2
2.3861132770009856,0.49483731286760596,1
2.3221251973546364,0.43474293229380573,1
2.4151779823729886,1.0459329764422005,1
1.5934787229976144,3.5685494697730924,0
-2.272241836688063,3.529021703545764,2
1.2206037634110531,4.602389185006381,0
0.8174386641782947,4.444929916505527,0
1.9844223178117861,0.6191404317755925,1
-0.9178226237408917,3.1351709008969615,2
-1.7106706692141902,2.394855057820566,2
1.7386258850534833,0.4627711325718296,1
2.0005573503764267,0.30786836543028473,1
1.9196171227189913,1.3259824025069609,1
2.077350180808156,1.2813127509025675,1
-1.422800723209522,2.2946889090038174,2
0.9294745326625413,4.680997659540082,0
0.5251688270036329,3.9472130907306147,0
0.6986645174928612,4.210280913816709,0
2.05860652913755,1.197554264169976,1
0.7874677900977055,3.8640867721729792,0
0.8778676910041459,4.716554673319057,0
1.2419186158361186,4.497330331811352,0
1.5095899977124638,4.28373890752171,0
-1.0441787697443,3.291194437280914,2
0.9422129873796672,4.321607034636961,0
-0.8442498262422198,3.0763041785030016,2
0.9587324679698925,4.454859175932318,0
1.920769322247906,1.0617110533994683,1
0.72046432346351,3.7291911973649654,0
0.9606602910925444,4.394833844176959,0
-1.8564861421596377,2.722090758894996,2
-1.3120822745907772,2.863250772225218,2
0.4012322258107819,4.1616621987574485,0
0.5515368175824269,3.882776413867789,0
-1.7197283010471807,2.996547704008037,2
2.1823283850440385,1.0198203294305273,1
0.3594899644071877,4.594468406613299,0
-1.910689586017692,3.198858427217712,2
-1.5373638441344741,3.2165619799091605,2
2.1375958869337643,0.47652594634025464,1
2.087234879822881,0.6569473361290908,1
-1.005769415378749,2.823022515512297,2
1.5120964014065836,4.336144034862823,0
1.5548725199443574,4.059026048108159,0
-1.0560259273531334,3.2553867096997,2
1.5533954945416322,0.6311784322823724,1
1.5457771763191603,0.9692721782020544,1
-1.0934801637303948,2.705312291370798,2
1.9793684857222167,0.5825527665385789,1
-2.0971043096800654,3.4589981897935713,2
1.8084749409252936,0.3526578912791377,1
-1.585319324174293,2.7359647908956664,2
0.5041966163013285,4.271228946206102,0
1.982841105490845,0.46525725154839986,1
-2.1521247943222157,3.091504624038908,2
1.0739888509264686,4.171819405252918,0
1.697879211580749,1.0185939830602961,1
1.60534513121776,0.5715315853866899,1
2.478230225067302,0.44151240169356887,1
-1.1934274399160454,2.848470211675909,2
2.0456832800336207,1.1653612192272376,1
-1.4980573607886156,3.0018174780919007,2
1.7963519616747694,1.0173722724049625,1
-1.6356838340454873,3.051878365707358,2
0.5422622907482346,4.5412872383360785,0
2.523349618909905,1.004051324075428,1
-1.5686710261731165,3.1900484407274403,2
2.3318587632452648,0.9567883223555591,1
-1.6289970340511615,3.007001844120891,2
2.184657615618843,0.5792577138313011,1
2.6457929744454263,1.5554752377615442,1
-1.3694771640000394,3.6200536252465296,2
-1.413775281520106,2.8837738328259643,2
1.5802784354136847,0.9728349719977789,1
-1.4494990425011893,2.345646942044101,2
2.164418371816311,0.6541048865939025,1
0.7010705482370201,4.874910106630395,0
1.2323507030071323,4.280866396147821,0
-1.405305229652131,2.8091818659035885,2
-1.1307725327746478,2.6934284134524544,2
2.0990087520323555,1.0936404015228185,1
-1.3930723880359912,2.7284048797405402,2
2.180543273492525,0.9193827214642956,1
0.7468075909986335,4.393791300423629,0
1.7433420263542123,4.317622562243436,0
2.3831582985869786,1.0454962082366819,1
1.3548481919721345,4.338461254527091,0
1.254616701650838,4.107022161036913,0
1.1797691521950655,0.6863262324441353,1
1.9170388196393642,1.3342751251872254,1
1.994868678362945,0.5279278465693944,1
2.6374840314606107,0.013400214411869338,1
0.9070444704610396,4.010565636663568,0
-1.6799131289849443,3.126653333920241,2
1.647016886698227,1.4219881552045552,1
-1.6142687104834301,2.4688520842094492,2
0.8741953833233495,3.6944293445227743,0
2.61204704483417,0.7900632681400378,1
1.7110762291988761,1.3809347406113877,1
0.6943488773163051,4.939967868910756,0
-1.7272103029509458,2.9859845308880875,2
2.647140191303878,0.7747362531525673,1
2.2469976366002093,0.5303110478273395,1
-1.3499994849969807,2.7751076691891017,2
0.6061543018159595,4.109192566290751,0
1.3913281624166571,0.9689524735139081,1
-1.3759462754739873,3.4393582070608484,2
1.079236103923202,4.0234349300959344,0
1.290959386514964,4.297336022672167,0
1.6296091804625645,4.568901242969881,0
0.7942294859537804,4.1367071112895575,0
1.0200811926401947,4.329390777059114,0
0.308616429461281,4.402745296354285,0
-0.989682247411005,3.4488967722009276,2
-2.0539270301308354,2.9652571912952816,2
-2.059101551790064,3.219126012400098,2
1.3606763178028745,4.255543614939757,0
1.8387471980871388,1.0856072693860457,1
1.0757801601957757,4.449177546608285,0
0.5005648184149618,4.110064716984649,0
1.7878165184183394,0.5269851626827154,1
1.1146050624636317,3.976086354256803,0
-1.7715323849932,2.7093779047786364,2
0.8856531882235356,4.902808473213373,0
1.2698707078200613,3.9271215801521033,0
0.9707473525541468,4.131681789643656,0
1.5205599897671687,4.518451506663435,0
-1.4512079097200659,2.827770626901355,2
2.119376009541221,1.12367017060332,1
-1.2982438207083802,3.1199924943334088,2
-1.562238510201858,2.826888619298139,2
1.0239480514577468,3.932980028022862,0
-2.1513792142630486,3.318542346326895,2
0.3317549159897576,4.187735414123308,0
2.0640140995195844,0.7876845053329868,1
2.1236857771619455,1.6004289672936232,1
-1.665977442093861,3.069624633951427,2
2.351527574843045,0.7610582786437057,1
2.4412245094280136,0.6360136558777002,1
0.5929411341184385,4.3862546277370384,0
0.86745991845203,4.337877385642464,0
1.128842844061382,3.9930389886214934,0
1.54732917818279,4.436003036854141,0
1.2339279962822516,3.9568653854830207,0
1.6798631386432639,1.2253918043631633,1
-0.7538530152348644,2.5748539752588617,2
2.1052072992802113,0.5500514574693391,1
-0.9902307439718004,3.7218253307361255,2
0.26943104866114265,3.959314176652893,0
2.1232463436413522,0.6614742415413571,1
2.251676951096251,0.8198066906968509,1
-0.9899397254316432,3.2899880007422153,2
0.9975698493585727,0.4586668215597357,1
1.4357189312113223,0.942152986293553,1
-1.5922328597842197,3.205580746909642,2
1.115737214748277,3.6904407038255886,0
0.9327180485534023,4.67239755189809,0
1.775230725520688,0.7038375595598803,1
-1.094226030914164,2.999026043461622,2
-1.3763812852056234,3.269525019789342,2
1.9899580594446882,0.1665324042094578,1
1.2676978373590624,4.418260500640748,0
2.327865037230716,1.4252257484034265,1
-1.4209336987814265,2.7194606985464964,2
1.8370948948451196,1.0694284803266616,1
1.8391588524920675,4.0984921251650865,0
2.337449417342622,0.46159235396819803,1
1.0502331382099865,4.2329493354470165,0
1.304129940783835,4.798102024561495,0
-1.8076965930867586,3.1147802358158385,2
0.8387828673053221,4.186091476768437,0
0.984661938404409,4.362385620918584,0
-1.456795384640892,3.034622561727578,2
2.1206004726565766,1.2334758660094978,1
-1.0043715577498125,3.38014038295502,2
1.320083605683382,1.739664072004257,1
0.9477280988773105,4.110215658574456,0
-1.7612059262932545,3.21649386808868,2
2.0369770473944113,1.6834205965788147,1
1.8065471613799549,0.4926728428982142,1
0.7740835635021399,4.188904971514266,0
-1.560930289523099,3.137987364530145,2
-1.6086287531816181,2.854425396035773,2
-0.6519825294275786,3.0079025728984123,2
0.7920849092760297,4.3675222500317386,0
0.8362406245501663,4.420812444694797,0
1.4480826016951465,4.621481906744155,0
-1.3054997436189029,2.840752614458079,2
1.0661260473054672,4.198288330582658,0
-1.6188007952092895,2.209864290517181,2
2.0644875286357123,0.9085611382381334,1
-1.5358606722656685,2.9041318697917853,2
0.98392015392345,4.318676003358817,0
1.4153817968107667,4.308133311322958,0
2.4518752649890456,1.0882684086863585,1
2.0228540694492114,0.9080979285179269,1
0.6989697469143443,4.117725259644381,0
-1.656506381396519,2.7931886727030584,2
1.7731214672178373,0.8128674741530816,1
1.8564380682278407,0.30741043803023005,1
1.6999802066251326,0.9776201714236973,1
0.5184101872978796,4.950382234386577,0
1.2632536663681198,4.675289563365314,0
-1.3407774495632276,3.1991647642454333,2
-1.5957129129669376,2.9127952383773885,2
-1.6466874718141764,2.5834883133894913,2
0.7692791448136562,4.697334042027019,0
0.704752841110823,3.9091337624963645,0
1.6445399974914832,4.886142921001595,0
-1.2317761803274836,2.6957641701429362,2
1.9137840782586473,0.7306869179546096,1
0.3072742576919869,4.597049358863235,0
0.6790945731037139,4.874112342579705,0
0.7226181812989985,4.292306862185823,0
1.0406440015656035,4.168865911316927,0
2.0494190177391554,0.9317959458057444,1
-0.9204770264710906,2.951915847681557,2
1.0759025319689877,3.7881554692763397,0
1.80883572813396,0.41968481155111853,1
-1.9235891140650758,2.972938076213824,2
1.6123195612601595,0.9543438522551417,1
1.7181750334880967,0.8748494106857513,1
-1.6040218628447418,2.8702563944865513,2
-1.220430271491389,3.1371013788122584,2
1.9808455985247138,1.2176289868643977,1
2.2211101930001567,0.6406079821504429,1
2.1507235541640526,0.9083420308540878,1
0.8490668555058771,4.576455254494937,0
-1.6012360166090096,2.6337095267026527,2
1.8049494724132336,0.6397767755583225,1
2.0876264957472235,0.7074581503632362,1
2.653271194291378,0.9884373126656671,1
2.052443739107236,0.3300488022210858,1
2.7247970005614253,0.9603031212618072,1
2.2436274438979784,0.6530345261882415,1
2.3405626981905243,0.5110965851847603,1
1.9373688235262452,1.0715319925018172,1
-0.7712456230480487,2.9806600771380363,2
1.5598468997878947,1.0084625687624096,1
2.623862694083008,0.9694962306774433,1
2.043745278865163,1.3520026611486171,1
1.6964547759049322,1.120696512901296,1
-1.8933922257766915,3.117273309002339,2
1.4190473218775632,4.377811281904547,0
-1.6677700768378958,2.4840771221556066,2
1.0948865223720756,5.011152573968069,0
1.8182192415177505,1.5722650724745353,1
2.8067930387188262,0.7106732648206584,1
-0.9324494188026978,3.0683068814306607,2
1.5795637750300366,4.553343007847218,0
1.175634606599476,4.20778251525082,0
-1.765673437479823,2.2155053810686645,2
-1.522603981188989,2.874459649175019,2
1.546356351928404,4.182540827517843,0
1.6409726990818678,1.711100528846408,1
0.8121676127581166,3.533282877523195,0
1.2525716658098802,4.990107137958454,0
2.201710613029303,1.000447572416269,1
0.3938095337383344,4.259488061374603,0
1.2407791796595848,4.115090904584844,0
1.572990596818574,1.4363585051315777,1
-1.2959429537244067,3.591235126059752,2
1.5156339105007872,0.9263530404552126,1
2.098832574691153,0.2797493160442247,1
-1.792377554546015,3.68965773302857,2
-1.4064188174769603,3.1143096122866787,2
1.3552053772783677,4.251431001864942,0
1.8793720630646542,-0.00629758181381912,1
2.227940995943644,0.6397243438845579,1
-1.8716722090016331,3.0005998149402573,2
1.9930338836558692,0.5179048682823653,1
1.8732758353039127,0.6514313064224704,1
-1.3865917777195926,3.317627169043795,2
2.304926623417385,1.2094068605967485,1
0.9770937211182829,3.7778597002199636,0
1.9521415804321887,0.7887486815860485,1
-1.4510563919925172,2.7484907606615536,2
2.6768414268957565,1.2420934188016757,1
1.2997572267496293,0.797873379495511,1
1.7090020045148826,0.5514778270400493,1
0.8866848943215011,4.181971094573473,0
2.0653525351395308,0.7028486878123443,1
-1.874911402434946,3.1824899724767852,2
2.3177507723847555,0.5189714589298228,1
1.1501826792399594,4.071022761092848,0
-1.5827113883391208,2.7581463940864124,2
2.1529348109033064,0.5187125112409463,1
1.5991157580190785,4.293086971918905,0
0.7702222517205208,3.9145247027754544,0
0.34070898296525676,4.5666721866764775,0
-1.692792114263765,3.495862577648792,2
2.5518362317484278,0.43856051038117183,1
-1.523401253396197,3.4213411709913686,2
1.941483248652193,0.6682527694405324,1
2.020860990995691,1.0850174175041416,1
-1.7250361708236657,2.71553236920383,2
2.062494735673987,1.985924960706454,1
1.3141459626856877,4.058714359839498,0
0.9713130242238099,3.4108192635325976,0
-1.212138227407712,2.989585811044983,2
1.5152549035024245,0.7670526433803282,1
-1.4928222770778163,2.355204956260271,2
2.418000948070122,1.1697704685237027,1
2.2146015218765105,0.750694560486117,1
0.7228950321259844,3.911917445660231,0
1.1804488809339495,4.628098996356401,0
2.326244435981219,0.9593424031146062,1
1.3983065732925009,4.450427531213856,0
1.4946937988873885,1.2793738902505816,1
-1.7931188172155674,3.7412967400535306,2
1.7206182853353833,4.341444953035136,0
2.063185997681771,1.0928704643104548,1
1.4036312000424984,1.384649685276726,1
1.312465107106525,4.382831494959332,0
-1.2791043243882898,3.130045577890362,2
0.7537239511138867,4.540538980679665,0
1.691802171949192,1.1678003689823544,1
1.3490987266888443,4.428791108906096,0
1.0694069596423046,4.3281329252408485,0
0.8670784407758205,4.009685689030633,0
2.0325733008996,0.4636367338295608,1
1.5126860720337767,0.8394259598356815,1
-1.7847467098497005,2.9960121879822803,2
-1.2877734195013864,2.561528798036167,2
2.0434902556811783,1.1844427349357511,1
1.6794965749577018,4.13235217150788,0
-1.7865057220096403,2.741417985748522,2
1.9329686066871485,1.348095147847788,1
1.4555608319992237,4.2942866017151236,0
2.9530888801623623,1.0675891469931558,1
0.7710486597244132,4.147382454679736,0
-1.7301192089077384,2.424684853158828,2
2.236377935110437,1.842891232533999,1
0.7119351540017329,4.352494017968862,0
1.0790910873145085,3.997001179444465,0
2.2557149323296755,0.5019079916776239,1
2.0015984035393726,1.0876174159084333,1
1.8939963165896097,1.5424783992711366,1
2.193702317179765,0.965185221358801,1
0.7956097218433974,4.043819788260045,0
1.153155507048565,4.4295245322281,0
1.5309572631186512,4.530576054301851,0
-1.1938695043086605,2.8094282380416558,2
0.857886964883025,4.18094369828837,0
-1.7759418731023588,3.471972268171333,2
1.1291787886400768,4.208682344149882,0
3.1252530448265112,1.4285405458703568,1
-1.2567220001285402,3.505644621230173,2
2.11555541709874,0.8355788879441086,1
-1.503526486226592,3.253850847932737,2
-1.6484245743189145,2.3503307001976737,2
-1.533684709094641,3.3249149135724965,2
-1.393426797732122,2.7366639559324555,2
1.7116849769454756,1.0088341964806056,1
-1.9432221036069648,2.9830840115924677,2
-1.1662816557808087,3.0694161080922737,2
-1.6790979825331558,3.2540209461980445,2
1.3868117091736964,0.9851604538469135,1
0.8681890602756576,4.373322867000772,0
1.7195493950555552,0.48079719836764284,1
-1.8799109507202731,2.4442177253384414,2
-1.5243673572758019,2.611094843234509,2
-0.9964150037042918,2.9777111670141783,2
0.8612153860886823,4.5361751038825675,0
1.361491073922941,4.45244486305219,0
2.2503102329185563,1.4228092610832879,1
1.242866529247542,4.45494724689901,0
0.9061463605447495,3.7038711868312415,0
-1.4925755540018484,2.6208579153665705,2
1.9009363565192552,0.9464879344851213,1
-1.2066650274041146,3.10507919123941,2
2.429179413480713,0.5122410533224352,1
2.1574295870867295,1.0604314293865436,1
2.3304243252354846,0.8358930880421197,1
-1.3609165422392853,2.7248479267367385,2
0.7242908922968319,3.991036286638423,0
1.0622358283121165,4.292238559355757,0
-1.9156451185717789,3.2791982337831445,2
-1.2510865324226423,2.8694434049506685,2
0.7189165771474544,4.081891296687537,0
-1.5533575698342594,3.18699260891371,2
0.5947254533611586,4.1950536718354385,0
1.463528458582215,5.292807002643755,0
2.0672367022653377,1.4301239784859692,1
0.9332051560813643,4.492155710271686,0
-1.789091800432961,2.7575438212495387,2
1.175230700169992,4.187303209750117,0
1.2142504806870795,3.546703150509746,0
2.283496617303536,1.4415000928777617,1
2.4209934597907927,0.44036093877758253,1
0.6414670754613758,4.51306604954878,0
-1.6072744295994417,3.257612597755309,2
1.757360493958094,0.689781394898016,1
-1.5439139221140052,3.116443954673984,2
-1.7004857940979428,3.1275886610170582,2
1.13252114837258,3.903500020783699,0
2.207533176237516,-0.0031789744226309313,1
1.244716736242338,3.9446847893793664,0
2.1574457564150076,0.9861731794089914,1
1.428053962913239,4.598989636524098,0
2.5360614955306597,0.7814703568137646,1
-1.024122816195256,3.582570324342621,2
0.9475196925057324,3.770071671910882,0
1.9141610648178833,0.8705142491456112,1
1.985521539534111,0.7067744853796853,1
1.0252093877651731,4.912387350252155,0
0.7082743104791649,4.4983127648773955,0
0.854483428974199,3.8301012270966903,0
0.9194936218946532,4.573087889810447,0
1.6573874044375525,4.645520938030372,0
-2.0103794612378323,3.510256582807446,2
0.6532819182976053,3.7958188530815313,0
-0.6911860113427377,2.9084694872124124,2
1.071179643169554,4.023263417560359,0
1.3754410270119766,4.3642759638525135,0
-1.0639954390696067,2.4035418462905542,2
0.9549253348430355,4.596918162879006,0
-1.1541926524689539,3.3558548853385397,2
1.552616794501665,0.7717402956983114,1
-1.4628230735244714,3.202292631214232,2
0.9896113786092852,4.101165978468267,0
1.5004703381083422,4.501630848336148,0
1.5964866963748483,1.5051874884098282,1
2.2271072235067204,1.0118816857850108,1
-1.7553882453428449,3.4942437051482833,2
-1.3992219090185536,3.090921859671084,2
-1.9254488978670772,2.3105576860300694,2
2.1736438275627608,1.0247981768058485,1
-1.5348633206725957,3.1309696485663796,2
-1.3850534412562592,2.326476669307728,2
0.5887878169913876,4.574322929008069,0
0.8237874348617977,4.046942686150345,0
2.640691155326808,0.6579346294517303,1
-2.253207320532683,3.088491414982613,2
1.5982338519823427,0.8614971067482966,1
-1.671154565240047,2.8574409984219176,2
1.8686196545749478,1.1919418931975063,1
-1.6605291439317558,3.275006607633262,2
1.0507715640514128,4.852061585759401,0
-1.5120494098402586,3.1069173825182737,2
1.9053283494018225,0.4743433113484138,1
-0.8579979257364013,2.8985790702945615,2
1.7526554617684065,0.7859597591598143,1
2.1542084951321687,1.2794680070807605,1
-1.5842086048038944,2.5645129784630454,2
1.8682815523696812,0.8103223258246273,1
-1.432340451077544,2.7786274140397342,2
1.3292791289475314,4.4884464114194005,0
0.40282180953686786,3.6820513117270885,0
1.0926954316968427,4.74371872364555,0
2.3021109375718405,0.9460622671184153,1
1.6671531791915635,0.7987644660010125,1
-1.6584576347206386,2.6575547867059583,2
-1.6560759199085604,2.627184912927221,2
-1.5406688987472992,2.589445376066221,2
2.1192484555663813,1.0391881492294688,1
1.025257068937369,4.880823043130719,0
2.485305432898243,0.0928246973495348,1
-1.7238049552114805,2.6722361885432866,2
1.8027281395694494,1.2343759442884348,1
-1.21961184715786,2.2691263096700816,2
-1.8172701493641568,2.460521546406992,2
-1.7267010087112182,2.496730280663892,2
-1.0050213425428973,2.613132177397261,2
-1.0556142076751396,3.3001740852494166,2
1.788137009443181,1.5261099309154527,1
2.6752669448620408,0.8155862593266965,1
-1.4397241756462311,3.396639525961893,2
1.1431845076692728,4.3557446809314175,0
-1.1119730755327375,3.2956537754226325,2
1.9143229574712235,1.1048797233716718,1
2.3775268312467057,1.283330981939992,1
-1.2654166800779676,2.8806763907029964,2
1.2286312509990087,5.108570467441248,0
2.00436641260153,1.0341898242139913,1
1.8472246435623898,4.89737666400335,0
1.6953896390769299,0.8274841998771416,1
0.5330501416094611,4.28226415994868,0
-1.2263474662316027,2.9284649222240207,2
1.5348794520063538,1.348711059878143,1
-1.5778205983597489,2.96888335985611,2
1.006431973379537,5.070601632082334,0
1.8555256362307126,0.010364534759582766,1
-1.516015309019269,3.0259940269852934,2
-1.9860724891903032,2.4098660155318314,2
2.5533430752691366,0.6994416984235262,1
0.4381669150802622,4.268306277668673,0
1.8823019852143108,1.3096366729941418,1
-1.676808234433198,2.789462272883815,2
1.8165164083848337,0.683594558097739,1
-1.075486490963899,2.8682425580155453,2
0.845776037269398,3.7836047965129613,0
2.1981985499311385,1.0070580307471027,1
1.7279394180749126,1.2263951721167732,1
0.7571496833850568,3.8382192831348165,0
-1.4697391352763314,3.2284155986075564,2
1.9708886491660933,3.6922498217046957,0
1.8865938424968438,0.9161001180741242,1
1.0294352637365782,4.101758359188657,0
-2.032489514514398,2.735469956569022,2
1.1197639031286335,4.444011455831724,0
2.341881175751472,1.060300463121472,1
-1.3494447264997855,2.92441031587713,2
1.2620572864673147,4.304622146718723,0
0.9848003127085084,4.297928926526782,0
-1.8240071066399948,3.040457728951095,2
2.089815793745161,0.7372567539483159,1
1.8797075627118505,1.0327016126766189,1
2.00848779488911,0.5616203702512804,1
1.878127290793644,0.46447837242227535,1
1.8697004376119353,0.6018664871066546,1
2.27511973997646,1.0964626995688085,1
0.3572816208095343,4.428205954908709,0
1.4292860544547268,1.2414412623223512,1
0.9986785478138849,4.550565712971454,0
2.619698614024461,0.8259401329075895,1
0.44489773173019287,4.695685031285494,0
-1.037177709558283,2.76815361012291,2
0.7997808379215502,5.0589828278398805,0
-1.8419810081342516,2.8353453198226637,2
1.0752075357541646,3.921398042411492,0
0.5225439426500946,4.271228876892912,0
-2.029337215474535,3.1812387995763864,2
0.9035525874660775,4.06763042016058,0
0.2431590036243444,4.347089997430118,0
0.8357249379717249,4.139820711810487,0
-1.4948398865054224,3.1370797601231306,2
2.310380096558627,1.090874909991599,1
-0.8963055601732192,2.9562415879659407,2
-1.3030479133277264,2.7262824004680093,2
-1.6683681570177509,2.475971569362743,2
0.6363002666048305,4.0013704788168605,0
2.014808301101696,1.2671829961661067,1
1.170711039621185,4.45762014044022,0
1.4458871954921144,4.26697098301502,0
1.9084384721184602,1.1467254589066997,1
-1.8375024972297658,3.298284573624458,2
-1.2956658410717514,2.9061496177148096,2
2.058257176587368,0.4310683700348231,1
0.8151221016221528,4.137298748045404,0
-1.2448333777889136,2.910723483618209,2
-0.9924414793795373,3.8746434004804966,2
-2.1771140486620877,2.94703735020843,2
2.00727001141231,0.17373965378026313,1
-1.2417112815808675,3.4184427743587755,2
0.5879529347738442,4.112155992210589,0
1.6759819103426041,1.5556940512911135,1
-1.6511982391420919,2.855366407085091,2
0.6836245341566993,4.937490943652654,0
0.6392244184111724,3.743452980442589,0
-1.8864545449830699,2.816446673935168,2
0.6524876940841433,4.301662332202143,0
1.6034819623335368,0.4583408606932123,1
1.993327837864677,1.0887863057233897,1
-1.6190473077021466,2.5592633992136893,2
2.256019160048913,0.7719388408303802,1
-1.9980789890778792,2.9411223700479807,2
0.44753761735084885,4.504482994088302,0
-2.059633963844619,2.999616859971556,2
-1.6901637660128948,2.946027410113221,2
1.6568336823853076,0.423615923069301,1
0.8651979702598354,4.241512756305937,0
-1.508315036572181,2.6669302150633674,2
1.7852107286750223,0.7900233351130654,1
-1.2332819065906149,2.597775766881093,2
-1.0575776267105073,2.3121119865236457,2
-1.3024189788057265,2.806598835950862,2
0.9190804565442237,4.249081113529865,0
2.2235697758753252,1.1204981830713086,1
0.5728880856647915,4.494311773413508,0
1.1185155013331671,4.236175481905946,0
0.4992407470236917,4.0266725469731774,0
-2.0157818886492413,2.7904427796902467,2
1.6492997878146296,4.821967504450439,0
-1.3057446650117843,2.795020036361117,2
-1.4344102963206193,2.8719751583893602,2
-1.400012161137667,3.1977051629509505,2
1.2127473438167253,4.230706539811573,0
2.2919393332810865,0.7615798654770882,1
2.6141417783127285,0.31781572284537063,1
2.4818229057101533,1.1423542560869133,1
-0.9177190214807155,3.3370046962708226,2
-1.7070025667698718,3.227056545205516,2
-2.200738374232647,2.3711320556857256,2
1.4056024693721132,4.537011417235956,0
-2.0658497092640093,2.182453096280541,2
2.3689726203448718,1.419019029384979,1
1.3508960844871059,4.051786826496607,0
2.06219145749344,0.5595794472848488,1
-2.1557293901745864,3.344755557737627,2
2.480822369735463,0.8416202304820263,1
1.135415213864232,1.4530228118966821,1
-1.5502291419188676,2.4805386396900677,2
-2.083700711877121,3.316971711561483,2
2.1035363755195444,1.334227682656462,1
0.8550827718699365,4.0256646150733655,0
0.36785392468536726,4.551284487960714,0
2.0288409993270693,1.1863286151126697,1
2.0756873400534284,1.0686758670771608,1
-1.2375480128274834,2.2248942911933005,2
0.7869037048746103,4.271784121511061,0
1.5878035407951623,1.3100837653312554,1
0.41401618723905365,3.823218589833715,0
1.4432178707104406,4.0820467026875535,0
-1.4248401849356662,2.495754919384176,2
2.1261550448098587,0.9744490162739392,1
-1.1798368447080625,3.115528177609614,2
-2.0498226062072376,2.8422747111242983,2
1.0278721191243352,3.9616746204123356,0
1.4804215531189877,0.7602949280726347,1
1.942071401210252,1.3276641914208824,1
2.0171560159608246,0.7374105924093852,1
1.0584576126285512,5.050041021148045,0
1.3692655240608698,1.4245389078211508,1
-1.4823237569593455,2.7206590688985917,2
1.1923929370952395,4.640565160872494,0
0.8652310806689436,3.9814578663739995,0
0.32444766530098146,4.189971814837546,0
1.1966340999433986,4.528412565463771,0
-1.0413491178815735,2.109313330464314,2
2.1530511620467534,0.01737243589727866,1
1.050168297738214,4.212559428204562,0
1.6626995248242504,4.278503761913306,0
-1.0733922233230953,3.1808355697959834,2
2.0428203211704843,0.726425617346995,1
-1.4891543263425686,3.2115025698913,2
0.9916685075518912,4.192675551442365,0
0.8796610691269076,3.4808838412872296,0
1.989250957853348,1.1268563374704283,1
-1.409375793936452,2.5251149948819926,2
-1.2641463887216298,3.147351306801413,2
1.755560465083848,1.156460694017787,1
-1.3821980589115155,3.2445649303004753,2
1.1155694916997794,4.387010199156799,0
1.2093585796708333,3.4166932657189095,0
-1.4095054692358704,2.2119775694158044,2
0.9155071960447114,4.6181715452896555,0
2.376551633550599,0.9799980054610183,1
-1.2646317611346412,3.263942207027541,2
2.266720132504465,0.728717656459848,1
-1.6498383976877637,2.899701183856778,2
-2.1793752595238747,3.0157043824361742,2
2.0295427302977123,1.2720357586368194,1
2.1071754339496427,0.4102737386171675,1
1.1020966183963485,4.253188941521582,0
2.125801816740951,1.2810444700266435,1
1.2133061492922246,4.292618450976441,0
2.3710228151131427,0.9039200230686683,1
0.9928266535608651,4.387655697379714,0
1.0459164015883107,4.999843498956777,0
-1.9984040438334543,2.078260272237257,2
0.7770200945070762,4.509932561581076,0
-1.3585382860869282,3.1610182732410013,2
-1.1550193575268168,1.9798157436143682,2
2.0943636086498167,1.1594380891586682,1
1.2737270547655424,4.130542328981453,0
-0.73228391272366,2.84835406951265,2
-1.350898968642033,2.8245593727255334,2
1.1171890144420074,3.68222652746175,0
0.7775515440144296,4.096881443325566,0
2.120259697365917,0.44062763628893953,1
-1.5522270066755128,3.2415250378904314,2
-1.2982847244306632,2.7345756105857353,2
0.4881322039890586,4.434398478836792,0
2.15563286146692,0.6027444948270118,1
-1.771247782795049,3.269357458199571,2
1.2769565460214307,4.020418025834351,0
-1.15385174495864,3.02210366874874,2
1.6626963156186396,0.9798751965217156,1
-1.776072473165086,2.859353226388162,2
1.0287863801660153,3.7902500610207124,0
-1.7458925862531216,3.14760950043443,2
1.831163747007812,0.7313358302142181,1
-1.3833083997504834,2.657119460072775,2
-1.715553699738964,3.1901984877209624,2
-2.0422208160877178,2.6622105312985003,2
1.9765398072882006,0.6179015484248989,1
1.1870272998981173,4.6094328943536365,0
-1.659666788870812,3.4341211044859397,2
-1.4836216943023832,2.677518817037381,2
0.9688210310471714,3.450440931618252,0
0.7095299993736207,3.9930642796258127,0
-1.0242805873317038,2.991000206112683,2
-1.2350324076913972,2.780967777752279,2
-1.185646675848645,2.2086201880607494,2
0.6266729999131162,4.04473945068956,0
-1.4913660541443008,3.29086999359732,2
2.167207098066798,0.8125841612196991,1
1.445646606425727,1.090736504447527,1
1.791042636881353,0.7617297791516333,1
-1.742935938052356,2.9685749312874874,2
2.31655352858487,1.5245333074200875,1
0.5735581060325773,5.197844624011372,0
2.349672998065075,0.5060762659514382,1
-1.616787863099037,2.9701586382123626,2
0.8145429408465439,4.62340977942338,0
-1.91415321580974,2.5670452933583143,2
0.9533113082711979,3.7729300125152756,0
0.920525284289124,3.8217766137778546,0
1.099679595934377,4.115527665056757,0
1.7127349683930722,4.383327299926664,0
1.5900945126277,0.8056820505392875,1
-1.8546056542018106,3.14583247966061,2
1.8375161834766651,0.3167472784054649,1
1.493382053875069,4.207499274121812,0
1.1160974176237795,4.846046268612138,0
1.2475282206749547,4.455280494973388,0
1.4743143023271321,4.442417632183186,0
0.774585442867079,4.50490044850079,0
0.956155747083607,4.166861359187484,0
-1.3530744539522643,2.383388205232839,2
-1.1072188854036595,3.0416928658817803,2
2.676093843592917,0.7424754323480667,1
-2.0350631481817256,2.856454788567659,2
1.0763744629888363,4.646285881554505,0
0.44159889668392427,4.628847001130819,0
0.9901884356517684,3.755339178646829,0
1.1542880361282428,4.861136325015542,0
2.3172374813888217,1.443528695506358,1
2.265832159338163,0.2438278006743131,1
-1.3681676064194839,2.8429156706575816,2
-1.5778743160146413,2.8920963900210293,2
-1.4846137203649445,3.005203564620815,2
1.5035808147419862,0.5889264941499528,1
2.3513018539697663,0.7871783204875733,1
-0.8220180096156732,3.099234948076277,2
-1.8843045080870056,2.969269017982663,2
2.3871294306033306,1.3437703978135784,1
2.472755580332336,0.9771567721704374,1
2.1846012408743563,0.4450661439884286,1
0.7331713276405172,4.251415238333705,0
1.3146388824547561,4.481611095735407,0
0.4861804057017154,4.364925359962749,0
0.9637601218046343,4.421392837380087,0
0.8530856442697001,4.87132147950223,0
1.6967828241929195,0.6821323219701986,1
0.4700227061523301,4.145464730999208,0
-1.912072379313066,2.566514246778058,2
1.1882548077998507,4.145626937738703,0
2.002322275743531,0.6441253230185013,1
2.715865344332215,0.6701508552515358,1
1.2787125445286576,3.7765252193582888,0
1.4096497256412128,0.4367166034130389,1
1.494494727615484,3.923382555734332,0
0.9026974393712284,4.148316255050858,0
2.0938399158318757,0.7191149433335633,1
0.9027698898579217,4.672041044341925,0
2.2083120737626465,0.5114920175306671,1
-1.7750180098097617,3.3766216552385595,2
2.1068772107051243,0.8883715841933869,1
0.9799450857987823,4.9288420003154325,0
-1.7520827788348863,3.14695371386991,2
2.1295601500510775,0.5431463545597359,1
1.2650959313621477,3.8318362670797455,0
1.0509880956650541,3.8807865486417628,0
2.136876690049069,0.9730945770266456,1
1.5939998549512278,4.600433161056638,0
0.8983526378651944,4.131767570452479,0
1.1880621079752534,4.617231922391353,0
0.9118447947515148,4.240065938612011,0
-1.524940585823747,3.024070649244766,2
-1.78553810483998,3.1891815478473893,2
-1.4020578241002535,2.974204938015465,2
2.079252726911398,0.3523277001316143,1
1.1525928917052546,4.972407203004205,0
-1.4055183351845544,2.4043183985518954,2
1.3882478498873216,1.0220092669186027,1
1.2514848652846366,4.14054064359081,0
1.8926860055521502,1.1829727088182018,1
1.8702451469417622,1.08294671161396,1
-1.6871447681267395,2.7545359660168933,2
2.6555865623517665,0.6527977794549578,1
-2.049404382087736,3.8805272892011695,2
-1.3922803405923432,2.6515727093503987,2
1.6823306955160757,1.0593322164835495,1
1.927807951013753,1.310452955908697,1
-0.9196830439495783,3.5198960475718746,2
-1.8617832929239753,2.399169251960255,2
-1.2144575797319628,2.2602385533023073,2
1.1505884201854948,4.294620044377902,0
2.0614635108112265,0.8912334308651031,1
2.2760081522359874,1.0086525841196992,1
1.1186000591599035,4.724381576932017,0
-1.3199672025244307,3.1902231825157346,2
1.9862005596469412,1.076375604376108,1
1.0542888477741568,3.291405389748692,0
1.0774622553940794,4.448292114604551,0
0.7024565668936688,4.414771685605525,0
2.179487713884212,0.7021166895595657,1
2.5401427876568246,0.7270174084326584,1
0.9920669839476987,5.12265600955541,0
1.7453988142182664,1.1119785354771727,1
-1.1768311635679132,2.702252610710847,2
0.9474498021695218,4.135919272172558,0
1.1556668595456379,4.17809651917533,0
-1.5335875503554544,3.0198911663232635,2
0.9293570993193069,4.1722392137421656,0
-1.9856881536080608,3.2134396011326656,2
2.116530799990879,0.9705742291371986,1
0.7780161297402184,4.19609538036994,0
1.6399338585680954,4.023862179013371,0
-2.379084130757657,3.140698334808419,2
1.3949575057636991,0.8748168573960703,1
0.7510121575493347,4.369018165131062,0
1.4263644810245975,3.7763378880733947,0
-1.083990702034614,2.6482377462224287,2
-1.3003518497383213,2.7156357844999013,2
2.2680958239078017,0.7121304764649553,1
0.7351031282502052,4.111956811833003,0
1.9221711540664874,0.9905791854749698,1
-2.021933242822105,2.9535662498339694,2
-1.930902107945699,2.8980529923121483,2
0.5897359097465373,4.322045105189731,0
1.2246745793806038,0.7743203155708018,1
0.7341671907631513,4.249159182423836,0
1.0129598095360202,3.9561473013452466,0
0.3878437031234434,3.9926473521149823,0
0.8405596729062648,4.091429878633542,0
1.4875818387163746,0.8030590321512099,1
0.45726090339558023,3.8454930762325352,0
1.41272016943967,0.4746759508867019,1
-1.334012767274903,2.328236204194531,2
-1.7623831370831702,2.714397649136739,2
1.2460799823029358,3.9381009386046455,0
1.8764769551847307,0.5035346794912762,1
2.0312880880746818,0.8154554448534944,1
1.9293595599994808,0.7473442823699576,1
-1.4061505311555977,2.794548893035008,2
-1.8489599328447655,2.7487286820801553,2
-1.83230280621473,2.8108687010100786,2
2.2166255257625345,1.1084903338584642,1
1.1891827549772687,4.35508375368524,0
-1.5001298203720252,3.4857239536099804,2
-1.1856306347042809,2.6848943455079297,2
-1.350071770348252,2.746835800615129,2
-1.6781140446023022,2.692768539924526,2
1.8444057603098734,0.37000001361352697,1
-1.2705104616502272,2.9442140367481766,2
-2.0851044469008757,3.3203342609470567,2
1.9316639255597479,0.5494242160133145,1
-1.1983047890859009,2.4851679391851986,2
-1.2682668302909947,3.130136922355246,2
2.305297216643905,0.8022260455666759,1
0.9767849286323889,4.035440628360475,0
-2.0987317978037807,3.3555742214231508,2
-2.076580507549726,1.85099567541326,2
1.7396165732556714,0.8825208962770017,1
2.038387396201983,1.1638361035972307,1
-1.6236888071656908,2.734924416783524,2
1.813818925649563,0.9020533124797802,1
1.8533683037283528,0.7653189024640966,1
-1.017940259140984,2.344391405468529,2
0.7706888052542666,4.767491222465942,0
-1.6221759888265652,3.3219591689510395,2
-1.7260439219706332,2.9685980045771414,2
1.8807747152133427,1.1179012003153257,1
2.0359321951798646,0.9433887184857934,1
1.0120610733565458,4.209667465304528,0
2.4627703822691367,0.936572103571348,1
1.1608560631942475,4.656133700821208,0
1.3649487100855513,4.004871265783252,0
2.1526878084324292,0.8203540761749768,1
-1.3312414592909279,2.7436935781407317,2
1.1302703720164984,4.470201864017032,0
1.2799529048510843,3.5140997862147434,0
2.8498643069904572,1.4674500795715337,1
-1.04122376406709,3.0699177115098415,2
-0.9321955195803608,3.485016406875426,2
2.168519197085663,0.9470620425516879,1
-1.470090843147756,3.25155042309994,2
0.47267112085012064,4.58424268385235,0
1.4611116198992757,4.1977029387499645,0
1.1667240578849232,4.118358603575297,0
0.71786781110256,4.471146368806961,0
-1.2073782453828967,2.8815955972753713,2
0.9361996125902747,4.391857914535351,0
2.0005085260199973,0.6675223029765511,1
-1.2423487162368814,2.766499213093097,2
0.6261544564126982,4.889682324902139,0
0.8219471572440881,4.205662904133812,0
-1.4696763177749683,3.046745041880751,2
1.2818071134598061,4.268594851576002,0
1.1622208040547364,4.426976421273643,0
-1.357902982084469,3.073121649388198,2
1.0328158220798538,4.8509789882085155,0
1.7694492856526054,0.6760568588452104,1
0.9828928149052633,4.2750753738474705,0
0.857608572054812,4.2917460152297116,0
1.2015410249551635,4.5449011607611665,0
1.0547454627794182,3.275675016957603,0
-1.4068627624510244,2.8045346190644858,2
0.6063418096499578,4.307323896330768,0
1.023618964563852,3.9353151618137363,0
-1.4167760175113369,2.836407703261446,2
-1.7516254072265054,2.6415116238395733,2
-1.373788735738668,3.191229543286013,2
1.057051073427972,3.9705219443059354,0
1.771115493439777,0.6044832101842367,1
1.6246935072557864,0.8130186263378691,1
-1.7566407193764113,3.5095660609438353,2
2.801372302291445,1.520577535348147,1
1.1748216757949292,4.2258510422680855,0
1.4051044488872133,4.6842994728643665,0
1.0727533708157662,4.055852559130052,0
-1.5162931438830247,2.7163882735530027,2
0.7561268308895511,4.678312706673232,0
-1.420152224944174,3.2384893607378733,2
1.7834474181476596,1.038496548202068,1
-1.5914296185954175,3.3119700857968715,2
-1.334395180704067,3.3509411725515696,2
0.43834811941836027,4.106998137240622,0
0.39863764006998725,3.4153084333292707,0
2.177707771872971,-0.05187774682506918,1
1.7264182542390487,0.46068064063548203,1
-1.0423727718467912,2.9208063512978115,2
-1.5813234112713168,2.1093627057006685,2
1.5426951291112008,1.2518360321096558,1
0.7947325379954877,4.204598106388701,0
1.1394715937890614,4.903978390485005,0
1.307186742785557,3.82719544946738,0
-2.1717585600264093,3.131589416371084,2
1.7204449887277875,1.1114366965650346,1
-1.5857645911735787,2.598068875952023,2
-1.8693476870794072,3.064189592639027,2
1.0771786317331378,4.171229570920301,0
0.6219100750861629,4.741486768838592,0
-1.7042707141890785,2.8289816107209016,2
2.1605162710054886,0.5610100733980011,1
1.0831323428008695,4.662245053918965,0
0.8314386823791122,3.9198635873418004,0
-1.871705149213005,3.117629389537188,2
-1.2608299451333922,3.5997088472465757,2
2.019101378840525,0.8541995419554238,1
-1.598526014938187,2.2982208757134313,2
1.5492335002759758,1.1194695186924866,1
-1.6291462504105942,3.049643833391526,2
-1.2864805460791917,3.3492843482006323,2
2.2121476930750377,1.1815314073857912,1
2.5829192075223038,0.8840345543327175,1
1.1493259836181213,4.570274236072027,0
0.7649262350678422,3.901443405308399,0
2.877368812926882,1.1375666688194188,1
1.1659095435007671,4.060301582599455,0
-1.5349843894987485,3.237978554041507,2
0.8825633406336069,3.9089833614338874,0
-1.832955242232956,2.334176658803643,2
-1.4989922098863637,3.485599740334699,2
-1.8237221865742774,2.4881019122335566,2
-0.9358033101770754,3.2765848566897464,2
1.43809149820026,4.261673691322297,0
1.1822555839866444,4.683970108536797,0
2.9483064920926725,0.5799839927049733,1
1.2989830114258023,4.462975700970273,0
-1.7339173325601136,2.7520477563208567,2
2.5394571221927844,0.3851728495380107,1
1.893417725440826,0.7744444645200314,1
-1.7942379545494258,2.9593372510197624,2
1.3082566013103545,4.734733957737155,0
1.6537988392110554,0.4618598677480146,1
2.456793042184278,0.4185644223587344,1
2.0884593807616314,1.0798866030233651,1
2.3290310399787897,0.17605493357752477,1
2.476387456897169,0.7254261611691817,1
2.0029164708907263,0.6055186609079448,1
2.1361293390177214,0.9321511121558158,1
1.3502483683070983,4.145102296100404,0
-0.8497064987872595,2.661749066180667,2
1.9090549908715617,0.7901525635552666,1
0.9546599230362297,4.147394638666473,0
2.4720731225049413,1.3240957364748163,1
1.9474550281240652,1.123779797438797,1
-2.067830936026994,2.4859740450125214,2
1.443407657030533,4.889943967754284,0
-1.6339643132645008,3.268028094546116,2
0.7227003023666545,4.022766233444751,0
-1.7613292314630984,2.4145665352300787,2
-1.2207740649778183,2.8210717084887538,2
0.8793820303756341,4.697154184413444,0
1.6259591028116684,0.997269667153172,1
1.0170645003720074,3.905843140891452,0
0.5802313438394431,4.200106248409018,0
-0.8542421087781893,2.6574782759251283,2
-1.204556190004529,2.48209105080471,2
1.9335607294569908,0.8970976972552543,1
-1.6201810260524652,3.081759457361862,2
-1.6283607174390304,2.3974215591931647,2
-2.080279477626904,2.7889197588672614,2
-1.3425583150620555,2.799928361395112,2
-1.5178986177424236,3.1164477512757185,2
1.9123892419050978,1.2182339326081815,1
1.31228678794897,4.158012648595547,0
0.9680719917889868,4.681505482287761,0
1.1346412609703713,4.338050978342809,0
-1.5023880089329218,3.1496577232724468,2
-1.4771038752501249,2.890628616001982,2
1.7776398269561597,4.2188926366225985,0
2.5085954732799745,0.6606958553746081,1
1.4602187237242958,4.167455891541608,0
1.2281539382345612,4.216840570101627,0
1.4163428003699727,0.5118786016683032,1
0.9274318011263463,4.219459466167857,0
1.7785067827321674,0.9267062029472644,1
1.7298620059461989,4.467694045139747,0
-1.2445709844379969,3.0090865251751624,2
1.8207299162203539,0.9488683042061151,1
-1.562077303647525,2.5968655483079135,2
1.087335212342313,4.518225602335274,0
0.8358379300775812,4.0237584608187795,0
-1.5536740153068054,2.7193002689014727,2
0.9357760595818156,4.57062740791692,0
0.6162543170090534,4.373738151146472,0
0.4785981234723422,5.003071955360891,0
1.608708631227244,0.584223604009001,1
1.6292299738580152,0.38139606981867213,1
1.907437353035212,1.2511541958215937,1
-1.4717423061650614,2.9239373795344155,2
2.453870368998648,1.0394267676528646,1
-0.4066632097208538,3.133326024568688,2
1.6193489376404524,0.6321916307377405,1
2.1881191934224336,1.1258390020588331,1
0.9809039972301318,4.261106602788293,0
0.8720241143510329,3.9600049715400343,0
-1.7930826642749755,2.8651064939356004,2
0.7425679783207053,4.41822423583995,0
1.8157636978744276,0.41514662137568636,1
-1.6024324221243222,1.9956758767015066,2
2.148587346602112,1.0817510352687913,1
-1.7493369400393524,3.017283973874583,2
0.5347479671697799,4.483688790384012,0
-0.7198624829320216,3.3915373174818986,2
0.9949714327853557,4.141654778088769,0
0.7364861354304957,4.05545497370059,0
0.9066096312003751,3.9856418404457417,0
1.873507306242582,0.6412648790630064,1
0.7041575894934948,4.570101099776171,0
-0.9292998784908428,2.2893689340043073,2
2.2135577496273005,0.08567051865296105,1
1.9646622709166204,0.9219950221489362,1
2.860804849964926,1.3437788226471838,1
-2.288605557669123,3.106933276305164,2
2.2497001627368305,0.38496786796500293,1
2.2373529228501967,0.562089153917233,1
-1.520943074234068,2.8351642035154723,2
2.2260119483552296,0.8681443827204725,1
-1.978694334870879,2.6858426900044967,2
0.8146072431724954,4.08451574934621,0
2.227807959501742,0.6882507309870011,1
0.6066843028723604,4.507113733547232,0
-1.45506927810635,2.6009813427596304,2
2.1182308606284663,1.137714275375803,1
2.0154240130730754,0.491207484878168,1
-2.142330505418307,3.026684981658999,2
2.4089148673741954,0.8024541748809848,1
0.48759470030611346,4.188171400667912,0
-1.5174103646555475,2.774348466394565,2
0.783490279549101,4.581001851896431,0
-1.4696356254924257,3.0548596671936084,2
-0.9779473485923366,2.6128379018087857,2
-1.3698624486186248,3.1691700524562663,2
1.1694313657206998,4.783752816336208,0
-1.5484459757302003,3.5703167487144243,2
0.31403507228123306,4.502607729964616,0
2.1304282557604193,0.7348574842554156,1
2.4723731439849583,1.7826743269792913,1
1.8391824364389942,1.030294274976917,1
0.7531671196032149,4.164742192433311,0
-1.8591828337709089,2.1057627627340603,2
1.7948917045536479,1.0428249440214343,1
2.101473639658057,1.1741713168028178,1
-1.8086699916274025,2.511651117776544,2
1.6446198697527081,0.8005709506481103,1
1.8679468918842617,0.7009364748971507,1
-1.075448074789785,2.587478043003994,2
1.356093741518996,4.555241394332507,0
1.8458995343572142,0.5813981908869668,1
1.8329297908114053,1.0675038954528315,1
-2.0440773325709483,3.1902793787056476,2
1.0723463456586362,4.3691255936104,0
0.7340526318219582,4.841519296434419,0
2.0724701237321987,1.041021601744376,1
0.8625428431343204,4.054830101538414,0
-1.4804617040034762,2.902234343975696,2
-1.551225138017615,2.813835111620193,2
1.7251871534675027,1.4585719784228957,1
2.571630647804219,1.0750386202489493,1
1.029056450762903,4.21437255228267,0
1.6717056865965807,1.2659379356407998,1
-1.8882495839904365,2.921591080309248,2
1.972556197466203,0.34720191551006985,1
1.9085290171649267,1.026236114936718,1
1.7219094998585946,1.4759541255087787,1
0.7505485551345528,4.308389839282741,0
-1.336770139846582,3.392968548271068,2
2.6799318150057196,0.5425782525857125,1
1.8917425969159403,1.57961815406091,1
-2.017906947632292,3.44487882320999,2
0.8708869032633002,4.491733097508116,0
-1.3162455220364198,3.5288952292945917,2
1.8118897208642863,0.6387614611363213,1
-1.817504167200727,3.491344554168,2
-1.5008621544734853,2.5433446842709855,2
1.7933191621269764,0.2968248106177449,1
1.7195043265895558,4.79268450811938,0
0.2648962550890095,4.148795093466146,0
1.2785354201582142,0.9682890167212069,1
1.5688888871551407,0.870142804074475,1
-1.6029119215010832,2.6748437802533735,2
-1.687569115778873,2.5725135548690767,2
-1.6291206574365094,2.767229104294382,2
1.429922532181254,4.519548086867545,0
-1.8583296540609262,3.6426249238897386,2
0.1752530645414101,4.391806872705928,0
0.6683363229922815,5.078974143470649,0
-1.6125497906516013,3.031198581595454,2
1.3920805058698007,4.414717241622087,0
2.3322169237401873,0.704871868284338,1
1.4397956410450388,4.243517050004481,0
-1.699218104888231,2.732923900878143,2
-2.0643383440504586,2.9787896920753525,2
2.3131381876328185,0.8298218954847931,1
-1.7078833374633948,3.403902240300137,2
2.644765585893392,1.4022963874995167,1
2.3912401439294393,1.0315266292495364,1
1.3529401917846697,3.8140127376736985,0
-1.2540509773529744,2.8421777389200575,2
-1.3390364963650505,3.1996733089036433,2
-2.070599138983335,2.6082419259262664,2
1.045647660073453,4.1343242385903745,0
0.3428785110904745,3.6529540654789656,0
2.466513458653907,0.9202265477115512,1
2.1791688508744307,0.8573039257020701,1
-1.521806969638547,3.2324490514913187,2
1.8137141029311794,1.2747734944382714,1
1.2633808528979105,4.178674343408395,0
1.4766192409402852,1.0441208701976152,1
0.6196601187719268,4.54788072357251,0
1.8821131541059908,0.3122805810817375,1
1.7721765764890174,0.7745581463759894,1
1.613391955716641,1.423817142996693,1
1.4043077452187887,4.187829304838065,0
-1.4747620202613039,3.23202418875973,2
1.102956327291862,4.20133809386864,0
-1.1619794418678113,2.5095777838993807,2
1.2130313348730632,4.1700841929961525,0
1.9116634462657358,0.39213277557980997,1
2.502012079179521,0.9001511478609958,1
1.1507992045234874,4.108596716439462,0
1.3005654838849787,4.499115985664923,0
-1.6095715754881805,3.000884823508616,2
1.3418413860642762,4.875459498906179,0
-0.7866965769066196,2.850796091624067,2
-1.525814956625998,2.7046211538912943,2
1.7604105982661096,1.0346445845396623,1
1.4409940221317892,4.2683388072723005,0
1.9271379145764183,0.6956231847906847,1
1.5643076804711524,1.2606513366343528,1
-1.6213068158928485,2.6701872073780226,2
-1.3899324274214346,3.0159308580053423,2
0.9003641047208254,4.049938611030361,0
-1.158192851479559,2.735585663613212,2
1.3302768404731262,3.9874955019253804,0
0.6764778206645218,3.7642317375632643,0
1.8514665696598536,1.3308999249696383,1
3.265280133893283,0.7280348128355651,1
-0.26749547741500224,3.128503352206557,2
0.8598045109451667,4.232384572081614,0
0.7862685619406439,4.449404843639889,0
-1.1170023959160211,2.9263401028110207,2
2.2841407868408488,1.0917052246318262,1
1.8000446222490782,0.8086685940647117,1
-1.6636036705792872,2.3934696536419793,2
-1.5856921702009996,3.013815424033364,2
-0.9891347985372503,3.0776161244392255,2
-1.872532987842298,2.45095806629139,2
1.8639464891650623,1.0939314034970467,1
1.3758468594631306,4.749741587078704,0
-1.4835271125523213,2.7070207047948993,2
-1.347226803070182,3.1548057853732137,2
1.2227089362960488,3.7802994967584342,0
-1.533842320269114,3.310038556723063,2
-0.9480882210770805,2.9073496152571243,2
-1.2460830596776213,2.959560494099223,2
-1.5671349450154568,2.570726070539153,2
0.792610394309718,3.818940173129871,0
-1.265226115169272,3.204281882925404,2
-2.0932004941413425,2.84926333864971,2
-1.3960496689464712,2.6446515331653453,2
-0.8290611506254326,2.684551347223373,2
1.8682373491747841,1.0518432016363952,1
2.1526734573328925,1.226069083790548,1
-1.7568987334299306,3.3975650569324762,2
-1.5359749680730306,2.947931140543815,2
-1.9151385343433123,3.2921646008998455,2
-1.5128711856172543,2.611488787659521,2
1.0394534759967244,4.023571940954978,0
0.8173419516660333,4.333870518150425,0
-1.0930409089695023,2.4663437234849783,2
2.259801256147985,0.9619013197036511,1
0.7560441806846211,4.457653666747937,0
0.7892867486354523,4.248234071833175,0
2.018401549571191,0.5299941125090752,1
-1.6022131299051028,3.5712681840034213,2
1.6379580382941055,0.7767279555425417,1
1.2596793343315515,4.681763253448278,0
-1.8043445508373641,3.233967874493752,2
-1.512479211149901,2.8753693727422784,2
0.6668649231346649,4.735737739971412,0
1.1278616338536218,4.230221242619523,0
2.2407965473632405,0.7490414733117341,1
2.274551698856937,1.1893529045931497,1
1.5086979217177214,1.1709603028317215,1
1.069858133408354,0.5957118445891256,1
-1.9748031921763638,2.0316470648925127,2
0.789824101353651,4.685549734500465,0
2.0815946666170553,0.3690571753227264,1
1.4118060131632157,0.6408417303193271,1
1.6596157653065924,0.35998620010501803,1
-1.2442320394307966,2.8116560669018202,2
1.140204910543463,4.911344976638389,0
-1.4768563668635208,2.685351165842767,2
1.153604237656431,4.08600841233412,0
2.9097736125995937,0.5436276133365703,1
-2.0301199300137895,3.4053517611720903,2
1.7029036330686393,1.4868950753284953,1
-1.5274060237055842,3.147903902997254,2
2.5228426678802816,0.5922010289259099,1
2.444445503004534,0.74351304579822,1
-1.2166435823881534,2.852153587749636,2
-1.2717676620365614,2.8855111483186517,2
-1.145302394044635,2.375183796173458,2
2.105112334936673,0.7928327888238212,1
-1.5361940463229173,3.5106594795451915,2
2.531371048272426,1.1977744164050297,1
2.2968773211551143,1.1338434211414286,1
2.017121330023323,0.7906186456680715,1
1.893951856039066,0.736771814949861,1
2.11933570652916,0.42696162041769636,1
2.1093093815546617,0.33233159792693845,1
2.227362839951965,0.5102906954965349,1
-1.5027649809352241,2.2559735041983,2
0.9307326445786986,4.336670957733339,0
1.3199248010841735,4.317509384342832,0
1.3286969172681768,4.473425428231459,0
0.7174797473693963,4.1243030984187445,0
2.1988751213880455,0.948397063731377,1
2.499121523633257,0.9205721085076923,1
-1.6149896306987732,2.7236625335341107,2
0.9369147639397442,4.618039788069482,0
1.2431931340425537,4.53825332345942,0
-1.4546030867880562,2.624741503659556,2
0.20309775978695044,4.16659743441276,0
1.9939398567172948,-0.003732515304589623,1
1.1862654386533147,4.034853165694203,0
-1.4780406962279369,2.843894907081021,2
2.3496505176327904,0.3440274007803745,1
-0.913387597211267,3.463545442938276,2
0.5524706052662386,4.1659805283553535,0
0.8473173583834762,4.4748623373736045,0
-2.1466827587185504,3.4707051249776137,2
-1.5903912772684028,2.411356735990063,2
1.5059349074471169,4.497383549921044,0
-1.7257045456447262,3.125980900583894,2
0.8681155393800023,3.717185995232898,0
2.4029105492839262,0.9664633768497459,1
1.0238810046275268,4.010378422953845,0
1.3870590572529018,0.9150890792493701,1
1.0993931172849705,4.436519764185845,0
-1.5960763501907143,2.860714633947193,2
1.2014301413185198,3.7540691344266817,0
1.848360180263294,0.547771757643256,1
-1.6416700084524787,2.721459121452024,2
0.4192633221361841,4.304915103203495,0
1.4454206898386652,4.42351352112526,0
2.058000227351068,0.5324041964759383,1
-1.6621810861567246,2.7505580915132595,2
0.9403109767558566,4.115139343684327,0
-1.4433491257212816,2.484763627493137,2
1.2811067023065619,3.9964976116608355,0
1.2366001323645888,4.511039509221997,0
1.0787700007713603,4.2664371036966475,0
1.3620689761523035,4.059811752122326,0
2.0739099819486877,0.44459583000354536,1
-1.3546433755166227,2.8423714504656905,2
1.6207236272555066,1.1580032482156706,1
-1.4797844532847761,2.567802112414467,2
2.1625139547353807,0.7439539968089783,1
2.104376748272421,0.8731166393529844,1
1.9448949074856856,0.5450854012300823,1
-2.1451573411538822,2.9949901056093973,2
-1.8376932899108234,2.973771393957459,2
1.7029973431056997,0.6222726127792421,1
1.935068790286495,0.9999184293782146,1
1.752625884610731,0.32532418650419137,1
0.8472028408745524,4.083208315777679,0
1.0927494546380543,4.658600019072781,0
-1.565263662977164,2.986445258920143,2
1.735121833827144,0.693281757795142,1
-1.81295500035346,2.4719905726207942,2
-1.4161533350504651,2.0800349688837447,2
0.9310007742383245,4.3363198050634955,0
2.1693200674355824,1.3139577237286424,1
1.1982891628003411,4.678499446554112,0
2.169924071215413,0.8970793040141039,1
-1.0781361666000184,2.8219893762587733,2
2.465910929091282,1.0758691804534628,1
2.5173450810351135,0.8928400322455996,1
-1.4430353277959977,3.1484071908553224,2
1.9440538154366447,0.6301471585562309,1
-1.9330988479446427,3.134975032690414,2
2.5109102542517867,1.1459965126432305,1
-1.2935568286377293,2.902669962530703,2
0.8119288530641762,4.2864235969103905,0
2.2003111993448234,1.2409021364414488,1
1.9013556126500781,1.2136642801466602,1
-1.24478938870037,2.3348473543801043,2
1.321520269487439,4.287842237369544,0
1.6087805931664716,0.9597712265050843,1
-1.5873552364497228,3.111233459716143,2
-1.5265733989333758,3.0712378116776278,2
1.0522829499698931,4.331161240830643,0
1.4526347246094633,4.8010164937624245,0
-2.057953613776047,3.7581458975053463,2
0.7602002572532635,4.486310311907259,0
1.8185728939276222,0.42204243979861006,1
1.4461877822251186,4.044809778910549,0
-1.8296063272068828,2.3833939373236865,2
0.4343810655493302,4.489978451100907,0
-1.7475933928511431,2.692218763215191,2
1.8903445995466723,0.746155159662641,1
1.188334500338181,3.852196859136006,0
-0.7290592291587404,3.263917867805455,2
2.0331414925568443,0.9391884968870466,1
1.6971272500646977,1.2416643670311316,1
1.4045796479204289,0.8999192910305354,1
0.6748446348569705,4.125429030917165,0
2.0177849305393054,0.2798094458620166,1
1.9962103452495201,1.0332564616115323,1
-1.5646932363963022,2.7170915258632995,2
2.3992458115611366,0.8738425935927648,1
2.2393589547286403,0.9369065027709073,1
-1.1847343659185332,2.6303119692835426,2
2.168652713472882,0.6187880919110045,1
0.6932189423536583,3.9173439324186483,0
-2.1101378916806315,2.6940967242707536,2
0.7493746859538815,4.306316368839993,0
1.8905773750504038,1.0694001583438404,1
1.1557909749362167,3.4143537447575114,0
-1.844604822182465,3.432945931386123,2
-1.9649439274239722,3.2180032300656842,2
0.816833702315425,4.30990503310716,0
2.15713812394535,1.5307550757802146,1
-1.1346742415767261,2.575499766228745,2
1.1148617524453592,4.937814324135476,0
-1.8343867536464447,2.635224723631003,2
1.451754743627847,0.30434403126519494,1
1.5296059185099726,0.9196440027061967,1
0.8425597997905783,4.292372369306974,0
-1.5330651836185303,3.363355572289717,2
1.624807058800835,0.4955013105401687,1
-1.6534298293045955,2.2509890688313954,2
2.5707918320470102,0.8793973494190509,1
1.0142965721960544,4.537705972674561,0
0.14880924254708205,4.310904291045225,0
1.5996006851141007,0.9865660081907076,1
1.0216141607376716,3.81169884904847,0
-1.094369377226813,2.5911974012908754,2
1.7177846223492836,1.0427434222911502,1
-1.7279055692032768,3.041053940056528,2
2.4068703820799695,1.2037925389963613,1
-1.7122189857001233,2.5817148821082205,2
2.124668583577981,0.263032694027874,1
2.133455439140179,0.9053523273861525,1
0.9152678316232543,3.899259959811269,0
-1.6977498453557611,2.3654495618483042,2
0.8340639828907231,4.0013715805625605,0
2.4281664372374707,1.3870235286340449,1
-2.0671124980767575,2.91763156303592,2
1.9877333682815457,0.88186399299367,1
1.2138463315206214,4.707553638502262,0
1.1156737087156174,3.8642661188388647,0
0.5738533275214659,4.1085696692729705,0
0.6685638584542188,4.222901764790842,0
1.7978329719913306,0.9041476009476528,1
0.4880760110543699,4.582229670567682,0
-1.4126254542581458,3.026660149712694,2
2.1665471470584126,0.28308073156138835,1
2.099598124697355,1.0990011745440538,1
2.4830554911639635,1.084193589257246,1
-1.5978298132021456,2.941595873817004,2
1.3112849963894535,1.3510060098078376,1
1.4479234358674915,0.8805047165763262,1
1.961536338781279,0.6093082717833788,1
0.7770108598319303,4.398253851677657,0
0.4890645077511826,4.511059316023804,0
2.338814098396766,1.1630200058594027,1
1.9338098718594061,0.8939321461382742,1
1.5698646754476486,4.268116997305634,0
0.9312644359357689,4.463184324276273,0
2.08553226707176,0.3562958616182401,1
-1.315181758330199,3.275290391024216,2
-1.8468150095497724,2.1770375664291057,2
0.9050048219387092,4.453689618691224,0
2.104683344385142,0.7355291485517466,1
1.1309244022352394,4.017885950039155,0
1.1269010358046878,3.970590240409761,0
1.0255538067038776,4.469508219031652,0
2.3955593379273146,1.3986787493536843,1
0.9562949510253855,4.447218289413376,0
-1.4241129051830193,3.179552787396862,2
0.7669174201657251,3.771773577631168,0
2.380184745177565,0.6182789732775822,1
0.9419815445626164,4.219701712682093,0
-2.0964210909840224,2.571912366380665,2
1.0455099372939487,4.338000108296155,0
1.7834494571975026,0.8106278011713883,1
2.4578512232158296,0.8586690765217414,1
2.269125888114939,0.7354766413079681,1
0.9898881255961703,4.523084815209266,0
-1.350345295821644,2.823410499189653,2
1.9252947966957594,1.2535509978173816,1
1.9472067911261075,0.18812399699292992,1
1.2134150403021962,4.76130167322683,0
1.8505251587259408,0.6538087231420942,1
2.306347469937855,0.1311510685281536,1
1.4344820509483922,0.5268560318315304,1
0.683952636979476,3.9724281836133737,0
-1.522228980772627,3.274972925149847,2
-1.6188385778759107,2.437789523558318,2
-1.1870776097488118,3.342174865894461,2
0.6244210034970876,4.540685090982381,0
-1.58813676823078,3.1342147845006645,2
-1.8195262370653025,2.5402231270702402,2
1.0458766549317244,4.45777854904573,0
0.9446363759995636,4.78244636138074,0
-1.9576830498416755,3.203614522970076,2
-1.133684675859241,3.3799919632271926,2
1.9718069772805327,1.1475260726580427,1
-1.395857078140209,3.640263162467499,2
-0.8934021308980729,2.6833355521277777,2
-1.6428458838881723,3.1727188741472365,2
1.223775389268139,4.721482432247612,0
0.5564387968733479,4.276125190354682,0
-1.2328919987998364,3.2289308891824353,2
1.1395029295801877,4.2707499502044755,0
2.6620276080372283,0.9643908113649601,1
1.4316424361773803,0.5179679595422222,1
2.172200345033243,1.6447265216232216,1
0.701189210758138,4.086477649815821,0
-2.325898735805453,2.6655991437371576,2
2.0599743975255325,0.6163376543119995,1
2.5031227022933145,1.4055021305275686,1
1.4580337730872244,0.8415742478907818,1
1.2912890635139203,4.9345721078750815,0
-2.2590916147334292,3.2774280562695672,2
0.49584970161078784,4.003687387120456,0
0.6474540880932689,4.088866597917422,0
2.048704727047947,1.0862142806145099,1
-1.9956209386744284,2.155226473897489,2
2.7691476771074197,0.5713481777829297,1
1.198006944407635,4.090702036352394,0
-1.4986770397843425,3.493342454712002,2
0.844128656875744,4.602912282497747,0
0.7994008258822354,3.5973886735244145,0
-1.4527912175636795,3.1298459073417733,2
1.9539194200254222,1.220177191336887,1
1.2007384292867753,4.595635255061965,0
2.091831592900743,1.3270486408031363,1
1.989405065427542,0.43874629373845064,1
0.9847450870957482,4.151610601085925,0
1.227729591946161,4.855454864697422,0
-1.441981539003965,3.2818111645724097,2
0.8120113208488077,4.610280815021217,0
1.9420737716934249,1.571243086868565,1
-1.9300647063828769,3.017156729058537,2
-1.1688687949332506,3.4146582461494495,2
-1.40680092621775,3.2916546389882515,2
0.9555834615548352,4.241395172742299,0
1.4123512684373503,3.8009630948087865,0
0.9897907716905608,3.7239370416357063,0
1.5363638151085608,4.237695154372165,0
-1.267504120188199,2.7894735983924335,2
-1.606636618673724,2.956610440212799,2
2.2705313605018347,0.9430110027163938,1
1.0599505566772547,4.0910267212497065,0
1.7846887346943832,0.7572244319280574,1
1.833148130865149,1.4772631410048924,1
0.7822617092465398,4.139064147094213,0
0.9441362179994366,4.531710830230725,0
0.9986902707475099,3.931464339087757,0
1.0515080352656279,4.337814058649411,0
-1.4745257022917722,2.912797480524997,2
1.602787118539446,1.0208135044349906,1
-1.514695469146479,2.2616477876487506,2
0.8029695292695759,4.517500572800379,0
0.7358024378316067,4.298333625976748,0
2.0901987585345014,0.9719418791758311,1
0.8679167592833359,4.121925843762746,0
2.65805408258862,0.984698928114301,1
1.7777833931247196,0.8945835349530764,1
1.4534837339057858,1.1052832286180296,1
1.8865451282976615,0.7991746340190371,1
0.6157099344362069,4.0671186504774886,0
-2.268871242813094,2.006088483516173,2
-1.4491323861582863,2.440651420122461,2
1.105381126201478,4.203575929164881,0
1.0961377954941527,3.943135837356893,0
0.8224158358786722,3.8009978517041776,0
2.0458094743512447,0.6437627779115751,1
-1.2904279676430848,3.070615647856227,2
-2.1667205807913636,2.9378553758332635,2
1.5740892669868405,0.7943935554502161,1
1.6334185253439926,0.8439955041291756,1
2.0599667327194924,0.1356454246146278,1
-1.3594963846226384,2.8423627235930518,2
-1.6993213904331974,3.0444541382577017,2
1.3559405093819346,4.309252934805368,0
-1.8038541892161195,2.068299720134256,2
-0.7685377657273932,3.0997984209209153,2
0.9919185952345051,4.061351642755897,0
1.8457987395606401,0.5545394015046335,1
1.999622042902517,0.9620693440622853,1
-0.9956706990562967,3.030055561739242,2
2.1977548814225125,0.9970352915713352,1
1.8946623535097702,0.7423018596885747,1
1.7831932629177702,1.3516473144842025,1
0.9893015375013477,4.748392782720763,0
-1.9125619525222566,2.8206082007467126,2
-1.221652209896369,3.151819504362639,2
1.7974216068014857,0.5002847510552635,1
1.8012304090669902,1.0948800920423853,1
2.1192115033803582,0.9636264089363102,1
1.1982696571807319,4.337038259314582,0
-1.5680964827881163,2.571938000972189,2
2.4439001174956445,0.8827692004880959,1
2.384035088890681,1.0717670451244705,1
1.4288551582379134,0.9258496483322067,1
2.2424263336964225,1.1021817942933922,1
2.3671598285786137,0.9484682734989838,1
2.599494102488716,1.1498216941892156,1
-1.4260818490648313,2.5009530085398572,2
2.140952877890197,1.0298280919534792,1
1.1749677482968455,3.5585513424123856,0
1.388510405193476,3.496978928183158,0
-1.7453786772640887,2.8917302074648386,2
1.8225601040404409,1.0695602603355412,1
1.109289833059346,1.2551560219696543,1
2.0412150850921633,0.8009162861987815,1
1.4382558310905256,0.7929307743110203,1
1.4864421179818008,1.013545526850148,1
-1.408693538864806,3.267221534143104,2
2.148087035868647,0.7565045267670456,1
1.2030842306408658,4.1700739850402995,0
1.0926881800801,5.177385424305534,0
2.168891503284648,0.4820229073074631,1
-1.450166426398503,2.757222034918109,2
-2.060669129313786,2.483314303193399,2
-1.449527965933124,3.117922782331943,2
0.8754240700921408,4.5529121712823555,0
1.5269834010110785,0.8608358996763503,1
-1.0489285227159666,3.4019131618606853,2
-0.9436011787089691,2.817238032919911,2
2.550904021181571,1.1661727429733872,1
2.3398850390130193,0.6465801162382998,1
1.231893205178452,4.690389793198407,0
0.7420060840163162,4.585880558627223,0
-1.3474655964044646,2.93610337418259,2
1.3061339202736328,4.210129166266018,0
1.0357273644754186,4.335576401911104,0
2.0444769899534267,1.2413234145384853,1
1.0460590540284151,4.984803814405605,0
2.0822298359794784,1.2496090447590156,1
2.212278746675747,1.2319693934325433,1
-0.9542584599373614,2.628928979060686,2
1.505297692200414,4.153565957284764,0
-1.9176800547782218,2.9633324036144413,2
-2.0081216836170532,2.852385284187138,2
0.3290743240000872,4.797270575887041,0
2.1700996385066653,0.42059843509792044,1
-1.3376884738018107,3.676194818485952,2
0.5265566251609144,4.107461720252253,0
0.9836417860162173,4.338596387409139,0
-1.5960214165713882,3.3760823082989084,2
2.126521468191413,0.987804757245566,1
-1.3654315167925402,3.2268148292738004,2
1.9361354266959485,1.5000815711353057,1
1.1872021386001739,4.358795903328361,0
1.626764744553381,3.9505179818652345,0
1.4855610444279532,1.0027752435204589,1
-1.575506402731081,2.7192700664941944,2
-1.3913047241228396,3.007086710592977,2
1.9261918693556412,1.1589612881113793,1
1.3267359346178504,4.5128117039895885,0
-1.1908929695013741,3.0406108235502676,2
2.0411399373765784,0.8974634477172057,1
0.7077038145696042,3.474419174792615,0
2.0073361120779474,0.780806455458156,1
1.5663951849314977,0.45935623358870403,1
1.9595967492356803,1.0484812007525888,1
-1.2982863003063592,3.5411149697515345,2
-1.851680939525234,2.7775904773544595,2
0.6367422880546264,4.739669119752507,0
-2.161890425486498,2.9773191419563867,2
2.2671486396437284,0.7142063690046901,1
-1.7100307288822576,3.1581116763815786,2
1.5255663509537432,1.1132538078756506,1
1.9996501740056292,0.6731440724333857,1
2.2975979466343532,0.42657794699337526,1
2.4906415597003835,0.7728104953810335,1
2.1718655846765813,1.3008327044820758,1
1.3365781051516779,4.165344022371326,0
1.1148724279780708,3.921215799392713,0
1.4610606711372784,0.8104739756147282,1
2.0148926539024474,1.2517080670837344,1
-1.3298328401075663,2.6315252693635487,2
2.007668782939378,0.6116859155477505,1
0.7925412805265954,4.399833275797093,0
2.4463885828864274,0.9787713701472336,1
2.6575435628642516,0.8899934899133555,1
1.8572138738279458,0.8504338704408306,1
2.3044413644402137,0.8099808603020354,1
1.0899744440751602,4.652778620725506,0
-0.9162109812111339,2.252743494955367,2
0.9646083295506915,3.7680061033585677,0
-1.6059029480221603,2.991554018100716,2
1.8626554935609376,0.8293223427403519,1
1.8504514074704117,1.2708270029752653,1
-0.6103228691980863,3.5429953151457143,2
1.4647124841695724,1.1819288618893504,1
2.219442026190545,0.3721009428040374,1
-2.0455992398608283,2.8813154527408464,2
1.1557628387039598,4.189575865692978,0
1.4520934538564911,0.9727523639157625,1
2.2513517377605665,1.5145440301843895,1
2.121461847339793,0.9511276481771972,1
-1.5333202418806522,2.8162195879493357,2
0.9551432055091765,4.054923118571501,0
1.157047684045111,4.447040576272724,0
0.8057880774473568,4.618425915554211,0
-1.3979791820371883,3.0757505425362166,2
-1.9366536505365948,2.625782452610109,2
1.3537700286805672,4.154610218029329,0
1.3165733513642819,4.363270134308505,0
0.9924173491809848,3.9683562593690933,0
2.091736851673079,1.3338945450866373,1
-1.7963340192015373,3.255982370018846,2
-2.4569067874637573,3.0907333744352155,2
-0.9870649441993687,2.936141665725291,2
1.0207284622089117,3.586556157812757,0
2.5725105836960296,0.820912671060547,1
2.1784675768573125,0.7283550498475122,1
-1.532448798214241,2.6822090716471516,2
2.392940960612823,1.0303312608287036,1
1.2792038952814369,4.74970291572987,0
0.7094435406918318,3.797358210283857,0
2.3572441027204825,0.7619132044875216,1
1.8157012726847528,0.9404499966553653,1
2.1762501742061593,1.5179338370947963,1
-1.949028809568978,2.2729367827637628,2
1.7281566061892617,0.5684479561868301,1
2.0408337549181264,0.8152591822172662,1
2.432512072560307,1.1157744647170618,1
2.064182456321163,0.836510117290755,1
1.6227105443545708,0.9742482539943609,1
-1.6678163958564354,3.070796411472829,2
-1.1565212106156157,2.3348330251626392,2
-1.3819682731977914,3.1704767556236755,2
1.8176827986217425,0.7487314092760664,1
1.1145019446832818,4.127425866722538,0
2.08720827105531,1.0975764944495938,1
0.8523722096077757,3.8225543747520834,0
1.2079719568046607,4.184481283749075,0
-1.519195152804064,3.14302876747254,2
-1.557361308923541,3.02261072312943,2
2.156546240575304,0.546059374006773,1
1.8670003216057893,1.7303299041202602,1
-1.1892702963669097,3.0898145740849587,2
2.1550719590517757,1.6711172990349459,1
-1.9850735770078416,3.518747647010113,2
1.9972632336287706,0.6614704160224326,1
-1.364857883655918,3.208561802906557,2
-1.6923068380867847,2.9456444789151077,2
1.7583234037057416,1.2181913108268159,1
1.7373246705929826,0.6305371323750193,1
1.4511456143152093,5.00869225983464,0
-1.1530613645457597,2.634299247928436,2
2.4568667334495427,1.1873445093500452,1
0.9677559350068676,4.045476509226399,0
-1.4512269843007897,3.244841912481059,2
0.6699659164266243,4.096055216376756,0
0.8995346253965895,4.147524650481853,0
2.041079221078954,0.3011041879919867,1
0.7151301747523777,4.416642692244442,0
1.2985706668697816,4.415342005978447,0
0.782186980172163,3.857226119795033,0
-1.4913879105127676,2.2199958055554627,2
1.5104774351578774,4.802003589367272,0
-2.0374497525882314,2.721902708771166,2
1.703978581655407,0.41808042121850575,1
0.693626164004042,4.044034070870755,0
1.5061607262511103,1.1443322421385844,1
-1.3653476426543245,3.508976174134816,2
1.1239141006879623,4.615114666614961,0
2.4285766214820845,0.8312657900871663,1
0.9610970041879972,0.9937323634507741,1
0.7660399333662691,4.847072440465386,0
-1.7111360212188031,2.9898332240439816,2
-1.6215577458864696,3.1785794010586907,2
-1.4362286047099075,3.2365987339576545,2
1.8416997398634782,0.2591918934979499,1
-1.5864551923271124,3.007618223782717,2
1.5535069632036724,4.676583751864841,0
1.978761511955505,0.7730876657182392,1
-1.688261688905339,2.8938481835266816,2
0.9984917466818644,4.226300653026917,0
-1.3672541403512775,2.883573973315632,2
-1.3594730734411316,2.6662775581749623,2
-2.1497964808062813,2.9457090181972285,2
0.7001689886554265,3.8547208916985714,0
-1.2366938057368246,2.4902452608946892,2
1.8559992923525142,0.2563623001300571,1
-1.2071463356760583,2.578719149525644,2
2.1305180850846996,0.662355096218147,1
-0.973338826393033,3.2930149832232405,2
2.0563672303019085,0.4837803114795258,1
-2.077844269364636,2.8254303555725566,2
0.7756625288512246,3.9592312041992046,0
-1.3513159878576895,3.137678357817351,2
2.013126754919131,0.8976769779059329,1
2.157217499561773,0.8355378155160862,1
2.5966270933752593,1.4709481191670895,1
2.1104842055255046,1.0276664175270689,1
2.010079839205128,0.489512979089099,1
1.7134461018930633,0.9479374343904525,1
1.7918465989312267,0.926019261686367,1
-1.8134375388502801,2.951180520695091,2
2.3625427442276945,0.7569808298377385,1
-0.8959466829122595,3.417538186041393,2
2.3195253220092042,1.0895756427208427,1
1.3167661644823339,0.9299190502408439,1
2.3556456385953384,1.3646610266845614,1
1.969578994397917,1.0812842371264957,1
-2.197932334821077,3.090328182881316,2
0.8385090551737145,4.360414068266463,0
-1.3234089325934335,2.8333386653813055,2
-1.2224476738785983,2.617904192410128,2
-2.3819579531857413,3.6848749944332755,2
-1.880237941958082,2.430517726280656,2
2.5309278997199023,0.9817328788446245,1
-1.5958221823459562,2.922005657054517,2
1.8879129461204762,0.45743304818220903,1
-1.3653875612602426,2.8149619181565133,2
2.208434035693724,0.6108969246003789,1
0.3139434158854256,4.241552727152335,0
1.8136411866828062,0.4819151070678496,1
1.4619190843659917,0.7661794950169328,1
2.3951392005392007,0.1490291994409435,1
2.005092541634806,0.4824329099036402,1
0.797445915115203,4.574942239121897,0
1.1606436753865672,4.339158622973505,0
-1.353655741044771,3.217081626942228,2
-1.6110141421654012,2.8398824622533416,2
-1.727987110731646,2.4932118814779742,2
0.3763996922038938,4.44556542306296,0
0.7457765401647438,4.123805439369394,0
-1.241263570006011,2.705281775115986,2
0.7852708876402712,3.644182281705583,0
-1.4759398939342663,3.2187754518513967,2
-1.9918073918039079,3.7122011129825996,2
2.1973876476147303,0.5284010054578541,1
-2.032318128430144,3.305532176920085,2
2.0157598967778076,0.1236400097823721,1
-1.4322442286150747,3.3047709281899897,2
2.015043614991063,0.8589211522200816,1
-1.0660527521490901,3.034350706493069,2
1.7323836194588027,1.2208270937549608,1
0.9688488931193946,3.5679646260301996,0
-0.6923732678563703,2.9275007508469746,2
0.9902950883382164,4.189073106394644,0
1.3317529270862305,4.549151796856174,0
-1.8008990687992452,2.610416325380635,2
2.2066113792509325,1.310914747048788,1
-2.1679408689014052,2.6768901064413324,2
-1.7162541581296376,2.873235913542844,2
2.511713027965089,0.42050316601214943,1
1.945485766586099,0.37384909380162645,1
2.51218426753102,0.7199164736234491,1
2.7861232777478415,0.7869341374275507,1
1.7920937631254759,0.8577564155637796,1
-1.7493752753878198,2.407828468355411,2
2.005383707851342,0.987152483089299,1
1.6429575777148802,1.4327935432663297,1
2.1369503703870794,1.202448601230837,1
0.9754235015998542,4.258227692315572,0
1.8612580973731414,0.9182312690409528,1
1.8734682328881416,0.858690169525185,1
2.6122366516944497,0.6929078386931417,1
1.6831027706513972,1.0345774818490627,1
-1.2866769116764067,2.642057904247473,2
2.196374827635874,0.6014478374132491,1
1.8835129067980718,0.9384004263877729,1
1.130938838079731,3.891306480991247,0
0.917733134267087,4.041882831071091,0
0.5885936632311346,4.386029344959558,0
2.477448133866577,0.8712335843298585,1
-0.9515991482102386,3.0615230627010694,2
2.931247358137524,0.4919189187295334,1
1.4323834151234465,4.348775038348007,0
1.272018539596788,4.067329487777868,0
2.389989051789315,0.8575964148593963,1
-1.7527538341352455,3.4013606358530293,2
-1.8023800428959773,2.455346622720727,2
-1.6907134120896816,2.8003222917616304,2
1.1315431966337364,4.605155409059652,0
-1.2927363444409683,2.736910079004954,2
-1.7445906787987004,2.5584172547365704,2
1.148152911808741,4.175899880150364,0
2.049246456435841,0.7905891899468559,1
2.0688439336437368,0.855727145235339,1
-1.5756334802817145,2.2916160814729003,2
-1.7520919899738516,3.442264013193042,2
-0.9385769065292319,3.248717158649865,2
2.6810620739900206,1.0298294695345542,1
1.9565232497652152,1.0986256223342874,1
1.991037019325837,0.731610471333275,1
-1.441337819531696,2.799569032772383,2
-1.3003758141239636,2.9657714930239845,2
2.0038609175410165,1.2170407422134946,1
-1.968881066332615,2.5781399094151203,2
0.9120133113318011,4.417606877588863,0
0.927023135854862,4.212445385932932,0
-1.911462028207032,2.5287546575771143,2
1.3705926512837725,3.925811299521192,0
-1.1829871635239524,2.255660813376852,2
1.8436409896128219,1.2372578047590348,1
-1.3090573046820948,2.57349570859485,2
-2.082265757114297,2.9836244153233618,2
0.33704912113106156,4.699420404906747,0
1.0606453927757429,4.084944735667616,0
2.043048143705205,1.1753051307905107,1
-1.5840664494585734,3.1759410806869046,2
1.2326184819607018,4.172459487182155,0
1.7890305884151148,2.0248392861023308,1
0.8033990432593359,3.8111579459870453,0
-0.9693285740048494,3.3360027344487713,2
2.8699679292330007,1.5040261064896348,1
-1.619418349906802,2.4881714278741653,2
-1.8435646649247817,2.974700036476255,2
-1.0120732505683026,2.4630726848431004,2
2.545671886039364,1.4420925433655976,1
-1.8070702988240994,2.762757379929319,2
-1.8023159248341631,3.0844953778327824,2
0.8339464390802931,4.276047123524532,0
-1.2149653897645656,3.08462280582665,2
-1.749832294987601,2.9444044401090856,2
1.246262160583391,4.664090917522358,0
1.460423287784114,0.8973617818046086,1
-1.3969273992986406,3.047090097814637,2
-1.1706126099015104,2.8432414339621914,2
1.4542045022122907,4.21221390586645,0
1.0625972128848513,4.516584705740629,0
-1.572232641163118,3.102596359289693,2
-1.4155223799661407,2.5463949264046892,2
0.8712677478923802,4.610215531047874,0
-1.785024394797246,2.7004379088518276,2
0.5918222900342416,4.1717447680296456,0
-1.3647800861055144,2.9466174010011303,2
0.8026342616525982,4.277605583510271,0
-0.9675027887492073,3.0503183478499185,2
1.1373452486082813,4.164078915156917,0
1.3305289818576709,4.788252681051677,0
2.118205523383927,0.9318227841863629,1
-1.6012654159564683,3.3107529774534785,2
1.7334026607947366,4.771572109751127,0
2.0137364489315392,0.7419521487149074,1
0.6657004247670695,3.974680651049251,0
2.0503224444838652,0.9579622823151511,1
1.4163516167377752,0.9816645879981307,1
0.6525575029613315,4.4191201822077275,0
-1.4731006042437012,3.192726175016192,2
-1.6987550181470585,3.223097130563313,2
1.404974776014276,4.326486964668642,0
-2.1409518000686787,2.691634474424059,2
-1.3832876032668109,2.9150848822620423,2
1.9954264011475984,1.7828933132703442,1
-1.8337688233980474,3.1382424254457146,2
2.6733597955695165,0.8630360212807385,1
2.0618170823937816,0.9871486869050241,1
1.7302359176552493,1.2848077776875326,1
0.9142719943861318,3.9920321133768666,0
0.8344828772349836,4.914636927889048,0
1.2037847691142645,4.176327894327875,0
2.6445441345144705,0.7639980984669565,1
0.976124014302078,4.434741607538171,0
1.0420705902350706,4.2369543575124196,0
2.163144387302111,0.9418707227229155,1
2.016877665393884,0.036664792740144225,1
-1.7690927536897094,2.390031478064079,2
0.5043254978318531,4.74653149289808,0
0.4611605391195849,4.159131870122502,0
0.9827896582779695,4.672801068664818,0
1.5176052219208418,4.378829432089733,0
-1.5824817688841764,3.384727407927919,2
2.3362387574834864,0.734074935199763,1
-1.43009738368349,3.1420065699094386,2
-1.3358531297797192,2.7477065842067083,2
1.6138661808123111,0.9111825848672038,1
-1.903851291713373,3.084268181711754,2
2.179467887525203,0.9846132094266552,1
2.68355485183631,0.716687134404141,1
2.080546930491311,1.4663739718758437,1
2.0915997428974995,1.0691429311822271,1
0.5818810454816348,4.048050113945702,0
1.082166429347442,4.686105934059169,0
-1.2540743453518637,2.7848464920962805,2
-1.6642407132915318,2.638718148019921,2
1.130631596092098,4.366364830455003,0
-1.7896262817081576,3.123155866106724,2
1.8268616632532342,1.6004937478627879,1
-1.7913624493084268,2.9148792690167045,2
0.9878514914450611,4.004830886163366,0
2.321483372906823,1.0086513653177558,1
1.7398295986750663,4.457629899559348,0
-1.9171247546897363,2.4975197434604954,2
0.9955800527195762,4.408429437090046,0
1.9934556301600233,0.9762035360360104,1
0.7742348354364605,4.722782285812106,0
0.7257173539832671,4.6129762223080135,0
0.9820420989897977,3.87616561030522,0
0.9862130341703513,4.164465809110408,0
2.140281022758546,0.9302179846280217,1
0.848327197051382,4.632119716765366,0
1.8494988140158182,1.2573271580040113,1
-1.0282356015007443,3.0548884179271405,2
-1.3452943235565327,3.459047536960887,2
1.636693753404015,0.35495648920972267,1
0.6412684629436392,3.8318388157557948,0
-1.5226012806004678,3.5275436820695747,2
-1.0564623136431415,3.054039181359852,2
2.019304483668093,1.3275267620735334,1
1.1009983175575357,4.551087936315572,0
-1.894004980170454,3.1981069950027003,2
-1.9053442481533827,2.451159212082735,2
-1.7913363773642448,2.4707996405859793,2
2.064707997673075,0.7214236685978945,1
-1.2434114404448275,2.86650700008623,2
1.698625139318501,4.345050712022804,0
1.7153977162617142,0.8740090085782635,1
0.9798603144822892,4.934294550465444,0
-1.5890716182278335,3.1218856852529075,2
0.8517016521714436,4.689707105048325,0
-1.6671555384072598,2.737178203485604,2
0.9722490601561314,4.184448495661651,0
2.064851129514679,0.22673857500525652,1
2.1685745318171534,0.5070855078222882,1
-1.8886689672851842,2.810349041277716,2
-1.6184572258440941,2.871095077111696,2
-2.357656891035222,3.0815868869083167,2
-1.3503511542537816,3.284208121521882,2
2.75301725654726,1.4523711182479133,1
-1.496366110066892,3.346213018086144,2
2.2454594204089036,0.709554724179715,1
-1.3691595489839694,3.1458991710551745,2
2.425241545352081,0.8864272518697308,1
-2.098436294359003,3.0904458423253067,2
2.313769256530089,0.7650509214356359,1
-2.1639218302420997,3.4156226125294347,2
-2.0799708651856816,2.7639396766567947,2
2.686079904169965,1.086759377212546,1
-1.4318649939099577,2.7618370706949213,2
1.209504157257665,4.142535401862396,0
1.8160194416497921,0.763662103632291,1
0.8513650437375356,4.4947673906629,0
0.8891185046868153,4.209763201147847,0
0.8513868331546794,3.515500926988079,0
1.0961196514968847,4.225588188180247,0
2.615506163681279,1.5620013677720177,1
2.8217948980220386,1.342287685212463,1
1.7398889883904114,0.8562277478375075,1
-1.4079931617293928,2.7241201960808223,2
-1.5962151826478093,3.0446587515785586,2
-1.7529145740569307,3.1330906326237766,2
0.648011997643487,4.45537511105136,0
2.264614428993854,0.6758443028285861,1
2.2561703793447236,1.0065490154256223,1
-1.7825039265977771,2.6645342321289562,2
-2.048512429994063,3.109723219068145,2
2.2249234952607972,0.9828325520278545,1
-1.8004077105726666,2.5964903475670216,2
2.5398045844696986,0.17542793768838805,1
1.0107023459319115,4.4372830164216,0
2.2258157056873427,0.791315874949665,1
1.35159951901103,0.5935407860607586,1
1.0645860795310775,4.167008028820035,0
2.9638726057375946,0.17254692983847764,1
1.1284528637524003,4.492820388632072,0
-1.7681996097787795,2.64042280527063,2
2.480178674041515,0.7034382489532703,1
1.8703700324032821,1.0596438799056533,1
-1.2925671739875364,2.4217187476285154,2
-1.7185997927683996,2.713795224060888,2
-1.7144920845965594,3.1936680752112188,2
-1.4072780884999203,2.6509121505001296,2
-1.3224312304770305,3.3487030663062254,2
-1.1208793682134144,2.778422817874449,2
1.2207300807340626,4.305107138628585,0
-1.2339128582364502,2.496160403900598,2
0.7445030733108268,3.7516248534596186,0
-1.318166818447038,3.028518796838441,2
1.1519675108966088,4.54610242182708,0
1.466000552186368,4.224644023224303,0
1.4037548143572145,4.236292687458002,0
1.7691423917992264,1.404674189869326,1
1.2207976605542095,4.486356156982509,0
-1.7027094075698912,2.4881570618736313,2
-1.8312911563561391,2.7248350629254494,2
1.6226612548009087,0.9090462867306403,1
2.6870664001796083,0.7119117380865339,1
1.044254228068579,4.276636176372672,0
1.786062819642448,0.6954570454539676,1
-1.7666114663047756,3.2152706333934993,2
1.787258255775304,1.1034997045551591,1
-1.89683437112163,2.326496973630004,2
-1.6264189428543347,2.9601997827976527,2
1.2638250777639235,4.305639753653166,0
-1.6135721802116554,3.2497724959300958,2
1.7584366584685172,1.0492861118249819,1
0.7943200346987853,3.9805822885342375,0
-1.7238916145122172,3.0415177423895483,2
0.734413143935116,3.5318604531914524,0
2.422372437742194,1.4629034885848355,1
2.090679643024019,1.2457568530939966,1
2.3714346049844326,1.1229116602662723,1
-1.786990201067042,2.882537625850404,2
1.2625217194612435,4.3871573946561035,0
-1.560246454917211,2.6995782507461037,2
1.896333894745911,0.7950150347079219,1
-0.9061595289389394,2.4248823211003274,2
1.5337398425926143,4.21328690636152,0
0.9048576721904583,3.972078199738481,0
1.97444917183487,1.496925619318639,1
-1.5395567036168896,2.571848011493034,2
-0.07600447170606905,4.287279273769755,0
0.7755914883479775,4.452498647852483,0
2.1418697650109877,0.9295570927177933,1
2.273495133593856,1.3101244580030478,1
0.5518895679753769,4.275577846795846,0
1.9482215480639766,1.285956647288463,1
1.7461728020436484,1.6404718257767943,1
1.139251932452156,3.7661020372513616,0
-1.4304137809902997,2.447130995628042,2
-1.620775513301028,2.7823745051876285,2
0.40484799436442176,3.7550686239404314,0
0.9872137200061444,4.271548087306205,0
1.736177810807853,4.535513328598287,0
1.8437205819075846,1.153448016620842,1
-1.9115655283547524,3.299903447872526,2
1.0557802615645167,3.9349821326076024,0
-1.775668781450387,2.9287427635238665,2
1.5805721036315588,0.7692266510787871,1
0.6909235971487346,4.934212224231377,0
1.031244390546728,3.9606265915016357,0
-1.266416079269055,2.827966461691855,2
1.8181370125587113,0.7340604233864061,1
0.9109282558063816,3.9035128389037426,0
2.4928606962085316,0.9623507475321482,1
1.5894115085026295,0.2372203808524075,1
-1.4197062994556253,3.2190553928708003,2
1.0106268637572438,3.8927394726631257,0
-1.188096506480599,2.4485751121302837,2
-1.50640306742048,3.006298149566323,2
1.5750628824378246,4.798832592403548,0
-1.133991432676777,2.1766797083253504,2
2.322249358701601,0.8598929692192183,1
-2.1782227957138516,3.0119214064138053,2
0.8499252391230129,4.695832348038459,0
-1.9677917975047667,3.5089642822650244,2
1.2501419583903217,-0.15859375232103767,1
-0.8272248475038986,3.396220546641072,2
1.3521205644885916,5.157326726235981,0
1.8219371435581533,1.0336132696786313,1
2.3325642302996736,1.3285702013300789,1
2.256850506155346,1.3054970224076043,1
0.6997861574967286,3.7638220482952023,0
-1.279157041562178,2.378548260824482,2
1.311642913644221,3.3884075034323438,0
-1.8378023734403028,2.9049041744118878,2
2.1557644346530824,0.8964197603585945,1
1.956167755726916,4.18976561384363,0
1.914397422186421,1.1575943108120395,1
1.9917282998774783,0.5938809671932667,1
1.9136577967782562,1.2574857240961936,1
-1.1059514327969926,3.1378369936411845,2
-0.7544232769546039,2.7371813808387664,2
2.690488756694954,0.8685697924862227,1
1.4619606420907347,1.1850396847958868,1
-1.62060046696355,3.18025457357645,2
1.117780098711642,4.480307578755438,0
-1.6835535621990219,2.424765170597651,2
0.5133134867138666,4.146888347742811,0
-1.4384796096320458,2.378392680651669,2
2.1580146485257807,1.1122376124782656,1
2.6207576633185523,0.7565902193578754,1
0.9789362029578504,4.614189967752356,0
0.6104314003950609,4.727688178837335,0
-1.7264090082414396,3.322285404207592,2
-1.4132902525508864,3.069366561338688,2
2.0319192842894576,0.8877397670125718,1
2.3309977422559056,1.0142023352078184,1
1.3222006596205718,4.447740223500596,0
1.124173208842004,4.495405527685023,0
2.557723731156415,0.7062766328858745,1
-1.2110629096123766,3.1511779683139802,2
-1.5110270815467768,2.6030696218888565,2
2.825795160668336,0.44545874091314386,1
-1.413350707465264,2.9051222913925097,2
1.867646831740346,0.5078464006553861,1
-1.3283570389771142,3.1469441173314285,2
2.220426823711267,1.3063334503238961,1
-1.2042369613236978,3.0372573045270186,2
1.8283311494290928,1.1801968444387738,1
1.1619061362536587,4.5025754355699705,0
2.355727909141045,0.4863510149676286,1
-1.44316201122917,3.486379769532415,2
2.092441369127935,1.1115290578369112,1
-1.4409405879503292,2.8742179309467026,2
2.1672585439361516,0.8839009954472475,1
-1.1169146753619976,3.033961692966231,2
2.3861954573523487,1.0456868992156922,1
0.6915925878250241,3.79053881271751,0
0.7355269146864563,3.8788602363654476,0
1.3053078326111711,4.246600706655234,0
0.6218344852274882,3.9442334204719782,0
0.5390015983449552,4.055362542406566,0
2.1248042945995116,1.2807769667489297,1
1.6048240797552773,1.0092526414505447,1
-2.0011354341959313,2.703837849121593,2
-1.6799404636952993,2.8535245314495263,2
-1.2047448044815567,1.9680840739435004,2
0.564443406902897,4.64370783127367,0
0.5853377347351418,4.291433468587369,0
1.8872642683642984,1.5398244444983833,1
2.1786584358889676,0.6856255361782239,1
1.3228830622760759,4.87303834929568,0
2.6468056638435917,0.28177454179581796,1
2.0015449363907463,0.48716329440430745,1
0.29784498228168954,4.370693060302693,0
-1.3135068097302371,2.6620041562127934,2
0.9263293793207823,3.874114580304747,0
0.7017925946594608,4.559740094742519,0
1.0044258898963192,4.3998620050036505,0
-1.2390840024045793,3.101759921338415,2
1.2060323680358105,4.326835240133441,0
0.758891134351013,4.910887588671688,0
-1.8419981785189459,2.542071384894769,2
-2.065504283354592,3.020929953247035,2
2.192726139894476,0.7642869680291804,1
1.5212235930827511,4.613196846547604,0
-1.636908304719245,3.085244983895903,2
-1.210846284442623,2.5567245004433743,2
-2.3889367099411745,3.103391024599862,2
-1.1579110166441133,3.487321007346578,2
1.41008843660387,0.8111675889057574,1
-1.7108326345816984,2.63739086231192,2
0.9115012936932255,4.021110356782666,0
1.131968781911773,4.3024703414476315,0
-1.7849245623024839,2.924647110709578,2
1.2062826706598022,4.545454704798992,0
1.912311354736429,0.7547875726801554,1
0.9920596298810332,5.503425818899263,0
-1.511198212687661,2.975352888735455,2
1.0248309164980578,3.857775548741344,0
-0.7613048439587786,3.0946510493263673,2
0.8538463155074572,5.012002509867881,0
1.6035665144945017,0.4997179198693405,1
0.9662849741044494,4.190131734669354,0
2.7991529956199415,0.8799233170754662,1
0.3617083743432933,4.46161438908046,0
0.8925162716466746,4.217409582222327,0
-1.4672965939052374,2.736595556589049,2
1.0325014949834155,3.970361593963004,0
-1.5028704702383924,3.026955370948218,2
-1.708203708315944,3.208017349002183,2
0.5766045818251488,3.8449476977939656,0
-1.9178872852029545,2.908147065230482,2
-1.7022527584389016,2.8311926360242445,2
0.8081853639381169,4.120649497263677,0
2.5591171337937997,0.9075897309012638,1
2.0379332362971914,0.42718215528037257,1
-1.4752861671407063,3.295442497956339,2
1.0856919656013901,4.236074968471768,0
-1.6760818832554145,2.507046235743998,2
1.8468757367668491,0.9083565459896765,1
1.9360589035647382,0.32523310924066406,1
2.2164810854523673,0.583801243610228,1
0.7575315457087431,4.0441879826067195,0
1.7231680555316657,0.7233207377877409,1
1.2979802298354004,1.449556683593472,1
-1.6875434820309765,2.7414634698974973,2
1.7056327385752388,4.390417582841767,0
1.919948496943748,4.277913694250245,0
1.7112975177178598,0.28462776055900196,1
2.1279791581423284,0.7984220247032535,1
1.1250192083662691,4.030944334882972,0
-0.4978262271659899,2.7274819325609463,2
1.1212020523742534,4.126255265785167,0
1.2307812830536478,4.290170470116058,0
1.9213371542079547,0.9197776266194561,1
2.6690848908513076,0.7384538068989863,1
0.7510036375549833,3.5255962241698406,0
-1.5324936232937703,2.8495457975882386,2
1.7975965392307915,3.8560809399885,0
0.369955512317349,4.173093070450777,0
1.9524352975776365,1.0223416214712628,1
2.489216632335594,0.9512281541352616,1
1.3551770582113076,4.43258860819658,0
-1.1019218561958897,2.949035054449838,2
0.7397079856461393,4.1591613675252574,0
-1.5902666567035848,3.230047819063884,2
1.1341693549965148,4.513845734836692,0
0.9863347617462852,4.497324674736828,0
2.1137270117976943,0.8816086478571789,1
1.2840616243522778,4.439329544022986,0
2.034957100577514,0.8431340713655965,1
2.14830007343935,0.977309238820972,1
-1.581838678363129,2.580096867632721,2
-2.266394428372185,3.093238744198968,2
0.5178490360753929,4.633974785102695,0
0.5746062478513978,4.17844740103044,0
1.6643600210077625,0.7504785006222051,1
0.9597228780528085,4.536237744723918,0
2.8746601011428354,0.6829187063648557,1
1.7509149789737148,0.7907326136533933,1
1.400597226198151,3.8027923356157354,0
-1.3105728082106736,3.028699432632096,2
1.448109694745324,4.354704076690097,0
-1.6944822182110704,2.901008086015352,2
1.1596319368884669,4.334735057914021,0
2.236524498254866,1.374722760436355,1
0.4936771383882596,5.327624681873118,0
-0.9227508676614632,3.106884238744992,2
1.3382069613074699,4.201426459122004,0
0.3839404254305572,4.559058548646539,0
-2.023169853476666,2.8793653223999716,2
0.3389844088526266,4.361010408345198,0
0.7978918149334163,4.150461321884475,0
0.6472152713911528,4.165004018792679,0
1.2319164951526007,4.476999803748027,0
0.9177316791853645,4.092375747474495,0
1.0764903696587929,4.516882669514798,0
1.4348388595663413,4.3357902190652915,0
-2.091845748514997,2.542294099538706,2
-1.93193811245991,3.9986450961619635,2
0.47054100887081496,3.880097279505217,0
2.3473862685666838,0.9655156995683635,1
0.9518203041568306,4.391327194857484,0
-1.4735052408625526,2.4152615705096405,2
1.8711812668247607,0.9492860592637998,1
2.184607806819037,1.805900320138402,1
1.2896111740579705,4.7850247506859365,0
2.155255175178024,0.48214252430710586,1
1.6523953612622146,0.9913329025683124,1
-1.7275793275780311,3.4592727471678426,2
2.026272897753514,1.0244020674518577,1
2.142217200189941,0.6391245971058157,1
1.8736810909872945,0.6230095512686998,1
-1.4075400554738469,3.1684694480444575,2
1.2391289350129147,3.9890977989991017,0
-1.1472957069828267,3.073833936854016,2
1.1102264290507888,4.291802529262206,0
1.1159362995205406,3.3333798626990623,0
1.3077985734992996,4.293534286197168,0
1.7546493895336215,0.695749479825919,1
2.0280133229086803,1.4940041423393384,1
1.786344133101173,0.9818812408447507,1
-1.064440763122798,2.7537145814143282,2
1.9803813753778814,0.48789715168569314,1
2.5651551373342385,0.6708750073491875,1
-2.001408234363816,2.716108618952684,2
-0.8917266300614886,3.284722980955863,2
-0.8010709008991433,3.062938321029548,2
-1.0805892905010377,2.7220630594934137,2
2.1149237213156526,1.593078050225245,1
-2.1596219658763545,3.29925204101494,2
1.7226356601151709,0.898187923702021,1
0.7169667320750697,4.0908854249198665,0
0.9854563947980507,4.263770021493058,0
1.113601093227189,4.074717050633654,0
1.8741278359418625,0.9492994557433194,1
-1.7807352766074,3.23940056290522,2
0.6951705929769252,4.141269135445968,0
0.6326051859799124,3.826710143593893,0
-1.4412474306470973,2.8789992245455505,2
2.119259739031853,1.25653479825975,1
2.3315287201089445,1.1865261131321319,1
2.009063079001257,1.27656413006985,1
1.0487301490683707,4.568032804433396,0
-1.6270052315168384,3.4021326800304106,2
-1.2340045434140356,2.4149932156544986,2
2.381411422601701,0.10272852374641939,1
1.432744940693821,4.340471390273689,0
2.0290924428163906,0.5478873911469374,1
1.4582745783372297,4.502558103031808,0
1.8647748844444556,1.3522298441378995,1
1.0319871968805792,3.957953486659376,0
0.2800198296869457,4.61708854058987,0
-2.0327555196726235,2.8611453507081652,2
-1.7007514707670512,3.1647982674638,2
1.4741909402595448,0.4302180530573821,1
2.1290414853906547,0.17958315930229019,1
-1.4432391814544356,3.077942983378298,2
1.1864818991530717,4.299149733671481,0
1.0404387982866554,4.88861738892449,0
1.679224623220545,4.337310623933042,0
-1.0446527949224587,2.6414283030563026,2
-1.7072929128327712,2.6362656149160295,2
1.8438674441679237,0.5216828173862758,1
1.5915474900266056,1.0448563283450676,1
1.7389132364279232,0.9234914002184914,1
2.2044770945788867,1.022982540567418,1
2.900066766951664,1.3089457758133611,1
1.834818817074193,3.648015308714786,0
0.9792898431676468,4.488238800407521,0
1.9358217110844202,0.7210340647199889,1
-1.5382775604881378,2.989259986628621,2
0.6072140401845889,4.000815552893281,0
1.4458481355867803,1.1343752279416308,1
2.2068903544803744,0.8276415583825615,1
1.1642321702326242,4.203395004580294,0
1.1211398630850766,4.234039308228283,0
-1.272213001223825,3.278475946071796,2
1.6684284076605969,0.8886948360654651,1
-1.5745650972479617,3.5416139108945663,2
-1.1134968007620558,2.97054357878257,2
0.4364692257666076,4.6055391473578835,0
0.6756297425909752,3.9891575726854525,0
-1.351719300789307,2.851843849339421,2
2.9077724982563575,1.2377520790892238,1
-1.2783778522277454,2.50455286389319,2
-1.6071779597284956,2.9199717328281176,2
0.975146971094249,4.197935722499291,0
-1.8170488941149907,2.7918093689307346,2
-1.9495578450311295,3.264375127530788,2
-1.4616207944734516,3.242251522623759,2
-1.5143441102381838,3.010191702257864,2
1.627043024094481,3.927357205224806,0
-1.3088104760070658,2.748448049805179,2
-1.650454647153389,3.163151664703691,2
1.7309801872286728,0.9566474806801103,1
2.4200442550922965,0.2886991115720615,1
-1.318966995921151,3.6727704466355506,2
1.6737391687565029,1.1699665215366875,1
1.0768101379098725,4.302780691517739,0
-1.1802488419406623,3.3723494659153137,2
-1.3107062656668933,2.9327399051079635,2
0.5177010215752222,4.681483054617373,0
0.8303998463104597,4.367768104730288,0
-1.5337831073519879,2.958902149949408,2
2.189441851949859,0.655861186159514,1
-1.1310638958207637,2.8335336533005524,2
1.6783320826778063,4.332367754560385,0
1.9403668261294142,0.7112391807099613,1
0.40938048066604993,4.50420678347017,0
1.9086639509977283,1.1959076923277352,1
-1.295458473380277,2.5621963700872117,2
-1.6591248593491201,2.6522127756805216,2
0.18527859241121847,3.9910689445456358,0
0.9451053367227201,4.101698640389821,0
1.995673505503817,0.4884819567815661,1
1.0655562755425108,3.694147171355151,0
0.79823374038714,4.488740895309031,0
-1.4020091903934182,2.7937933195739926,2
1.2483170158652794,4.201922815302831,0
1.678936912490668,1.1010686828999512,1
0.7974882803973895,3.890566063005546,0
-1.5044048715875673,3.483946216255775,2
-1.2732620881875898,3.0480635560856633,2
-1.1401076266972683,2.7916410980863873,2
2.0863667890964264,1.0218921585931109,1
1.0197114792533346,4.946765568202101,0
-1.9980081907053977,3.3064310301114013,2
-2.1810633568715887,2.684718873887125,2
1.3711153842234074,0.6320638659733553,1
-1.8577758186013906,3.062043143403156,2
2.3099436151326547,1.3155482629741322,1
-1.17249189221268,2.4808492262962414,2
-1.5958526720908008,2.8849013965577925,2
0.9893972836795613,4.148779724748052,0
1.0541321859495074,4.272855894328686,0
2.609004065868185,0.8531507191797005,1
-1.7109648283461665,3.481039747869974,2
-1.2091239360531947,3.1713645105757435,2
1.9451345651553225,0.8790609180523983,1
0.4840091992602242,4.242599147382172,0
0.7573251162582564,4.651035217429867,0
2.8494220100784515,0.7559084981097014,1
1.259483182445102,3.8844548193815265,0
2.336820711991648,0.9906266100597159,1
0.8210091196843602,4.0692791792385785,0
-1.4473706279164298,2.4958980493050507,2
1.2971188969247958,3.9241428005819152,0
0.7819943020101685,4.338012465678543,0
2.302614083442761,0.8165166550004038,1
0.46800961876047076,4.410818324929345,0
0.9605693466337821,4.690641844156832,0
2.1044597582632165,1.193604810602818,1
-1.260458714286938,3.1379910120520114,2
-1.34157089168328,2.4201135942732837,2
2.1642385028223803,0.7524563389474934,1
1.9325562615414393,0.7677867472159261,1
1.1708570164449243,4.616153188014426,0
-1.2662684732637974,2.942598002766657,2
-1.2832395369994807,3.0562198369993703,2
0.8208840753826727,4.450158499476981,0
-1.7468829244329864,2.7175628907450022,2
-1.391189084688449,2.7112014398315982,2
-1.4418351672960747,2.770637392943424,2
-1.613250556418633,2.957695662774423,2
-1.5870163693270793,3.1408111461062727,2
1.1655408334016317,3.6674601568141405,0
2.1097920222717366,1.466935346555117,1
-1.489002817619552,2.9398516751175756,2
-1.4718428467974756,3.5099570315382493,2
1.8900517920737836,0.9751585495635655,1
-2.043444381327185,2.9917032192317095,2
-1.817700685149634,2.2407684443678986,2
-1.1504539977144643,2.3247706665878165,2
0.76674120062345,3.913223382362252,0
-1.3873024803891392,2.4965788230078663,2
2.3199898748862973,1.2834476060685862,1
-1.5542649827034598,2.7571877625050956,2
2.051450325521538,1.3247951093344945,1
2.024355598142326,0.6584456116558568,1
0.8216660792702828,4.368297521377909,0
0.8525916674961245,4.563820169261307,0
2.3032900510681333,1.252329614721453,1
1.9479705637129725,1.0264323823168635,1
0.6230766676216348,3.825843873026085,0
2.390040941115741,1.4528105578139474,1
1.360394976959955,0.742843879953319,1
2.2991514744188417,0.7732958921752601,1
-1.9743397835292578,3.054934948714389,2
1.0036544830906278,4.4357780315273985,0
-1.9115475194665486,2.39435978032525,2
2.2106752864109738,0.6039713336970494,1
-1.583284698230587,2.946538025589674,2
0.7014568947170787,3.776487753731627,0
2.0458696039414477,1.3348793769104441,1
0.9380069526036646,4.204673130639431,0
0.3441923866352975,4.2970243502584475,0
0.877836799744976,4.3096346051094,0
-1.7026813422463603,3.185145241203012,2
-1.7074629632759253,3.007684191755679,2
-1.624376750563534,3.24148422759676,2
-1.598703478537751,3.2444108835663985,2
-1.5421208369088224,2.833798389184608,2
2.34597460930876,0.8588963094935949,1
0.4927760008076962,4.089363831319394,0
-0.809785330156552,3.157563837215329,2
-1.1724203169201348,3.1052370140077676,2
1.831521649518349,1.0072230958867556,1
1.7578600570673368,4.211437037435196,0
-1.1130576836105768,3.2830092180535733,2
0.7080771065806226,4.8165901378172515,0
-0.560711979980607,3.2485752867597886,2
2.284278879705861,1.1488382205799001,1
-1.3825134718197707,3.4711456369564107,2
2.0918038380407933,1.2631315638240133,1
-1.4195999956046588,2.905590905348217,2
1.2292684115245536,4.247107759185618,0
1.2330282824267744,5.0079398195426865,0
-1.5996249660506943,2.497614915326266,2
1.6407463403166935,0.8592639127346084,1
2.2502118965739495,0.8532049841984166,1
1.9991931212676275,1.1739690077210665,1
1.2335559179297173,0.4340161280049885,1
0.9398529948123523,4.612216058707266,0
2.0343446578834126,0.5084058854053415,1
-1.411672004084429,2.798972234137111,2
1.2421671291813747,1.0655804866174412,1
-1.042615579897353,2.484297798968038,2
-1.6178605791388214,3.2066473660230796,2
-1.5691685817537442,3.434751926076961,2
1.1289355619160881,4.853799395406793,0
-1.840917577341468,3.2915068293563916,2
1.917913106682729,0.7025901373292622,1
-0.9248349271722176,2.7942957983813397,2
1.4060316662572896,1.0666507367863143,1
-1.6459051874589248,3.2959363472926575,2
1.0215925711259803,3.574655251778858,0
0.516772692454068,4.798993275021238,0
0.9777313282253701,3.78456528376959,0
0.49233829097062537,4.315237299126051,0
2.0393678525827106,0.5635076544684896,1
1.462003111942363,1.3251831849890503,1
-1.3798506183733557,3.5004261746112935,2
1.9382995576751054,0.5814481524998958,1
1.4841032134577397,4.105763862457426,0
-2.016941416299691,3.2654564847307026,2
2.7736292445443427,1.1856402280039957,1
2.3108469449333184,0.6243703289492454,1
-1.1939983216384098,3.5002922617801047,2
-2.0448682494905035,3.3634112516365815,2
-1.8262242508129058,2.987700004262891,2
2.629607098589342,1.1454780238635354,1
-1.6464282100991856,3.308137381785239,2
-1.6553843831500643,3.0208138985842354,2
-1.2666188328262156,2.9056568031706154,2
-1.156665008961677,2.7684581679440248,2
-1.2686675447063536,3.1031089173812294,2
2.047684256407844,0.5190425938106735,1
2.5716192533538407,0.6076068193515001,1
1.889896426663211,0.6553737455823405,1
2.139092759711061,0.588477545012319,1
-1.5571298242962028,2.971148708899775,2
2.215278629787153,0.932930283625249,1
0.9450173578129705,4.206904686991513,0
0.6836310957212259,4.528561157613689,0
1.7160171792063177,0.9378359438569921,1
1.9656627960442394,1.2282285553356331,1
0.8388715382586918,3.921511047979172,0
0.9347647603039627,4.47471703409877,0
1.0065284619491528,4.390484559911778,0
1.8054571404504864,0.7369600865360145,1
1.8502318148872423,1.0188248294313835,1
0.4543299210995332,4.4575744228909775,0
2.5341985189860807,0.6495889878792677,1
2.0735390270797396,0.2067751925005764,1
2.050651847338304,1.0093376478380331,1
2.7396057869001,0.7922868696284235,1
-1.473149470554485,2.452775980220098,2
1.2944860519123331,4.332039289100243,0
1.7057213408385632,0.6110195315283498,1
2.2120275453090583,0.6535232673752277,1
-1.5440502141185477,3.0154659958502616,2
0.7937171912488145,3.889147020804347,0
1.9847813281538822,4.095935657064449,0
-1.5064062387702541,3.1271787613350925,2
2.0052432905084796,0.8927223433570926,1
1.853615725866316,0.7107098998191989,1
-1.5755978543267737,2.9169682575197795,2
1.8991592106050343,1.5591686031348297,1
-1.451675454596773,3.388256490887167,2
1.0846734172724495,4.045677659591633,0
0.9608543644649156,4.989634029270409,0
-1.5518765804325405,3.086285410324198,2
2.1498788825908774,0.8998145717215394,1
-1.9725358269168847,3.208221633772691,2
0.6446490703290872,4.3893425370349615,0
-2.252352703713144,3.086354369106063,2
1.396720848978572,4.023986366177626,0
1.9282999018953424,3.73896296316781,0
1.8112376498663487,3.8911568497058244,0
0.9479860140161858,4.057436664851734,0
1.2921122799950133,0.7520752398366094,1
1.2394513842335135,4.500833728953535,0
1.661852637846648,1.435547523582474,1
1.8574069759999885,0.9433617225677114,1
0.9907227190369022,4.204278013164157,0
2.471055194518383,0.6548628772890314,1
2.171475450603734,0.7052911339840964,1
-1.1165327671870717,3.212624273429209,2
-1.684518432603396,2.7651595667816755,2
1.6019342709258035,0.9758232309149536,1
-1.4607484143198928,3.252317528678304,2
1.682583525851671,0.8028660297333976,1
-2.099517617053575,3.099193490476421,2
-1.037602902206825,2.9117091488553517,2
1.4332593098358593,4.259897762984258,0
2.0144357179510264,0.7223391407921629,1
3.000116476003469,1.333313442567286,1
-1.1070369840590883,2.4898119722735785,2
1.7371975701824232,0.5913940320816984,1
1.9165603585400453,0.9701543073585276,1
1.4799641717175769,0.8937943759649412,1
-1.17757484715545,3.275610606781165,2
-1.0462764216321498,2.5468308073519754,2
-1.8253114067701692,2.8549680808276263,2
1.2109697361553136,4.0561603333196885,0
-1.3773097482055952,2.4574607515269857,2
-1.5632555155543857,2.467049970740945,2
0.6400935449748932,4.026196250500705,0
1.916931244145104,1.3030987807275003,1
1.7474205675397179,0.9266849059076292,1
-2.0341209601074173,2.8869743608694054,2
-1.782089521179358,2.5121859732706504,2
1.9766331896600007,0.40999834314847955,1
0.9840445111272644,4.493996031302344,0
1.9484014059739425,0.4792082875284333,1
2.350943505373167,0.5541916332839905,1
0.2081018189549042,4.040161620930984,0
2.4571837046461056,1.1708342361516002,1
0.25356534157118016,3.984437676462336,0
-1.7698442577507774,2.6098452728501593,2
2.270860312709986,1.3684014102063808,1
2.036656055730425,0.7175998742638795,1
0.9218435730243889,4.531743048027474,0
1.7422866161344879,4.226866782448713,0
-1.0528937056732135,2.9382762994805947,2
-1.3612481259222304,3.02273341809635,2
2.752581571415096,0.9670353314660658,1
-1.6241967904492036,2.728306584198569,2
0.8061560043726149,4.487358488588482,0
-1.606076210797323,2.697397742882519,2
0.581963779491296,3.9699557803529926,0
-1.733175396942476,3.4205060338621323,2
-1.1785041217951058,3.264522107805898,2
-1.6338826649903466,3.08068368043016,2
-1.3998348239158087,3.031457410830055,2
1.5591259892166849,0.7669233895299783,1
1.3133059534377058,4.275882912340205,0
-1.3245084633445303,2.1760779690400636,2
1.7432832439036554,0.9042359020363154,1
2.4556395708309564,0.9969854158617042,1
-1.0228310408820556,2.851418716825053,2
-1.4361871147024106,2.8239877098814876,2
1.161435911963546,4.451707345046479,0
1.8482902493156752,4.657936634684015,0
2.3153276166855266,0.9301343941799701,1
1.8372558695141084,0.8486293122607921,1
2.190709552358036,0.48252924766922445,1
1.0618837050118102,4.030814190324639,0
2.0445635453092548,1.227116372135312,1
2.4110684318319358,0.8912360162125486,1
-1.918013717583293,2.8959274949435683,2
-1.059133687620061,2.6954306928464207,2
0.7998369324557082,4.684967884511378,0
2.1049727157890263,0.4773753271531647,1
2.1047621656930757,0.5507864820777697,1
1.012087624938472,4.225354998976365,0
2.030300972129577,0.20705667589569343,1
1.2525977197885112,4.358448597489389,0
-1.9684867232118881,2.9926712876182386,2
1.6589549556559158,0.8660094979506685,1
1.9927192559183549,1.044488419779348,1
1.5918529604974234,1.4025868708105982,1
0.7681268354950255,4.318857233401263,0
2.3686269333983008,0.8370089100635535,1
2.6096939450354553,0.7843813435227426,1
-1.5559685022756409,3.7974461447166146,2
-1.343807685839187,3.3387862595499502,2
1.449268326208366,4.045432168165195,0
1.5913381343455983,4.546545685597345,0
-1.5584878611726962,3.003651790904614,2
0.8334799424711367,3.838005967225149,0
0.9401456155348974,3.9358006879173675,0
2.517096858090086,0.7486150644746722,1
2.255272792807473,1.1851544978875233,1
0.5640999416775743,3.9047186221211536,0
1.4075635241140447,1.3784508906272936,1
-1.8682765694386272,2.9944097327620756,2
0.6748410887773492,4.972310061033052,0
1.9681443274642139,0.724961324306763,1
0.4765836843340698,4.427314164538561,0
0.7220420372813593,4.24342681860988,0
0.708055418909241,4.752316296575836,0
2.1629812334468634,0.7068519569147906,1
1.3611509371069848,4.533129633201299,0
2.3053579481656743,0.5402247571947798,1
0.8653508967750612,3.7483845064906385,0
1.3509899941981032,4.912460089833582,0
-1.494893529744572,2.407893907258187,2
-1.8006068459417515,3.3565738057972085,2
0.6582029424608264,4.1552761601061245,0
1.2891132186573437,0.7610799052823378,1
-1.478317579864617,2.6970523428530293,2
-1.22276838506032,2.861206866711449,2
1.8056672537035237,1.3529554439833704,1
-1.771330904721613,2.9775353134872824,2
1.2694118484977093,4.9900956118282584,0
0.8498804813875419,4.516924147027473,0
2.2019350977511625,1.6780922104866198,1
1.8456007180117229,0.7583166952171848,1
-0.7623907952155069,2.7295597211107965,2
-1.159763735331793,3.4106954501912377,2
2.130575821522014,1.285087413651566,1
-1.4559856039545152,2.3263016842793163,2
-2.0837642781446144,2.985629961653727,2
1.7547146425216724,1.3237885111238783,1
-1.614767811773361,2.6679975478488345,2
2.033186432033819,1.2226502813017666,1
-1.977236854238731,3.168765020796091,2
1.6010065693615823,0.822424873002827,1
2.557631483063926,0.6908568699275742,1
2.274082976646426,0.9691645525201502,1
1.876094375820825,0.9682271214485285,1
1.1939076131753075,4.022653510783702,0
2.052009226609005,0.22860122409442984,1
2.410831290110122,0.771559238487904,1
1.2418604207045807,4.055311743074036,0
1.5703413469013772,4.105476268825194,0
1.565447322052473,1.1649662314759124,1
2.377687790697016,0.5315697257421518,1
1.6297174420832323,0.3838329133307947,1
-1.8853747456972505,2.931087289704657,2
2.7104076842302316,1.1235664930689542,1
2.2449598301379217,1.3242583605351017,1
1.4214760451168291,1.4101460738766858,1
2.1976216048251214,0.3234770525631797,1
1.543207991068917,0.7207984775475735,1
2.3513486972662996,0.9391262928594376,1
-1.235908296812549,2.993802627900059,2
2.3347603052824173,0.8668310627021298,1
-1.6547385698961459,2.927216653698162,2
2.0546883201623944,0.7952333481488009,1
-1.705066416137101,2.9232954541094176,2
1.361369596923626,4.758095017762567,0
1.763607492422675,1.325449858380731,1
1.242822030055041,0.8227306319265871,1
-1.534775811285024,2.704378980823953,2
-1.209473120191773,2.514150225814026,2
0.9552218186202053,4.000628247795775,0
-1.263518802258151,2.356754526354892,2
-1.336491608997976,2.8118934758050553,2
-1.3930169354668915,2.2208605427316304,2
1.6347364726662965,0.7115974295334812,1
2.528644668482441,0.9607651826860355,1
-1.706589528565655,2.255307388989646,2
1.8575802775828452,0.9299443372528912,1
0.7936762948147597,4.575949875918174,0
0.888447239673089,3.6821155690448792,0
2.1414289693848803,0.8889742031595562,1
-1.5648886048765416,3.015306886325746,2
1.166429240532127,4.457452362633605,0
1.1883226326927865,1.1672526560530694,1
-1.5247990396216298,3.1813521843769523,2
2.1413606646112884,1.3123764275188283,1
2.0903357321688625,0.43977581886525724,1
-1.357565449822324,3.0579851480867806,2
-1.3793097097496412,2.7705162633643416,2
2.023203002831172,1.2782223621462119,1
-1.8460141105382917,2.4531423649285578,2
2.214041760132351,1.2953384558774954,1
2.03471956155115,1.1379281862894575,1
1.2491115911017645,4.236048736158111,0
-1.5758611075766769,3.0598671644181685,2
2.0321582468624113,0.48879887811654016,1
0.646729092185995,4.392937765291214,0
2.450700429013395,1.1325363536474276,1
0.6435944498545705,4.571230452671981,0
1.169046093482451,4.512185432315693,0
0.7674352791080866,4.5022577018304535,0
-1.5946222849196687,3.070960726321946,2
-1.2258839259797496,3.035693970096365,2
1.991559316516024,0.6743972856587859,1
2.440961904906295,1.1865138653549328,1
-1.8127573854365688,3.6882752882294465,2
0.6199554221959174,4.276538162869092,0
2.207394910318321,1.2136460314649244,1
-1.403691345692772,2.9048520996256735,2
-2.1839138691953175,3.437112408137559,2
1.8631534564351933,0.6372138782011074,1
0.4504312792628956,3.6816038932915927,0
1.9668646907020633,1.3314461594535727,1
1.1948266402841463,4.322883812095138,0
0.7850093825521771,4.042035742198738,0
2.5321168188743646,0.16344981170795192,1
2.095416565840186,0.8880599264444544,1
-1.399125002748235,2.6309682278395377,2
1.388301297585503,4.667784452095731,0
1.9637971800801772,1.5524287867060464,1
2.215862040289321,1.110081761408912,1
-1.522409494330801,3.035757708070828,2
1.0455586300272337,4.682464653915432,0
2.2537398549323644,1.3560057827206025,1
-1.7586369389257466,3.1443986659710967,2
1.0802192437493228,4.475743604053483,0
-1.7270443607087596,3.0107468557940784,2
2.0096882920225325,0.5375356534544204,1
-1.4802883665657671,2.744649665092983,2
2.2737710007465552,0.8959084539801855,1
1.7320119693857372,1.1253150027524599,1
-2.157540923545187,3.0658806128557856,2
2.3019426953920297,1.0658684284307596,1
0.7071728726603116,3.8946038158856804,0
-1.4227224672478858,2.832204538531492,2
1.1780768643617243,4.2308827629960915,0
-1.2915518958534158,3.0146459379154322,2
1.9169346149183226,0.5208032252149304,1
-1.8209948673030876,2.5666635152558097,2
0.8083905436437133,4.520912731868619,0
1.617962124034831,0.62499647488099,1
0.9074750429991474,4.102541584369776,0
-1.480657406294211,2.981550547166628,2
-0.9325320956602557,3.2953723272137783,2
-1.2316227403523103,3.545349236888394,2
1.6742610794507105,1.7347240030983664,1
-0.7877724831172247,3.011530562701014,2
0.5316003290764884,4.643076175303694,0
1.2937917824106318,4.007882857724741,0
0.21867708067367586,4.704390743984227,0
2.1017292475083864,1.1054670333997483,1
-1.6123764919045254,2.955960063985475,2
0.6359290672731209,4.774964703076195,0
1.2628638589562668,4.352960895052207,0
2.0748537910236085,0.6723498248258721,1
-1.6179773368380828,2.7209623465103254,2
-1.4454157113489727,2.631230474664177,2
1.175009164185128,4.892718397800895,0
-1.5130798245356505,2.702582187434219,2
1.3822735013670275,1.076871684108298,1
2.359601624067415,0.8462546614698476,1
-1.337986222003333,2.8297621733914586,2
0.8407103754365974,4.182132747927985,0
1.7802505963624475,0.8309320296779391,1
0.8676612811937693,4.340451592940171,0
2.3423517437953287,0.37319477993712735,1
2.5437464053310785,0.7322951488181626,1
1.8049931028754123,1.8594019993828352,1
0.5773392191471242,4.578522459882565,0
-1.5775181849863704,2.782526394493742,2
0.6218650046782077,4.389532149929231,0
-1.2363848422072152,3.1818056774160546,2
-2.2267990676422165,2.752212360237569,2
2.472815749022288,0.5974174359184126,1
-1.1277068574580995,2.8062984073580046,2
-1.718005107875343,2.917895470541365,2
0.782249282831759,3.894696714759827,0
1.182728015803577,4.176436743958614,0
-1.8336321641665272,2.584285960037446,2
2.0171996226075004,1.0567299067141802,1
-0.8638933898085487,3.767774596186989,2
-1.4498354162274016,2.9253000487058967,2
-1.3386127372860255,2.9283933855668254,2
0.9922855596020012,4.238272979939349,0
2.1465205163979477,1.668467951338783,1
1.8617644939461424,1.622477753404515,1
0.9261232644766532,4.582126652558104,0
-1.26526364737787,2.718924598821371,2
1.0291715397976497,4.766869285241805,0
2.3982668028186027,1.6948852631543372,1
1.8713843161564274,1.1916636412031436,1
2.3996284241891024,0.2644150684380224,1
1.9283919519895538,0.2885829516645064,1
-1.3799471066795814,3.150649234084572,2
-1.4329600268405192,2.6166370767623444,2
1.5709722589249617,1.1067222605883322,1
3.0216267404653228,1.1078208088365566,1
2.4289741244659138,0.32923103351542093,1
1.215040564538653,4.299862372072668,0
1.2130131181372414,4.673812284916445,0
-1.4162624516840987,3.031179622285028,2
0.7951384136678539,3.9611968766728207,0
2.231287584940719,0.8282666820050241,1
-1.4130202184061538,2.991465994203188,2
-1.6222927816907255,3.074530173915515,2
1.8470938645089379,0.6973076908154003,1
2.2235034945713497,1.9487568133160134,1
0.8284598901026503,4.34043723775004,0
2.4252486789292287,0.6325915554082872,1
1.5605078607784342,4.409483551073533,0
2.088896607663257,0.8479250046996328,1
-1.8395630463528376,2.084265866269553,2
1.245408787708401,4.5160615114336915,0
-1.5926409381292679,2.7160675781023786,2
1.507835846483748,3.893881165940862,0
2.5191253872002792,0.8810745399850154,1
2.457208251499318,1.1091914075960982,1
1.6857455443948246,0.41734824908570944,1
-1.9181903091373627,2.9793302238399453,2
0.7031635362709563,4.39867680620474,0
1.3211312066754486,4.57220921182981,0
1.8732652157274754,1.5185181735565172,1
0.9145165891051557,3.732085242017485,0
0.8486273380094052,4.358633676793717,0
-1.2820274641419656,2.9831605015108544,2
1.9613197579370205,0.8202825813665285,1
2.200315593839217,0.17334828758018972,1
1.113975629221887,4.404068722119011,0
1.8503663197882134,0.7441764837354747,1
2.9072549813992192,0.8337172444498603,1
0.8994731430297386,4.219687793446476,0
0.5039288539897067,3.9981266088856753,0
1.837287162718911,1.3318306293299138,1
-1.2592016153085166,2.698985120145293,2
2.5723886895750256,1.2654210252695473,1
-1.4335662025207203,2.923472014350839,2
-1.8911271533971932,3.4767162610890225,2
-1.7685084803770672,3.14377661071514,2
1.451703739301347,4.32508706203314,0
0.4070574003071046,4.256599469565366,0
2.1885079151332425,0.5604558133750085,1
-1.6678123038436197,2.334478526125753,2
-1.34061315748492,2.512534036179756,2
1.9241638513806785,0.6578349483864966,1
2.07009310639364,1.0785689225575268,1
0.8497103302729281,4.676392125093138,0
-1.3959705122530517,2.702342759937257,2
1.76493769852126,1.0536332069973253,1
-1.4753965252142645,2.8711597915396085,2
2.06146565704505,0.5282822615447444,1
-1.495214054693201,2.900814871270544,2
1.6724363324881897,1.3341367012694347,1
0.5912802958972376,4.16226405057999,0
-1.746931502323047,3.2957744739586863,2
0.43699112349087643,4.325929025418506,0
1.9989966235739391,1.357997382907553,1
-1.950737835911312,2.5778576390923145,2
0.7988721434961215,4.07518398406502,0
1.222895030808957,4.358244084687504,0
0.9604804222538279,4.331479930823727,0
2.0322245690425986,0.15768555139488194,1
1.5183948748466256,1.0142074759570237,1
1.0801266889194348,4.594282483126776,0
0.8485007527553049,3.676822685633976,0
-1.0145195379076601,3.3166980669928985,2
-0.8511781515011317,2.6029381007458143,2
1.7651241414728935,0.8267065570699048,1
-1.25954235060573,2.63847773629543,2
2.4492390732324134,0.3806874897321316,1
2.1566983001816458,0.619114542544514,1
1.2967604284202012,4.430951495494338,0
1.8775865230532998,0.9270209172177388,1
1.1080190144509654,3.918997050743922,0
2.548356203964394,0.7338104754091119,1
-1.5691294390382136,2.231146358137818,2
1.406148504993987,1.2547217252300542,1
0.8301530060867331,3.9196634982788043,0
2.32532099535445,0.7872308716272762,1
1.5296583163393085,0.5942011612528881,1
0.42239701125287965,5.089047990552314,0
1.7171469360657814,3.7399798862409135,0
1.115573693293437,4.225960278130632,0
-1.934112754957996,3.451192626784562,2
1.820591788075924,4.143761464087158,0
1.0154254174601995,4.067291227268313,0
0.7700399332679426,4.14682457527697,0
2.5604994901794136,1.0512399270241253,1
1.9790283345112423,1.0263212707207932,1
2.241481089662146,0.5298809302563852,1
-1.2532682331559208,2.6575383250643645,2
1.8343952113496111,0.8843002000089758,1
2.561668685030531,1.0483737300154088,1
1.5532464821403575,3.761282361173038,0
0.02438230103358008,3.919976715965938,0
2.0298795330049906,1.334352340594751,1
0.25123682295277683,4.356720080629366,0
2.196994344003672,0.5263319825075043,1
2.3033430862209583,0.90412942064852,1
-1.0312666494220524,2.5448760925085745,2
-1.6309703654674006,3.3046399405294316,2
-1.7899291256439431,2.5607816329247814,2
0.697074112567349,4.468067606316953,0
2.2953380325517765,1.5461110990693552,1
2.0023286608913975,1.058346563344458,1
2.3270454197948753,0.7957164080700746,1
1.3835861304154555,1.365739271305673,1
2.64424565897949,1.296718822834306,1
2.0173439769607193,1.1903559222658853,1
1.3369234721419567,3.5872240628781036,0
1.4089338936454947,4.354011289225184,0
2.310444143474543,1.222107321020281,1
0.8027416554556718,4.729589527258419,0
1.3040095687898559,4.1198131198627115,0
2.1703340299530005,1.0825265522615146,1
0.6816912762481906,4.465004456110968,0
1.8647830650904975,0.7246726441799975,1
-1.6170097102793486,3.15132845224717,2
0.6105843667635451,4.580254057073312,0
1.4286961859008591,4.8339961303109416,0
0.6515313025670775,4.9710968663955315,0
1.9845265619353962,0.6060328097022192,1
2.479518533430844,0.6699242744858226,1
0.94063829119441,4.251610320491547,0
0.6015066610178053,4.672845431874288,0
1.7876714638619178,0.33658702219367,1
0.5684676342723203,4.619076597882356,0
2.062634535416575,0.9932254222827155,1
2.3812379560745915,1.1560666587401578,1
-2.018376346649157,2.668733087766122,2
2.173336784957181,0.40786896447273274,1
-1.555474178625252,2.960968634311028,2
1.8103707497488748,4.634355147895035,0
-1.567603770800429,2.9794060143672194,2
1.0343223114752331,4.768986776409333,0
0.819823124499021,5.028103714533175,0
1.3282954781841576,1.2366830478020157,1
-1.0857723216880963,3.0552919354560926,2
-1.7180884417462914,2.8031433764864784,2
-1.2324137372000419,3.2179952480892138,2
2.225103776707545,0.31389446889380646,1
-1.3702362665993777,2.8326795941862066,2
0.8941817663284324,4.001612873978766,0
-1.3643037780993441,2.882010114391762,2
1.2529905366724359,0.37498684483030853,1
2.6666048782918366,1.0283596321159918,1
2.485924923834858,1.289315107278397,1
-1.408271060022891,3.0326016924254526,2
1.2078357943359188,3.9915738416280466,0
2.061938098779059,1.11655964291953,1
-2.068256698150643,2.7781127213894017,2
2.097899769037621,1.3170000314613817,1
-2.0029375781354863,3.2197946274719165,2
1.4539987284067843,3.9989587157297737,0
1.944777292880786,0.586266214891725,1
0.7161404395404338,4.165459604400869,0
2.217194747431528,1.0977655834364588,1
2.229108538431194,1.149406230806699,1
2.420634744900546,1.2171263838779875,1
0.9427150710286447,4.442190264823991,0
1.4689664187255551,4.365697868958889,0
1.6515994939381313,1.0004761118055596,1
1.2911758629465386,3.751301762369,0
1.0259536857087679,4.1920223814476065,0
2.827683429726161,0.7668421365838985,1
2.3269837374232627,0.8441855496533897,1
0.7567154070863988,4.840685813769586,0
1.9229838881260413,1.0270485045179878,1
0.9104386702291175,3.9412756232800654,0
2.2765087219027036,0.99958906919832,1
1.1311388490409067,4.565755972098831,0
1.8927032761842957,1.5321089831939685,1
1.1350491393072277,4.173469651875854,0
2.4116693788330372,0.9606029615073706,1
2.4256591448091678,1.0765283784682351,1
-1.5840515851248351,3.029061412900977,2
1.349187411125618,3.813325268581039,0
1.1508116747649346,4.670577582037208,0
0.44252968807145476,4.365286847156322,0
1.2666405226512902,4.448472084751893,0
-1.2341924674546774,3.326540160993634,2
1.9593590156724547,0.8602602218939082,1
1.9930082198070158,0.7955410288392962,1
2.350276390006926,1.2136777442105666,1
0.922007545705081,4.326908419073662,0
